Id,BIRTHDATE,DEATHDATE,SSN,DRIVERS,PASSPORT,PREFIX,FIRST,MIDDLE,LAST,SUFFIX,MAIDEN,MARITAL,RACE,ETHNICITY,GENDER,BIRTHPLACE,ADDRESS,CITY,STATE,COUNTY,FIPS,ZIP,LAT,LON,HEALTHCARE_EXPENSES,HEALTHCARE_COVERAGE,INCOME
4729b5f7-da0f-92b0-1010-8ab2eb1930b7,2023-12-21,,999-36-9817,,,,Mariam937,Margarete324,Cummings51,,,,white,nonhispanic,F,Cambridge  Massachusetts  US,352 Konopelski Boulevard Apt 95,Boston,Massachusetts,Suffolk County,25025,02136,42.379413291809676,-71.07987240456158,8182.86,19976.25,41391
a30a963e-99bb-e9c7-6b1b-43268c2f8b76,1999-06-13,,999-58-3260,S99947415,X49318472X,Mr.,Hans694,Buck819,Lang846,,,,white,nonhispanic,M,Burlington  Massachusetts  US,537 Boyle Way,Quincy,Massachusetts,Norfolk County,25021,02169,42.19320768446329,-71.1165721915821,71133.87,19545.54,107416
1771e4f5-b3e4-5317-4176-0ae2415ddeb0,2020-06-08,2022-10-01,999-54-8546,,,,Guy979,,Crona259,,,,white,nonhispanic,M,Falmouth  Massachusetts  US,918 Strosin Gateway Suite 49,Orange,Massachusetts,Franklin County,25011,01364,42.61749231689211,-72.26450154738383,17814.10,11130.64,44485
a78dd2d2-3b23-3ae1-5158-802a69e2487d,2012-10-21,,999-96-9477,,,,Anglea614,Mardell937,Bayer639,,,,white,nonhispanic,F,Greenfield  Massachusetts  US,678 McClure Lodge,Spencer,Massachusetts,Worcester County,25027,01562,42.23112932802686,-72.02826434038553,2003.24,26316.82,19225
3f064370-e6a0-c3bc-007e-f0b269472ce7,2016-01-11,,999-24-6346,,,,Leonarda398,Fairy757,Green467,,,,white,nonhispanic,F,Springfield  Massachusetts  US,110 Larkin Trailer,Waltham,Massachusetts,Middlesex County,25017,02453,42.38261197472602,-71.20286127569624,35264.96,9284.86,48500
22471199-9b73-d8b3-d3a5-5f013a289102,1986-03-05,,999-27-8203,S99985804,X97754192X,Mr.,Marquis364,Isreal8,Swift555,,,M,white,nonhispanic,M,Brockton  Massachusetts  US,980 Mertz Center Suite 23,Danvers,Massachusetts,Essex County,25009,01923,42.566982268280185,-70.95699579180695,456209.87,302649.86,72861
408a5abc-8422-4c73-1f8b-eab376c59c39,2017-12-25,,999-92-7520,,,,Karima879,Amparo58,Schmeler639,,,,white,nonhispanic,F,Acushnet  Massachusetts  US,1018 Russel Mill,Saugus,Massachusetts,Essex County,25009,01906,42.46421369590132,-71.03665883518691,25020.94,4141.52,130158
1308d506-25d5-9583-c001-83bf3fa6ba23,1974-09-04,,999-45-4320,S99929823,X07534190X,Mr.,Garry927,,Luettgen772,,,M,black,nonhispanic,M,Peabody  Massachusetts  US,144 McKenzie Divide,Boston,Massachusetts,Suffolk County,25025,02128,42.28556174415738,-71.09940228171428,108027.76,13762.16,161504
c34b086a-72a5-c4ff-f400-f0e730b26fe9,2006-07-10,,999-66-4041,S99974721,X43736920X,Ms.,Ashleigh941,Lila466,Kerluke267,,,,white,nonhispanic,F,Natick  Massachusetts  US,365 Herzog Stravenue Apt 70,Lowell,Massachusetts,Middlesex County,25017,01854,42.631297527039564,-71.31352390690739,74659.12,16755.28,112026
be9c5b8f-4463-46ba-5883-9890348a0917,1976-01-18,,999-22-3519,S99997937,X25604233X,Mrs.,Lola232,,Bayer639,,Huel628,M,white,nonhispanic,F,Fall River  Massachusetts  US,872 Rolfson Bypass,Brookline,Massachusetts,Norfolk County,25021,02446,42.38674168362909,-71.06738413415363,13633.13,894898.09,3845
da99217f-33df-fe23-27e7-b5c49c16d579,1999-10-12,,999-78-5866,S99964228,X43539021X,Ms.,Beckie79,Raven88,Hickle134,,,,white,hispanic,F,Braintree  Massachusetts  US,111 Hermiston Green,Lunenburg,Massachusetts,Worcester County,25027,01462,42.55502215588427,-71.72932343100649,96351.50,204414.09,46702
afaa3e9c-1f38-a1da-cd56-cc6d265dd5d1,2003-08-02,,999-42-2570,S99983038,X02435774X,Ms.,Rebekah348,,Walsh511,,,,white,nonhispanic,F,Lowell  Massachusetts  US,806 Metz Arcade,Boston,Massachusetts,Suffolk County,25025,02115,42.36458870525783,-71.04057119711463,6312.52,127488.75,5589
08d8b268-ef26-cc89-8fe8-0a1e38b5964e,1970-03-08,,999-66-1525,S99924230,X08684435X,Mr.,Juan88,,Herrera193,,,S,white,hispanic,M,Salisbury  Saint Joseph Parish  DM,701 Batz Crossing,Middleton,Massachusetts,Essex County,,00000,42.65317334658406,-71.0556284635267,138874.64,22594.20,984670
ad7281d5-1585-b863-b73a-d9bc8d33b889,1957-06-02,,999-76-1401,S99982750,X78424464X,Mr.,Lucien408,Jimmie93,Satterfield305,,,S,white,nonhispanic,M,Arlington  Massachusetts  US,374 Champlin Drive Suite 97,Pittsfield,Massachusetts,Berkshire County,25003,01201,42.4334005159795,-73.25205567110571,110621.53,136381.08,38672
20ab04aa-347b-2e8a-db90-b5c22a013eb3,1961-01-09,,999-18-7086,S99947440,X23975712X,Mrs.,Tammi724,Kayla528,Davis923,,Rowe323,M,native,nonhispanic,F,Haverhill  Massachusetts  US,569 Reinger Divide,Springfield,Massachusetts,Hampden County,25013,01199,42.134160408423334,-72.62729150184897,16931.44,909849.76,20264
54e167e3-7b6e-e8f5-6f8e-c5a982b354e3,1978-08-24,,999-10-1700,S99985383,X55374656X,Mrs.,Stella203,Tonia627,Brakus656,,Huel628,D,white,nonhispanic,F,New Bedford  Massachusetts  US,858 Gorczany Approach,Millis,Massachusetts,Norfolk County,,00000,42.133235911727915,-71.40714084586044,272226.72,1179440.67,31991
1ca1d38e-411a-a00a-c1f3-b732978b2fc1,1945-12-29,,999-85-4670,S99943112,X78020580X,Mrs.,Jewel43,Arletta663,Olson653,,Balistreri607,M,black,nonhispanic,F,Boston  Massachusetts  US,1000 Doyle Bridge,Boston,Massachusetts,Suffolk County,25025,02136,42.348738817505236,-71.06683063301088,386941.23,218681.24,89472
8cee5a87-4fb9-6da6-6628-a75fc1e1d93f,1972-10-20,,999-73-5322,S99967482,X54626873X,Mrs.,Daysi106,Chantelle310,Lockman863,,Rohan584,M,asian,nonhispanic,F,Waltham  Massachusetts  US,603 Stamm Path Apt 23,Somerville,Massachusetts,Middlesex County,25017,02140,42.46792496185024,-71.14000497730082,876961.72,262321.05,39841
378e3cb2-635b-8793-a732-092fe074d92a,1974-05-03,,999-51-5257,S99944685,X99231038X,Mr.,Bob965,Oswaldo857,Mohr916,,,S,asian,nonhispanic,M,Beijing  Beijing Municipality  CN,497 Swift Gateway Suite 11,Newton,Massachusetts,Middlesex County,25017,02466,42.33220347958331,-71.247675209183,217205.04,138751.02,36175
dc65f29e-b2e6-13d2-efc0-e8eefbe3a96f,1955-01-07,2000-09-14,999-97-3258,S99926277,X43404512X,Mr.,Teodoro374,,Douglas31,,,S,asian,nonhispanic,M,Incheon  Incheon  KR,831 Murphy Way,Cambridge,Massachusetts,Middlesex County,25017,02141,42.366317620458815,-71.15025346876403,7930.60,143619.79,3674
cc181203-4e3d-3f4d-9121-e78da2a24177,1972-06-05,,999-69-4628,S99996888,X70075429X,Ms.,Lakita48,Jacquelin132,Langosh790,,,S,white,nonhispanic,F,Mansfield  Massachusetts  US,784 Stark Brook Unit 44,Holden,Massachusetts,Worcester County,,00000,42.324704684867044,-71.82992865029159,653359.86,597233.82,45405
371f375d-0df2-3d30-24e4-21b348c1595e,1973-08-18,,999-12-8464,S99972183,X19872447X,Mrs.,Iris667,Vernetta697,Daugherty69,,Stracke611,M,white,nonhispanic,F,Chelmsford  Massachusetts  US,1003 Sporer Forge Unit 15,Northwest Harwich,Massachusetts,Barnstable County,,00000,41.644798448448654,-70.11294472278638,20962.85,1014649.65,11150
b26e6e76-cec0-791d-3099-1f92dadd4478,2020-10-25,,999-26-4273,,,,Gerry91,Truman805,Nicolas769,,,,white,nonhispanic,M,Raynham  Massachusetts  US,675 Rice Tunnel,Sutton,Massachusetts,Worcester County,,00000,42.11388145132448,-71.73653486705136,8900.87,8274.52,87479
d7d202bc-40dd-f6ba-c007-29cac34d65fd,2020-06-08,,999-61-6129,,,,German382,Clinton763,Hegmann834,,,,white,nonhispanic,M,Lynn  Massachusetts  US,149 Williamson Avenue Unit 14,Orange,Massachusetts,Franklin County,25011,01364,42.57235781011277,-72.27158881422172,13592.50,0.00,44485
b57537a8-29d4-d203-d827-1437e6c50e4e,2019-03-28,,999-86-7180,,,,Isaias604,Antwan357,Gaylord332,,,,asian,nonhispanic,M,Somerville  Massachusetts  US,1002 D'Amore Track,Plymouth,Massachusetts,Plymouth County,25023,02360,41.887072589054306,-70.60557316216534,1050.00,14992.41,22506
02568867-b05d-23c4-923b-6550f7b35f7a,1950-07-15,1951-12-23,999-76-8189,,,,Robt687,Nick779,Moen819,,,,white,nonhispanic,M,Somerville  Massachusetts  US,846 Schamberger Mill,Westfield,Massachusetts,Hampden County,25013,01086,42.1235389304605,-72.74512187564487,14451.67,14704.61,68727
f547a2b8-dc72-c040-aaa3-d053607bbb04,1921-06-24,1925-04-18,999-68-6755,,,,Diana207,Amber507,Langosh790,,,,white,nonhispanic,F,Bridgewater  Massachusetts  US,540 Crona Meadow,Saugus,Massachusetts,Essex County,25009,01906,42.4373720202082,-70.99954947902243,40789.96,0.00,62575
be2d1f1b-5b17-bf23-25fa-0a88ea90009e,2000-06-05,,999-26-4136,S99962452,X00062728X,Mr.,Shelton25,Mohamed943,Schuster709,,,,white,nonhispanic,M,Shrewsbury  Massachusetts  US,646 Balistreri Parade,Worcester,Massachusetts,Worcester County,25027,01603,42.21285297601864,-71.76537764868235,5033.44,66349.06,15399
a10d81a5-3030-b945-2080-d275c015e021,2017-04-20,,999-88-2984,,,,Cherelle538,Claris36,Hickle134,,,,white,nonhispanic,F,Monument Beach  Massachusetts  US,819 Heller Boulevard,Boston,Massachusetts,Suffolk County,25025,02108,42.2467827475449,-71.09459974683942,14049.64,13232.30,120147
50dab16b-88ed-a603-68aa-ac4088352c89,2019-08-09,,999-72-1614,,,,Hortensia953,Merlene950,Heller342,,,,white,nonhispanic,F,Quincy  Massachusetts  US,732 Lynch Bridge,Norton,Massachusetts,Bristol County,,00000,41.94410464503473,-71.23072839821515,17507.04,5354.79,49555
78b71512-abcf-28c2-67d5-a2796c298bf3,2001-11-17,,999-64-7741,S99922952,X92451112X,Ms.,Lorine399,Mathilda200,Toy286,,,,white,nonhispanic,F,Berlin  Berlin  DE,539 Bartell Spur Suite 55,Ware,Massachusetts,Hampshire County,25015,01082,42.34756920284412,-72.31465390725359,254115.23,15508.62,47892
2cff4837-e74c-f44f-3f52-3b8e72f207b1,2005-03-26,2007-02-22,999-77-6356,,,,Randee35,Tyesha844,Moore224,,,,black,nonhispanic,F,Malden  Massachusetts  US,841 Mraz Forge Suite 10,Leicester,Massachusetts,Worcester County,,00000,42.28694536318466,-71.91183161769892,17875.89,4279.94,43992
c9d36c46-d1d3-0cf0-e0b1-6077a8030e16,1989-06-05,,999-51-9522,S99934831,X71806521X,Mrs.,Song837,Janene3,Emmerich580,,Cassin499,M,white,nonhispanic,F,Weymouth  Massachusetts  US,912 Frami Grove Suite 54,Melrose,Massachusetts,Middlesex County,25017,02176,42.49205400377982,-71.02816398790897,671822.09,348831.23,83218
f4904c98-8761-e68a-8700-767de27ef923,2007-11-17,,999-59-2653,S99939243,,Mr.,Emery884,Terrence276,Barrows492,,,,white,nonhispanic,M,Toulouse  Occitanie  FR,998 Carter Lane Suite 92,Cambridge,Massachusetts,Middlesex County,25017,02139,42.390635885868114,-71.09338802894668,63108.15,12679.32,113576
486728ed-ef96-c2ca-3d8f-83e080f4cc93,2023-03-12,,999-36-4893,,,,Kerrie266,Anette189,Mraz590,,,,black,nonhispanic,F,Marlborough  Massachusetts  US,1073 Kshlerin Green,Rockland,Massachusetts,Plymouth County,,00000,42.131387153650635,-70.90977897306277,17086.80,20597.31,52049
6e3d2c0f-2c73-b781-25ba-32d50c9ef891,1979-09-17,,999-68-2437,S99944681,X71551798X,Mr.,Rigoberto443,Rudy520,Schimmel440,,,M,white,nonhispanic,M,Holyoke  Massachusetts  US,751 Muller Trail,West Dennis,Massachusetts,Barnstable County,25001,02670,41.70581605779281,-70.18808512950822,108745.50,40164.37,872075
1c99bf48-95a0-7788-2273-4dccbcff2c2c,1969-09-15,,999-37-6857,S99975270,X50575685X,Ms.,Lashell363,Alba338,Raynor401,,,S,white,nonhispanic,F,Boston  Massachusetts  US,142 Yost Lodge,Leominster,Massachusetts,Worcester County,25027,01453,42.503483987302054,-71.80759289300053,19678.76,1254851.01,15003
37f4e232-e2b9-31b2-b8f4-63b14f4bd67e,1975-10-15,,999-15-8798,S99989293,X33306116X,Mrs.,Fernanda589,Evangeline16,Wolff180,,Tremblay80,M,white,nonhispanic,F,Boston  Massachusetts  US,775 O'Conner Loaf Suite 77,Seekonk,Massachusetts,Bristol County,,00000,41.81386851380878,-71.28399195690206,362738.03,707720.77,147233
e9218fbd-d13c-6113-32b6-3289d5ed3273,1978-02-18,,999-50-3037,S99939712,X20906520X,Mrs.,Dyan186,,Russel238,,Hudson301,M,black,nonhispanic,F,Seekonk  Massachusetts  US,476 Murphy Track,Methuen,Massachusetts,Essex County,25009,01844,42.66925760107035,-71.12045860703797,415514.19,112163.71,110
887bd90d-232e-c3f4-0ac6-147482a38c10,1994-04-13,,999-12-4858,S99983231,X24636537X,Mr.,Emory494,Major265,Daugherty69,,,M,white,nonhispanic,M,West Springfield  Massachusetts  US,892 Halvorson Course,Shrewsbury,Massachusetts,Worcester County,,00000,42.28877086636124,-71.68438658530943,73800.18,8146.85,71462
a8702883-b47c-daac-95f8-578a8892a313,1988-02-04,2023-09-03,999-91-1997,S99937361,X67316057X,Ms.,Teri144,Charmaine338,Powlowski563,,,S,white,nonhispanic,F,Palmer  Massachusetts  US,1058 Mayert Light Suite 92,Chelsea,Massachusetts,Suffolk County,25025,02150,42.35564095435148,-70.98927406938232,24217.56,1491206.22,12063
87bd14e1-40d6-d9a5-f646-7b5e55b2da9b,1975-05-25,,999-39-6705,S99975736,X40943534X,Mr.,Eddy900,Emery884,Kutch271,,,D,white,nonhispanic,M,Marlborough  Massachusetts  US,886 Haag Landing Apt 70,Boston,Massachusetts,Suffolk County,25025,02109,42.288966273843045,-71.0902860470199,154854.66,29062.90,27413
a80c7eda-5e28-d31e-5c34-471599e77406,2005-03-26,,999-88-1036,S99988475,X96826510X,Ms.,Jesse626,Kenyetta225,Stracke611,,,,black,nonhispanic,F,Brookline  Massachusetts  US,687 Rowe Branch Apt 8,Leicester,Massachusetts,Worcester County,,00000,42.24664898164292,-71.90560607196447,73475.59,119214.18,43992
6e809ed0-be5f-2ae5-0bff-7a96012ba03b,1951-03-04,,999-43-2853,S99976889,X78599834X,Mrs.,Masako522,,Fahey393,,Pacocha935,D,white,nonhispanic,F,Hanover  Massachusetts  US,591 Cassin Annex,Milton,Massachusetts,Norfolk County,25021,02186,42.256540753669704,-71.1096174597477,327460.15,1773854.15,191981
8af82acc-b65a-659b-d678-566bef238dd9,2014-05-03,,999-85-6327,,,,Gearldine455,Mariette443,Casper496,,,,white,nonhispanic,F,Westminster  Massachusetts  US,202 Nitzsche Quay,Holyoke,Massachusetts,Hampden County,25013,01040,42.236670107813076,-72.59896817083613,2787.62,42602.19,24105
81cceed4-235e-1775-976d-29140fa47a46,1950-07-15,,999-22-2684,S99970286,X09470047X,Mr.,Santos184,Jermaine675,Ondricka197,,,S,white,nonhispanic,M,Barnstable  Massachusetts  US,473 Armstrong Rapid,Westfield,Massachusetts,Hampden County,25013,01085,42.10463894063928,-72.73018224062314,196526.69,108258.19,68727
ac3f694c-3c79-77d1-228a-e2737736700c,1955-01-07,,999-71-6433,S99911384,X12115979X,Mr.,Richie600,Neal874,Stanton715,,,M,asian,nonhispanic,M,Daegu  Daegu  KR,1027 Bogisich Orchard,Cambridge,Massachusetts,Middlesex County,25017,02139,42.39061829583827,-71.0487600350223,14915.54,343356.93,3674
8f76eb93-1f83-61ed-bbc9-f5c731ded253,2005-09-06,,999-37-9280,S99984329,X47366445X,Mr.,Garrett899,Orlando897,Sporer811,,,,white,nonhispanic,M,Quincy  Massachusetts  US,1051 Abbott Corner Suite 28,North Attleborough,Massachusetts,Bristol County,,00000,41.98813231100072,-71.365797389258,38067.19,637707.93,90371
f0d8b7b6-9839-3877-513a-9c6cd0e422f7,1971-08-25,,999-57-5159,S99990143,X09245278X,Mr.,Vern731,Linwood526,Schmidt332,,,M,white,nonhispanic,M,Lenox  Massachusetts  US,720 Mohr Lane,Burlington,Massachusetts,Middlesex County,25017,01803,42.508349664030725,-71.2551552952713,139305.68,90204.01,31000
600f95a8-6a5f-78be-4980-0e14d37df777,2005-09-06,,999-81-3940,S99922695,X07008156X,Mr.,Lawerence6,Mac103,Welch179,,,,white,nonhispanic,M,Brookline  Massachusetts  US,151 Dibbert Gate Suite 52,Abington,Massachusetts,Plymouth County,25023,02351,42.084325325144476,-71.00268019575518,58200.03,2738.36,85341
9bf86267-f64c-f52f-009b-466c800e069c,1926-09-17,2016-07-12,999-20-8048,S99959315,X61628326X,Mrs.,Gilma310,Erna640,Goyette777,,Lemke654,D,white,nonhispanic,F,South Hadley  Massachusetts  US,543 Nikolaus Well,Framingham,Massachusetts,Middlesex County,25017,01702,42.29224594331387,-71.45848373639448,22230.91,1251100.61,20426
c01c9fd6-9f63-b462-439d-b6c83af4c445,1938-12-09,,999-67-6735,S99955712,X50915601X,Mrs.,Allison818,Verena947,Herzog843,PhD,Krajcik437,M,white,nonhispanic,F,Marlborough  Massachusetts  US,756 Beatty Skyway,Medfield,Massachusetts,Norfolk County,25021,02052,42.19636906796859,-71.27186543486265,692108.70,293779.34,118851
65b17ea4-3c42-249b-0af5-1e933ec2618e,1982-04-16,,999-87-5917,S99988089,X35994933X,Ms.,Noma845,Briana139,Hauck852,,,S,black,nonhispanic,F,Groveland  Massachusetts  US,689 Kulas Stravenue Unit 56,Malden,Massachusetts,Middlesex County,25017,02148,42.41903400314777,-71.03616250102264,129167.59,318144.21,34388
824e80e7-b919-a05f-f09f-5f9c821703cd,1924-12-24,2015-01-06,999-57-9523,S99919504,X68266732X,Mrs.,Oretha285,Arlene209,Maggio310,,Jacobs452,M,white,nonhispanic,F,Andover  Massachusetts  US,218 Swift Dam,Ipswich,Massachusetts,Essex County,25009,01938,42.66960917065135,-70.79610001651268,908546.19,414381.31,71353
c0d59ad6-f906-6818-d8bb-371a4e6d831f,2024-06-15,,999-82-9662,,,,Walter473,Karin721,Kerluke267,,,,white,nonhispanic,F,Boston  Massachusetts  US,807 Hickle Street Suite 87,Everett,Massachusetts,Middlesex County,25017,02149,42.37701674640696,-71.08251048646356,441.72,6398.34,26159
4ba7a1b2-d306-9658-a3e8-ffaa6547d285,1947-12-18,,999-45-2478,S99954859,X58416120X,Mrs.,Bernadette714,Junita557,Lehner980,,Fahey393,M,white,nonhispanic,F,Peabody  Massachusetts  US,913 Strosin Parade,Weymouth,Massachusetts,Norfolk County,25021,02189,42.22104179167655,-70.97973759876926,1052059.18,892815.37,72719
3357a758-4e05-cde7-710f-db399a157014,1968-11-12,,999-66-6361,S99952161,X02697523X,Mrs.,Yi864,Leanora120,Dibbert990,,Gulgowski816,M,asian,hispanic,F,Boston  Massachusetts  US,212 Leannon Well,Boston,Massachusetts,Suffolk County,25025,02124,42.333870282574175,-71.13824751561714,17169.22,1116156.32,15023
5183bb59-760e-f2ff-f05b-0adc2baffdcf,1997-01-03,1999-01-08,999-87-2736,,,,Bonita405,,Heaney114,,,,white,hispanic,F,Barnstable  Massachusetts  US,615 Sporer Annex,Weston,Massachusetts,Middlesex County,,00000,42.36221041359912,-71.28053926125547,13550.23,23538.01,159944
f64717ee-1e9d-20e7-0b15-b37767b56f29,1942-05-19,,999-10-5164,S99930850,X57156551X,Mrs.,Dennis979,,Spinka232,,Rath779,M,white,nonhispanic,F,Paxton  Massachusetts  US,931 Kiehn View,Boston,Massachusetts,Suffolk County,25025,02118,42.33155838074469,-71.02013342832677,30560.12,1202495.38,753
5c1af5b4-55c5-e6ef-abac-2b6387290995,2001-02-23,,999-27-4766,S99951300,X85224471X,Mr.,Andreas188,Jorge203,Sipes176,,,,white,nonhispanic,M,Lynn  Massachusetts  US,700 Labadie Mews,Boston,Massachusetts,Suffolk County,25025,02132,42.26996205807389,-71.06301143454911,85745.89,1717.63,142428
318d3822-4871-230c-8411-02b4f48ff3ac,1991-03-28,,999-95-1507,S99941160,X63716147X,Ms.,Cheree978,Adeline686,Kuhn96,,,S,asian,nonhispanic,F,Ahmedabad  Gujarat  IN,755 Mayer Gate Unit 30,Boston,Massachusetts,Suffolk County,25025,02131,42.37759345836112,-71.08258055737899,12328.00,1039179.91,12927
98e9126c-4afa-ed1c-5f6f-fd555c86041e,1977-06-25,,999-94-3691,S99914323,X44641953X,Mrs.,Ana Luisa894,,Arredondo74,,Delatorre612,M,white,hispanic,F,Marigot  Saint Andrew Parish  DM,122 Bergnaum Stravenue,Holyoke,Massachusetts,Hampden County,25013,01040,42.171616957328624,-72.65889179025301,102000.90,1435926.89,686
2c840788-0789-807c-ab65-e3c61f7694f1,1993-02-10,,999-68-9898,S99970968,X26453627X,Mrs.,Marisol435,Lola232,Roque844,,Alcala54,M,white,hispanic,F,La Paz  Baja California  MX,353 Von Landing,Boston,Massachusetts,Suffolk County,25025,02134,42.36755282329872,-71.02004865619193,220459.48,651594.57,107929
8533b0e3-001c-956d-315f-3bb9b7e4bb58,1953-09-03,2019-10-20,999-61-4597,S99975524,X26093244X,Mr.,Kendall673,Dewayne363,Moore224,,,S,white,nonhispanic,M,Lynn  Massachusetts  US,1023 Pacocha Rapid Apt 86,Fiskdale,Massachusetts,Worcester County,25027,01518,42.140022549302905,-72.12845923232678,117135.32,710983.76,147816
cffa0fc3-93c9-aedd-60d7-170b7bc0ff94,2007-08-07,,999-64-5207,S99967115,,Mr.,Nelson403,,Hermann103,,,,white,nonhispanic,M,Bedford  Massachusetts  US,799 Yost Fork,Fall River,Massachusetts,Bristol County,25005,02790,41.67634156936728,-71.01638373387829,2928.64,59991.20,6119
e86624d2-7382-cf01-c54f-982ef1f9ed40,1988-02-04,,999-30-9470,S99982497,X07591476X,Ms.,Jessenia588,Alecia465,Lindgren255,,,S,white,nonhispanic,F,Revere  Massachusetts  US,424 Stokes Gardens Unit 44,Chelsea,Massachusetts,Suffolk County,25025,02150,42.362192462254995,-71.03959198085735,15284.20,1239973.47,12063
a4fd6dca-b44f-fc99-d7c7-af51a26abe61,1954-12-29,1966-11-10,999-52-3438,,,,Rema399,Nola814,Swaniawski813,,,,white,nonhispanic,F,Łódź  Łódź  PL,181 Schoen Ranch Unit 71,Reading,Massachusetts,Middlesex County,25017,01801,42.498237455674264,-71.06983069626489,26391.19,37183.39,71076
aa742139-495d-1f98-c187-5574c89173a2,1953-04-10,2015-08-27,999-54-6965,S99968306,X13083218X,Mr.,Dane516,Dewitt635,Morissette863,,,S,white,nonhispanic,M,Brewster  Massachusetts  US,413 Quitzon Vista Apt 55,Chicopee,Massachusetts,Hampden County,25013,01020,42.10723442168208,-72.59191965984363,120853.57,237356.51,32439
1ece1bb3-0e6f-0d60-9120-84e2a56ae4f5,1990-09-02,,999-72-5999,S99969379,X29832504X,Mrs.,Nereida276,Mariann762,Effertz744,,Boyer713,M,white,nonhispanic,F,Acushnet  Massachusetts  US,451 Borer Ferry Apt 75,Webster,Massachusetts,Worcester County,25027,01570,42.00583173490471,-71.87552275822591,147325.92,593744.96,41823
e176335b-b7d9-d702-37c4-589efc73fd83,2014-07-15,,999-98-3730,,,,Daniell603,Caroline183,Wolf938,,,,white,nonhispanic,F,Longmeadow  Massachusetts  US,852 Johnson Green,Lynn,Massachusetts,Essex County,25009,01904,42.445845948556205,-70.93036835986463,38506.49,1463.66,76501
457b1802-4d99-a04a-0a7d-dc2c0dd5ecdc,1992-07-16,,999-52-1310,S99985547,X90260153X,Mrs.,Lea264,Johanne551,Rath779,,Terry864,M,white,nonhispanic,F,Pittsfield  Massachusetts  US,649 Goldner Trailer,Raynham Center,Massachusetts,Bristol County,25005,02768,41.907129216169935,-71.0748372239488,143935.38,992818.96,125497
c74b1fde-5527-e9c3-4097-548edb4bc68e,1987-02-13,,999-73-2803,S99948326,X19873978X,Mr.,Toby274,,Gibson10,,,M,white,nonhispanic,M,Halifax  Massachusetts  US,441 Bode Way,Whitinsville,Massachusetts,Worcester County,25027,01588,42.16610498402705,-71.64737762339331,140992.58,76227.01,153806
a5ef0c5b-47f3-d2de-74f7-f4b8f9c2e2d5,1997-01-03,,999-21-1495,S99940805,X40144030X,Mrs.,Roxie199,Dollie671,Langosh790,,Stark857,M,white,hispanic,F,Worcester  Massachusetts  US,815 Lind Parade Unit 58,Weston,Massachusetts,Middlesex County,,00000,42.38875362196932,-71.25976993564993,187986.77,256884.17,159944
46868a36-008b-60c9-8e45-4153c97a8cf8,1974-08-08,,999-22-3122,S99967785,X76869147X,Mrs.,Florence828,,Johnson679,,Jakubowski832,M,white,nonhispanic,F,Boston  Massachusetts  US,340 Konopelski Port Unit 13,Worcester,Massachusetts,Worcester County,25027,01583,42.24245500664142,-71.82551581583556,291832.72,727960.67,866726
51d90333-f2c8-b97f-65f7-f17cc3c44607,2009-03-11,,999-30-6213,S99965857,,,Morton637,Dana512,Hahn503,,,,white,hispanic,M,Lowell  Massachusetts  US,147 Gaylord Crossing Suite 59,Southwick,Massachusetts,Hampden County,,00000,42.02906545100924,-72.8171608177901,59845.96,0.00,46559
3489a884-3ddb-9e5e-d057-56fbaeca8c52,1996-03-16,,999-95-6807,S99932842,X64359321X,Mrs.,Eddie505,Kai187,Wilderman619,,Eichmann909,M,white,nonhispanic,F,Lawrence  Massachusetts  US,725 Romaguera Alley,Mansfield,Massachusetts,Bristol County,,00000,41.99340795438824,-71.26203060604496,120229.57,281980.30,69247
582596b6-e3e9-9e07-7dd5-451494d430f4,1967-12-25,,999-42-1545,S99932762,X21108769X,Mrs.,Golda777,Ema785,Moore224,,Konopelski743,M,white,nonhispanic,F,Revere  Massachusetts  US,173 Conroy Esplanade,Fitchburg,Massachusetts,Worcester County,25027,01420,42.56785512227531,-71.77887432692648,736591.01,137649.84,97169
dd633b3d-897d-d4fd-3fdd-3cc2bc50d542,1974-02-25,,999-79-5923,S99975756,X45669362X,Mr.,Edmund685,Donnie175,Kerluke267,,,M,asian,nonhispanic,M,Methuen  Massachusetts  US,507 Walker Orchard Apt 36,Tewksbury,Massachusetts,Middlesex County,,00000,42.63756873691128,-71.19293847631921,106895.58,25190.25,121427
8e9dfafb-14a9-a2c5-68d9-41cb88784dad,2020-11-15,,999-43-9436,,,,Lawrence741,Letty680,Buckridge80,,,,white,nonhispanic,F,Leominster  Massachusetts  US,290 Jast Crossroad,Taunton,Massachusetts,Bristol County,25005,02767,41.950595950377085,-71.13871797709815,943.77,21067.62,17053
f411f825-658c-4fb8-9da1-d37d5869aff8,1992-04-16,,999-17-4828,S99957053,X89486870X,Mr.,Joseph689,Laverne101,Grant908,,,M,white,nonhispanic,M,Northbridge  Massachusetts  US,934 Ratke Brook,Boston,Massachusetts,Suffolk County,25025,02116,42.37249058932936,-71.0198722376832,98551.29,45696.31,40350
89d1a988-72ac-441e-d174-4bb56fa2b767,1945-07-19,2010-11-17,999-56-2432,S99934985,X12121237X,Mrs.,Charlie254,Loura465,Kiehn525,,Jacobson885,D,white,nonhispanic,F,Natick  Massachusetts  US,341 Erdman Center,Dartmouth,Massachusetts,Bristol County,,00000,41.57700692819119,-71.00388897269299,101400.82,969006.09,88024
13ada0d2-3f38-53ec-fa6f-f0ac2776834a,1980-05-08,,999-20-9460,S99952271,X15313228X,Mr.,David908,Jerónimo599,Ojeda263,,,D,white,hispanic,M,Wesley  Saint Andrew Parish  DM,586 Towne Approach,Peabody,Massachusetts,Essex County,25009,01960,42.48796983918095,-70.93930873376017,87237.83,54735.11,37175
0bf9c05b-e9ab-fa2e-598b-b4919d52bc1d,1951-07-15,1999-09-06,999-68-2067,S99973712,X94938781X,Mrs.,Dennis979,Catherina275,Thiel172,,Will178,M,white,nonhispanic,F,Somerville  Massachusetts  US,455 Hermiston Park,Lawrence,Massachusetts,Essex County,25009,01843,42.67649018273223,-71.16118272797856,7982.25,310898.09,18055
c2604a57-b998-cf82-1aea-93baf1dd2d79,1983-01-26,,999-41-5980,S99984446,X22613990X,Mr.,Sal878,Hilton264,Gorczany269,,,M,white,nonhispanic,M,Lynn  Massachusetts  US,948 Grant Promenade Apt 3,Arlington,Massachusetts,Middlesex County,25017,02474,42.422427507224505,-71.13902979840502,458402.77,286328.01,76718
f0a8e5b0-0997-6e9e-da8d-6089e3c144f5,1997-07-31,,999-67-3293,S99934346,X37521555X,Mrs.,Rocio28,Eva64,Camarillo982,,Rosas160,M,white,hispanic,F,Gaudalajara  Jalisco  MX,994 Bruen Row,Peabody,Massachusetts,Essex County,25009,01960,42.55114828248093,-70.924464107965,7304.90,290231.46,18138
aeb6a304-41ef-1502-3a3c-90512e13b7b6,2011-06-30,,999-55-9194,,,,Jake169,Tyrell880,Stracke611,,,,white,nonhispanic,M,Danvers  Massachusetts  US,640 Leffler Ranch Apt 2,Revere,Massachusetts,Suffolk County,25025,02151,42.46447110122114,-70.97165253609941,44327.06,0.00,148472
42effcf3-fdb4-8703-f6f9-f5b56a517d06,1945-01-16,2025-02-17,999-56-3330,S99925772,X72437686X,Mr.,Jonah176,Nathan164,Kuhlman484,,,M,asian,nonhispanic,M,Westwood  Massachusetts  US,131 Miller Boulevard,Boston,Massachusetts,Suffolk County,25025,02113,42.3793416885562,-71.06092983577611,283500.31,147887.07,109643
31358533-2ca1-a39a-4e67-f73ea2ec098d,2009-02-15,,999-75-5890,S99981259,,,Hilary419,Shanelle862,Wolf938,,,,asian,nonhispanic,F,Northborough  Massachusetts  US,1022 Predovic Manor Suite 91,Cambridge,Massachusetts,Middlesex County,25017,02140,42.33999924601676,-71.05790494970266,58317.96,6566.00,72610
8f94838c-716c-392e-8270-74920d9e559b,1987-07-14,,999-42-9282,S99954962,X70938092X,Mr.,Jamison785,Wesley533,Legros616,,,S,white,nonhispanic,M,Mashpee  Massachusetts  US,674 Feil Row Suite 61,Everett,Massachusetts,Middlesex County,25017,02149,42.411675776101035,-71.07758451175116,135630.48,666887.23,80802
6dce10da-cacd-6949-ea0d-96abcc74d87c,1921-06-24,,999-87-5943,S99919268,X27266338X,Mrs.,Leonida214,Greta919,Johnston597,,Jaskolski867,M,white,nonhispanic,F,Cambridge  Massachusetts  US,775 Wolff Station,Saugus,Massachusetts,Essex County,25009,01906,42.43289584446656,-71.0442169451078,874072.35,1040390.81,62575
0fc5ef9d-c01a-7805-47b8-4e18b20f3e8b,1971-11-30,,999-87-3293,S99950959,X24138830X,Mr.,Geoffrey157,Bernard308,Champlin946,,,M,white,nonhispanic,M,Bridgewater  Massachusetts  US,894 Hirthe Road Suite 71,Millbury,Massachusetts,Worcester County,,00000,42.18133926576264,-71.80566516354817,131711.25,4565.05,64529
ab0359d3-da0e-914b-45b9-499ad780da5a,1938-03-12,,999-90-3020,S99970651,X86332895X,Mr.,Israel728,Corey514,Kreiger457,,,D,white,nonhispanic,M,Brookline  Massachusetts  US,1033 Watsica Fort,Fall River,Massachusetts,Bristol County,25005,02790,41.62599299967636,-71.1135789047424,240902.17,308787.28,67746
bb56268a-0064-214d-4911-415f2c22d2da,1954-12-29,,999-48-6757,S99944452,X96501262X,Mrs.,Iraida50,,Stokes453,,Morar593,D,white,nonhispanic,F,Kraków  Lesser Poland  PL,656 Schaden Harbor Apt 72,Reading,Massachusetts,Middlesex County,25017,01867,42.57699953990813,-71.063120952448,551064.52,245310.43,71076
777d6214-0cac-06ba-10a2-2deb4671b604,2017-07-10,,999-88-1774,,,,Elizebeth108,,Mosciski958,,,,white,nonhispanic,F,Boston  Massachusetts  US,526 Bednar Row,Swansea,Massachusetts,Bristol County,,00000,41.74738920055892,-71.21970263328123,25943.18,6297.19,160530
4423a2fb-0674-4574-c012-56bcb0e02916,1953-09-03,,999-97-1920,S99966136,X41479886X,Mr.,Jamison785,Marcel580,Kunze215,,,M,white,nonhispanic,M,Seekonk  Massachusetts  US,815 Bernier Ramp Unit 91,Fiskdale,Massachusetts,Worcester County,25027,01518,42.17299660944322,-72.16488332212725,135771.83,214555.16,147816
15408e48-b71a-30c6-570d-45d6a7e1bdf4,1951-01-25,2021-06-09,999-25-9931,S99938256,X26579526X,Mrs.,Irmgard696,,Terry864,,Jacobson885,W,white,nonhispanic,F,Spencer  Massachusetts  US,107 West Park Unit 46,Granby,Massachusetts,Hampshire County,25015,01033,42.27599486510594,-72.49929898851042,356857.75,809269.25,177166
ba25f78b-5735-3b22-7af1-353b6a4ea1ae,1992-04-10,,999-10-5587,S99915629,X93048682X,Mrs.,Cherry401,Marlo857,Dibbert990,,Kerluke267,M,white,nonhispanic,F,Boston  Massachusetts  US,919 Huels Stravenue,New Bedford,Massachusetts,Bristol County,25005,02744,41.65248332065246,-70.9102631302089,63537.21,467022.10,24361
d9492b8a-dc7e-8b04-ac3f-12a6e238e7c7,2015-11-27,,999-30-5839,,,,Gail741,Abe604,Von197,,,,white,nonhispanic,M,Attleboro  Massachusetts  US,230 Johnson Byway,Braintree,Massachusetts,Norfolk County,25021,02184,42.242631626636204,-71.03508342550228,39757.05,11341.62,121105
94e4447a-a365-db00-193b-ea5d16175ae8,2018-08-16,,999-45-8206,,,,Wilton999,Dudley365,Hyatt152,,,,white,nonhispanic,M,Boston  Massachusetts  US,1063 Ullrich Course,Chicopee,Massachusetts,Hampden County,25013,01022,42.114001225286984,-72.58912867497605,23000.74,362.99,75112
e3194680-b527-1e28-10aa-d648f5e84cbd,1956-10-28,,999-33-1022,S99967588,X05562216X,Mr.,Lionel365,Danny396,Moen819,,,M,white,nonhispanic,M,Wareham  Massachusetts  US,929 Gleichner Annex Unit 35,Florida,Massachusetts,Berkshire County,,00000,42.72671907217419,-73.0293186750682,10551.28,164800.70,10927
81ba9c48-38e3-deb8-4423-ca0c2133f791,1926-09-17,,999-25-7295,S99953350,X55480131X,Ms.,Marlo857,,Kuhlman484,,,S,white,nonhispanic,F,Easthampton  Massachusetts  US,156 Schumm Dam Unit 79,Framingham,Massachusetts,Middlesex County,25017,01702,42.30001462496435,-71.48940849022877,58296.49,1261055.10,20426
1fc390a3-d9d2-411b-a738-491546b846c0,1953-08-02,,999-93-9624,S99934708,X78342881X,Mr.,Miquel905,Kurt412,Effertz744,,,D,white,nonhispanic,M,Cambridge  Massachusetts  US,988 Swaniawski Trafficway Apt 61,Wareham Center,Massachusetts,Plymouth County,,00000,41.7378163695642,-70.6880168909804,202494.02,60081.81,36423
c337cb22-81f9-fe29-614d-44968bf60f83,1988-12-05,,999-20-4428,S99978009,X08895773X,Mr.,Toney527,,Schaefer657,,,M,white,nonhispanic,M,North Andover  Massachusetts  US,744 Murphy Lock,Scituate,Massachusetts,Plymouth County,25023,02066,42.183102973702475,-70.75202649448467,86616.63,9730.12,775345
73c39b6e-782c-1c19-9f4b-e41aaf9769b1,1972-01-12,,999-70-2914,S99992192,X40839731X,Mrs.,Carmen818,,Suárez24,,Partida347,D,white,hispanic,F,San Juan  Puerto Rico  PR,102 Franecki Common Apt 21,Springfield,Massachusetts,Hampden County,25013,01103,42.09715805076408,-72.55290108171818,14371.64,634669.90,8721
3f35fdda-8785-3330-e0e6-65f3b4b4a8d8,1994-10-23,,999-73-2537,S99927957,X27417784X,Mrs.,Corie618,Maryalice613,Walker122,,Kirlin939,M,white,nonhispanic,F,Boston  Massachusetts  US,156 Hessel Esplanade,Ware,Massachusetts,Hampshire County,25015,01082,42.28209816827658,-72.28552029554336,176127.06,630334.19,76939
8f60445c-0e74-9e76-dba4-74deb290868f,1953-04-18,1995-12-24,999-65-7366,S99954146,X57172941X,Mrs.,Deanne837,Khadijah960,Bahringer146,,Legros616,D,white,nonhispanic,F,Brookline  Massachusetts  US,478 Green Parade Unit 30,Taunton,Massachusetts,Bristol County,25005,02780,41.89462007283359,-71.02284494713238,84267.95,1523208.19,133260
64819197-81ed-add0-20d8-1bcc4c0ab003,2003-11-30,,999-36-8167,S99918331,X22280093X,Ms.,Ginger664,Dori98,Powlowski563,,,,white,nonhispanic,F,Lowell  Massachusetts  US,717 Welch Boulevard Apt 58,Plymouth,Massachusetts,Plymouth County,25023,02360,41.894171942561,-70.62263985814431,100807.06,151421.07,70469
857916ac-3ba0-2ef2-236f-c5e2f2357b5e,1961-10-15,2004-02-29,999-22-5600,S99929756,X89820901X,Ms.,Jeanine128,Allena79,Bergnaum523,,,S,white,hispanic,F,Plymouth  Massachusetts  US,374 Stroman Pathway Apt 74,Lynnfield,Massachusetts,Essex County,25009,01940,42.486251234476114,-71.06145210577317,1017116.27,223005.51,66897
2406ef2d-56b3-ec73-ec18-b5e341a7a2dc,1951-07-15,,999-86-6543,S99980228,X61551974X,Ms.,Arnette709,Lenita591,Romaguera67,,,S,white,nonhispanic,F,Holyoke  Massachusetts  US,141 Abbott Alley Suite 58,Lawrence,Massachusetts,Essex County,25009,01843,42.715460891350844,-71.11657098042345,25925.52,1495426.56,18055
f41c30ca-8ffb-2971-bacf-0c2881f4d5d8,1945-01-16,2017-10-25,999-65-5972,S99914967,X48625833X,Mr.,Quinn173,Sergio619,Pouros728,,,S,asian,nonhispanic,M,Amherst  Massachusetts  US,771 Hand Meadow Unit 57,Boston,Massachusetts,Suffolk County,25025,02110,42.2358087996819,-71.09861742763665,172243.31,80077.58,109643
a7eeb982-be04-3add-725a-4b7324ed1044,2015-09-24,2017-09-21,999-55-2570,,,,Elenora790,Anh979,Barrows492,,,,white,nonhispanic,F,Westfield  Massachusetts  US,255 Jones Bridge,Bedford,Massachusetts,Middlesex County,25017,01730,42.45595061123012,-71.31122609365632,7622.59,16209.04,65216
803be5c1-811b-619a-ac1c-7fd37ac6ccc4,1981-08-04,,999-94-6162,S99985551,X39607829X,Mrs.,Barbera53,Patsy569,Kulas532,,Stehr398,D,white,nonhispanic,F,Somerset  Massachusetts  US,675 Koelpin Divide,Millis-Clicquot,Massachusetts,Norfolk County,,00000,42.21395516529755,-71.32179505447309,436805.05,260110.99,81135
244965ac-b2e3-befb-3aa5-5a5d922de19c,1973-06-05,,999-85-6092,S99926329,X58909094X,Mrs.,Freda902,Bea654,O'Conner199,,Wisozk929,M,other,nonhispanic,F,Palmer  Massachusetts  US,1053 Schmeler Vale Unit 18,Wrentham,Massachusetts,Norfolk County,,00000,42.008149344155,-71.36832466393236,851774.52,668417.83,58849
4eb9e0c7-d584-eed7-ba2f-f0ed3f3ad893,2025-06-18,,999-95-5327,,,,Lyle846,,Parker433,,,,asian,nonhispanic,M,Beijing  Beijing Municipality  CN,658 Prosacco Union Suite 15,Boston,Massachusetts,Suffolk County,25025,02131,42.347360459555695,-71.02532550100734,452.54,6463.12,874
23ce86f9-ef53-5e89-90fb-027b54d327ae,1989-06-07,,999-23-9008,S99923724,X57658959X,Mrs.,Idell650,Melina208,Bosco882,,Bergnaum523,M,white,nonhispanic,F,Westford  Massachusetts  US,352 Murazik Quay Apt 30,Quincy,Massachusetts,Norfolk County,25021,02186,42.219167490541544,-71.01541835093094,467521.15,776080.00,71604
d207c6b4-4ba4-b2cd-23f7-4a69d1ed647d,1983-01-25,,999-84-4229,S99959836,X94584671X,Ms.,Audie868,Carita426,Mann644,,,S,white,hispanic,F,Manchester-by-the-Sea  Massachusetts  US,283 Stark Branch Apt 21,Nantucket,Massachusetts,Nantucket County,25019,02554,41.282024242101656,-70.06965609955657,36162.79,1150647.19,62563
4e86bd6d-b70b-9bad-7b20-6c111afd675d,1953-12-10,,999-87-7220,S99945470,X15117359X,Mrs.,Joaquina124,Marlys304,Haley279,,O'Connell601,M,white,nonhispanic,F,Waltham  Massachusetts  US,937 Rice Heights Suite 79,Pembroke,Massachusetts,Plymouth County,,00000,42.069053502518635,-70.79599168102101,578254.07,131371.00,52640
05a9b14b-6a81-dede-e37e-3cb81bd86004,1960-04-05,,999-91-4068,S99961619,X70115709X,Mrs.,Cheryl605,Cherilyn114,Stark857,,Upton904,D,white,nonhispanic,F,Waltham  Massachusetts  US,111 Satterfield Trafficway Unit 30,Mansfield,Massachusetts,Bristol County,,00000,41.97480859546527,-71.18816556265243,802517.76,134837.60,107561
ab2b1ccb-b264-7602-bf2d-36c7889d25a8,1972-11-08,,999-82-1597,S99945599,X63433456X,Mr.,Marlon619,Filiberto722,Bechtelar572,,,M,white,nonhispanic,M,Worcester  Massachusetts  US,448 Murazik Glen Unit 53,Acushnet Center,Massachusetts,Bristol County,,00000,41.6741943198916,-70.92673099303857,198331.42,95716.73,137388
4cb982b3-e674-a35f-ac91-fef4a4962a30,1987-07-03,,999-88-2717,S99929638,X40285646X,Mr.,Jordan900,Don899,Heller342,,,D,white,nonhispanic,M,Boston  Massachusetts  US,444 Lemke Lodge Suite 26,Boston,Massachusetts,Suffolk County,25025,02124,42.320188056334615,-71.05112217550456,6750.84,94902.25,13940
0ae6414d-b62f-8793-d426-1c2c55bf5676,1962-07-15,,999-55-3231,S99936373,X75289318X,Mrs.,Agripina633,Terry864,Fritsch593,,Gottlieb798,M,white,nonhispanic,F,Westfield  Massachusetts  US,679 Bins Club Apt 89,Lynn,Massachusetts,Essex County,25009,01901,42.50592211617896,-70.874831811478,644693.13,167369.14,91333
70eaf64a-d84e-607d-3299-481971f4af6b,2015-09-24,,999-17-9748,,,,Bernardine460,Blythe746,Satterfield305,,,,white,nonhispanic,F,Woburn  Massachusetts  US,715 Fay Common,Bedford,Massachusetts,Middlesex County,25017,01730,42.46802549339725,-71.32125330128353,27218.33,19450.20,65216
b54ec2ae-364d-eaf8-e739-e03e1a814387,1987-09-08,1994-08-17,999-98-1993,,,,Annamae625,Pok428,Williamson769,,,,white,nonhispanic,F,Attleboro  Massachusetts  US,274 Boyer Camp Suite 65,Malden,Massachusetts,Middlesex County,25017,02148,42.38300802990518,-71.097322095462,11601.11,37617.24,65007
61bcdb11-28d2-83a3-0819-a8777758b39b,2011-12-29,,999-53-6958,,,,Chester802,Florencio463,Jacobs452,,,,white,nonhispanic,M,Fall River  Massachusetts  US,1059 Mante Crossroad,Whitman,Massachusetts,Plymouth County,,00000,42.0849587696394,-70.90907014467881,38206.41,120.38,92488
f50a3bd0-8244-e889-38dd-c42302e3f406,1951-08-07,2021-04-27,999-88-8186,S99951876,X47329432X,Mr.,Joel444,Long300,Franecki195,,,S,white,nonhispanic,M,Boston  Massachusetts  US,350 Blanda Camp,Everett,Massachusetts,Middlesex County,25017,02148,42.43194416565009,-71.03046951503333,250897.25,1665084.42,32764
7c2db2c5-f918-daee-37bf-72ff018b8574,1996-04-27,,999-87-5823,S99988979,X59687701X,Mr.,Josef103,Clair921,McLaughlin530,,,S,white,nonhispanic,M,Chilmark  Massachusetts  US,1040 Durgan Neck,Beverly,Massachusetts,Essex County,25009,01915,42.547178974007046,-70.8876549707222,59977.00,6959.01,82617
0ec34fab-a464-3d5d-bacb-f869d7e6a2ab,1951-01-25,,999-27-2192,S99932493,X08108737X,Mrs.,Marva153,Sheree902,Koch169,,Jakubowski832,W,white,nonhispanic,F,Watertown  Massachusetts  US,637 Mosciski Fork Suite 68,Granby,Massachusetts,Hampshire County,25015,01033,42.1992996074616,-72.46542022423515,324044.08,817436.03,177166
fb3bc2bc-3cca-9546-6a75-fcb164f1aa39,1974-03-27,,999-65-8571,S99982633,X15237038X,Mrs.,Hyun970,Irene779,Friesen796,,Wiegand701,M,white,nonhispanic,F,Boston  Massachusetts  US,357 Hermiston Rapid Unit 53,Boston,Massachusetts,Suffolk County,25025,02127,42.34756643884534,-71.12677556624593,240221.22,476641.35,139597
f01f9fb8-7551-f318-b7af-d869f201541a,2010-06-13,,999-21-7817,S99984398,,,Romeo514,Morris740,Skiles927,,,,white,nonhispanic,M,Amherst  Massachusetts  US,171 Stark Heights Unit 2,Littleton,Massachusetts,Middlesex County,,00000,42.57200154556018,-71.50650588336389,54499.96,14623.79,127094
aa1b13d2-bde6-e377-cfb5-57e822a870a2,2004-07-16,,999-50-7738,S99912858,X11412951X,Mr.,Francisco472,,Kuphal363,,,,white,nonhispanic,M,Shirley  Massachusetts  US,458 Parker Lane Suite 25,Paxton,Massachusetts,Worcester County,,00000,42.279173956063936,-71.94180499163058,61030.24,5715.26,181988
8e5fce7a-edb6-dba9-6c2d-ae8e75921337,1958-05-06,,999-88-9773,S99910162,X05023757X,Mrs.,Annamae625,Ayana300,Smitham825,,Waelchi213,M,white,nonhispanic,F,Brookfield  Massachusetts  US,158 Hermiston Row Unit 37,Otis,Massachusetts,Berkshire County,,00000,42.18057997243488,-73.04942054098933,217554.36,965939.33,25684
854b9564-06fc-4ba5-51f7-98a443a13606,1997-04-29,,999-26-9705,S99971561,X49077705X,Ms.,Shakira391,Hannah56,McClure239,,,S,white,nonhispanic,F,Acushnet  Massachusetts  US,429 Ferry Parade,Holyoke,Massachusetts,Hampden County,25013,01040,42.249318761688905,-72.59464770732771,105417.16,67642.83,64371
963bd85e-4bd8-5f3e-ba93-ff71dd38a1b5,1988-10-01,,999-99-7709,S99940496,X13498339X,Mr.,Marcellus830,,Crooks415,,,S,white,nonhispanic,M,Gill  Massachusetts  US,344 Jacobs Orchard,Scituate,Massachusetts,Plymouth County,25023,02066,42.246914430946084,-70.76586273379793,63752.44,26940.63,175153
87312463-aa83-b958-d8a5-a2a71182bc27,2013-10-22,,999-65-9982,,,,Whitney250,Erik495,Rowe323,,,,white,nonhispanic,M,Brookline  Massachusetts  US,162 McClure Ramp,Marblehead,Massachusetts,Essex County,25009,01945,42.50867002686814,-70.87650195175424,26022.48,1825.88,113132
9a742c57-7e02-a4a4-bbb8-ab2d199881b8,1992-05-31,,999-91-3824,S99924299,X75500653X,Mrs.,Jacquetta148,Luna60,Kerluke267,,McDermott739,M,asian,nonhispanic,F,Watertown  Massachusetts  US,224 Nitzsche Dam,Burlington,Massachusetts,Middlesex County,25017,01730,42.49638372844911,-71.26610585253174,142183.66,266751.53,89286
29c09b84-0682-3e5c-86ef-c72d36ea097a,1995-07-12,,999-79-6887,S99998236,X59858692X,Mr.,Brady998,Cedrick207,Jakubowski832,,,M,white,nonhispanic,M,Fall River  Massachusetts  US,831 Koss Rue,Somerville,Massachusetts,Middlesex County,25017,02143,42.413211673549924,-71.08149968408075,75933.19,5250.26,82161
2da62a8d-0fd0-074e-2e90-8a71d5e5f51e,1977-10-20,,999-81-6371,S99930050,X92382786X,Mrs.,Meagan221,Lynell252,Paucek755,,Koepp521,M,white,nonhispanic,F,South Amherst  Massachusetts  US,718 Predovic Throughway,Rutland,Massachusetts,Worcester County,25027,01543,42.413602026502154,-72.00349538736157,342798.09,236230.44,81143
ddb2e400-abde-de77-57f6-1eb3422dbbc4,1961-10-15,,999-71-3473,S99924394,X54562563X,Mrs.,Deborah357,,Yundt842,,Jast432,M,white,hispanic,F,Bliss Corner  Massachusetts  US,760 Stoltenberg Mill Unit 36,Lynnfield,Massachusetts,Essex County,25009,01940,42.49126691364733,-71.00479092815903,575354.28,395276.94,66897
7a35ca9a-2114-5917-ddf4-ac519e0e36c2,1953-04-10,,999-20-1728,S99913099,X03730503X,Mr.,Tony646,Clay913,McClure239,,,D,white,nonhispanic,M,Rutland  Massachusetts  US,299 Hagenes Fork Apt 90,Chicopee,Massachusetts,Hampden County,25013,01013,42.209207986887996,-72.55209267407801,150601.45,174046.63,32439
98c0cb44-8fac-41ea-c700-cb03fe62cce8,1987-09-08,,999-40-7721,S99984481,X08136063X,Mrs.,Krystin400,Jaimie425,Gerhold939,,Hermiston71,D,white,nonhispanic,F,Monson Center  Massachusetts  US,765 Tillman Haven,Malden,Massachusetts,Middlesex County,25017,02155,42.42122661031017,-71.10472862985344,506440.25,300397.95,65007
bd1755c8-70a0-6127-7b38-a82de839dca4,1945-04-17,2003-09-21,999-67-2458,S99998743,X78352598X,Mrs.,Hoa730,Anna632,Boyle917,,Harris789,M,white,nonhispanic,F,Belchertown  Massachusetts  US,976 Boyer Trafficway,Baldwinville,Massachusetts,Worcester County,25027,01436,42.56488398979468,-72.12943939888369,368336.06,1252810.50,138274
134f5faa-8942-cb86-b8ee-7732d2f64af0,1953-04-18,,999-96-9172,S99948336,X27246490X,Ms.,Vanetta255,,Marvin195,,,S,white,nonhispanic,F,Ipswich  Massachusetts  US,975 Cummings Highlands,Taunton,Massachusetts,Bristol County,25005,02767,41.888443605292515,-71.10321076507164,353811.02,738288.11,133260
7341612d-25e3-3a53-cb25-741e6112386e,1973-11-19,2021-08-19,999-90-5338,S99992059,X17008491X,Mr.,Bradford382,Salvatore257,Tromp100,,,S,white,nonhispanic,M,Greenfield  Massachusetts  US,462 Cruickshank Run Unit 18,Malden,Massachusetts,Middlesex County,25017,02148,42.38707523993743,-71.0211363856404,119465.60,320474.48,118810
5160b587-d26f-b523-0b64-910b1559ebc5,1962-12-31,,999-29-7673,S99997644,X48003878X,Mr.,Robt687,Kevin729,Parker433,,,M,white,nonhispanic,M,Blackstone  Massachusetts  US,513 Abshire Neck Unit 7,Weston,Massachusetts,Middlesex County,,00000,42.37421103468887,-71.2876628241245,108447.81,113984.66,634488
22e0c4fe-e8e3-5be2-904a-fc9063de6c32,1945-01-16,2009-08-22,999-40-7833,S99954831,X88396526X,Mr.,Cedric746,Erik495,Sawayn19,,,M,asian,nonhispanic,M,Maynard  Massachusetts  US,442 Bahringer Loaf Apt 40,Boston,Massachusetts,Suffolk County,25025,02126,42.31912178026518,-71.07174898827255,251812.82,0.00,109643
375a3588-67a4-9989-1000-d4ced240c28c,2002-06-12,,999-63-8312,S99994004,X22047828X,Mr.,Zachary28,Anthony633,Ebert178,,,,white,nonhispanic,M,Lynn  Massachusetts  US,974 Metz Union Apt 74,Bourne,Massachusetts,Barnstable County,25001,02532,41.78279989496658,-70.62421798810703,41754.26,8662.36,27351
ab23f368-3add-80de-194d-e46f7f99f9f0,1945-07-19,,999-69-5473,S99966093,X05323430X,Mrs.,Erlene813,,Weissnat378,,Stoltenberg489,M,white,nonhispanic,F,Spencer  Massachusetts  US,985 Orn Mall Suite 93,Dartmouth,Massachusetts,Bristol County,,00000,41.54611452819757,-70.97265435295034,704182.42,1790457.45,88024
6277035a-9447-64fc-61a8-b6187a287684,1967-01-25,,999-88-1022,S99991450,X45618340X,Mr.,Jamaal34,Otis335,Brekke496,,,M,white,nonhispanic,M,Salem  Massachusetts  US,269 Kautzer Parade,Rehoboth,Massachusetts,Bristol County,,00000,41.89316603655671,-71.26397001495003,130953.44,15278.18,131105
b2c45204-e90b-de99-291b-1623dc30f0ca,1996-08-16,,999-10-3493,S99985546,X01947819X,Mrs.,Tameika522,,Bahringer146,,Prosacco716,M,white,nonhispanic,F,Hopedale  Massachusetts  US,134 O'Hara Club,Harwich,Massachusetts,Barnstable County,,00000,41.69215021906908,-70.10544162354769,144932.59,642490.77,45091
2064cf5b-034c-780a-68a0-30d1cd97a4dc,1994-07-24,,999-30-1980,S99971778,X17059391X,Mr.,Lane844,,Bogisich202,,,M,black,nonhispanic,M,Boston  Massachusetts  US,725 Olson Viaduct,Whitman,Massachusetts,Plymouth County,,00000,42.1044812850126,-70.97031737638643,89300.48,13310.49,49788
7c117f11-40c3-bee4-3a69-fa9c327d9eda,1979-08-31,,999-17-3732,S99994741,X77785214X,Mr.,Hollis7,,Heathcote539,,,S,white,nonhispanic,M,Haverhill  Massachusetts  US,493 Hirthe Haven,Abington,Massachusetts,Plymouth County,25023,02351,42.1180903263902,-70.92312108923629,71401.54,11240.99,192606
9f713892-f123-6953-e7d6-e435b51d3a8f,1950-01-25,,999-73-7575,S99940347,X65675004X,Ms.,Lorina403,Aleen595,Runolfsson901,,,S,white,nonhispanic,F,Somerville  Massachusetts  US,761 Leannon Hollow,Quincy,Massachusetts,Norfolk County,25021,02171,42.28691532175113,-71.02869637806631,18023.10,333829.85,14860
76da40d7-00f4-c98b-0cfe-ff56178c7dbe,1955-10-23,,999-74-2247,S99959983,X53664862X,Mrs.,Illa976,,Haag279,PhD,Kshlerin58,M,white,nonhispanic,F,Methuen  Massachusetts  US,598 Johns Highlands,Haverhill,Massachusetts,Essex County,25009,01832,42.748808897852086,-71.0425047095888,333416.24,628335.70,158485
25ec0357-009a-3f23-710e-f08a7f7d4841,2004-06-02,,999-10-9139,S99919488,X17219563X,Mr.,Tyrell880,Henry768,Gerlach374,,,,asian,nonhispanic,M,Norton  Massachusetts  US,542 Schowalter Rue Suite 51,Bellingham,Massachusetts,Norfolk County,25021,02019,42.059793039050724,-71.45306049899538,66807.29,4788.37,100139
9bd5e597-2138-fcd8-b7d7-181e855846c6,1995-12-04,,999-63-9840,S99957935,X25813619X,Mr.,Houston994,Lon587,Bailey598,,,M,white,nonhispanic,M,Brockton  Massachusetts  US,610 Schulist Skyway,Georgetown,Massachusetts,Essex County,,00000,42.68086644200854,-70.94278642503183,78539.29,1849.02,149772
2ac0cf74-0fcc-60f7-9428-e189efea2029,1978-10-09,,999-26-8786,S99913167,X16094896X,Ms.,Esperanza675,Glennis930,Glover433,,,S,white,nonhispanic,F,Watertown  Massachusetts  US,702 Wilderman Highlands,Bedford,Massachusetts,Middlesex County,25017,01730,42.49402107114156,-71.30087782820534,73001.02,522047.26,95638
07373024-29dd-9486-5bf9-8d2682509320,2023-05-31,,999-60-3860,,,,Shelton25,,Will178,,,,white,nonhispanic,M,Boston  Massachusetts  US,898 Parisian Byway,White Island Shores,Massachusetts,Plymouth County,,00000,41.769884626863124,-70.59196836831792,12947.21,2919.97,889440
47f39d96-f95c-61a1-0d7a-fa3686dbe5a2,1984-09-17,,999-40-4182,S99963462,X33141284X,Mr.,Mary779,,Kihn564,,,M,white,nonhispanic,M,Dedham  Massachusetts  US,641 Koelpin Street Suite 67,Peabody,Massachusetts,Essex County,25009,01940,42.505719270677794,-71.05736074460314,107710.31,5525.71,47926
01df33fc-b4ae-a187-4210-f6c2d8b5a630,1970-04-21,1991-03-26,999-35-8130,S99939991,X98491385X,Mr.,Isiah14,Lorenzo669,Hills818,,,,white,nonhispanic,M,Windsor  Massachusetts  US,956 Rodriguez Road,Yarmouth Port,Massachusetts,Barnstable County,25001,02675,41.68272785047092,-70.22149942852992,5050.00,43882.55,20683
1f8f5b9b-85e7-9743-ecd2-8457e9631518,1966-05-22,,999-72-6352,S99976054,X70646417X,Ms.,Lala778,,Stamm704,,,S,white,nonhispanic,F,Boston  Massachusetts  US,512 Cartwright Frontage road,Yarmouth,Massachusetts,Barnstable County,,00000,41.65683015892024,-70.26281429298014,657631.53,255878.23,44902
dca84678-f164-3f25-0552-592fcebc1b5e,1972-09-10,,999-46-6516,S99943559,X44617736X,Mrs.,Nevada145,,Bashirian201,,O'Conner199,D,white,nonhispanic,F,Natick  Massachusetts  US,867 Parisian Brook,Seekonk,Massachusetts,Bristol County,,00000,41.853701638718576,-71.34892067896267,259400.12,558436.34,266413
3ef74c6b-a6d3-48f1-c045-074316d89e11,2014-02-27,,999-66-1327,,,,Lilia791,Guillermina633,Guardado953,,,,white,hispanic,F,Ponce  Puerto Rico  PR,862 Mante Skyway,Winthrop,Massachusetts,Suffolk County,25025,02152,42.348518030783204,-70.98635073449066,32433.92,0.00,126010
6d374da0-39d1-0c51-df8d-becb36cb782d,2021-07-14,,999-82-5683,,,,Haydee844,Nilda678,Lindgren255,,,,white,nonhispanic,F,Springfield  Massachusetts  US,735 Ruecker Ville,Beverly,Massachusetts,Essex County,25009,01915,42.55391172635686,-70.8184541118362,7032.69,7242.55,29969
3c8ecace-17a9-4fd3-f6cb-bcec7b805bb2,1973-11-19,2007-12-27,999-58-3513,S99988955,X11858990X,Mr.,Cristopher265,Valentine262,Schumm995,,,M,white,nonhispanic,M,Newton  Massachusetts  US,741 King Wynd Unit 76,Malden,Massachusetts,Middlesex County,25017,02148,42.44388619305377,-71.06171084256718,115424.86,41260.45,118810
e3e5c482-4f81-04c1-4003-fb5f5f5addb6,2002-03-15,,999-20-8617,S99990208,X68275703X,Mr.,Modesto621,Hyman89,Schumm995,,,,white,nonhispanic,M,Lakeville  Massachusetts  US,919 Zulauf Underpass Unit 48,Amesbury,Massachusetts,Essex County,25009,01913,42.85052355054704,-70.92604516808214,383546.21,299305.46,72007
12b8b772-3da6-aadf-519f-41df72ee205c,1994-07-21,,999-14-6680,S99949230,X08469681X,Mrs.,Vernon254,Epifania219,Hansen121,,Klein929,M,white,nonhispanic,F,North Adams  Massachusetts  US,952 Stoltenberg Park,Scituate,Massachusetts,Plymouth County,25023,02066,42.224518148078594,-70.76381855340485,459598.22,0.00,77544
8e9755c8-8b08-c956-fc41-c5a556199dd7,2018-04-14,,999-29-9515,,,,Barbara209,Hulda44,Gibson10,,,,native,nonhispanic,F,Plymouth  Massachusetts  US,122 Flatley Crossing,Boston,Massachusetts,Suffolk County,25025,02115,42.27811140908766,-71.0079098016813,22654.66,7186.78,65678
d66e07cb-deee-82a9-ddae-b88cc5406717,1995-12-03,,999-85-5666,S99917649,X00009698X,Mr.,Raymon366,Rex53,Boehm581,,,M,white,nonhispanic,M,Freetown  Massachusetts  US,115 Ruecker Rest,Gloucester,Massachusetts,Essex County,25009,01930,42.6220551548888,-70.72534978276946,7397.45,120741.19,10154
ef1eb818-8faf-adc5-334a-958de61811fc,1988-02-18,,999-45-6927,S99982743,X72886333X,Mrs.,Ai120,Janeth814,Dicki44,,Quigley282,M,white,nonhispanic,F,Brockton  Massachusetts  US,1078 Macejkovic Center Apt 30,Lexington,Massachusetts,Middlesex County,25017,02420,42.43056471396352,-71.20077162766296,279540.86,1265600.88,141958
49569fed-f574-14fd-100e-a1d5f1f0b6be,1961-05-10,2026-07-20,999-23-4353,S99965094,X51624733X,Ms.,Magali989,Claudia969,Lind531,PhD,,S,white,nonhispanic,F,Framingham  Massachusetts  US,240 Klein Gate Apt 58,Westwood,Massachusetts,Norfolk County,,00000,42.253431677472214,-71.22437714455766,294350.94,817535.92,986316
06a10647-fb56-4478-d5a7-e75dac3472e4,1986-05-02,,999-63-3403,S99941880,X09179755X,Mrs.,Julieann172,,Watsica258,,Goyette777,M,hawaiian,nonhispanic,F,Needham  Massachusetts  US,343 Haag Wall Apt 38,Worcester,Massachusetts,Worcester County,25027,01606,42.396553165590475,-71.77947719087992,13838.40,593528.10,4931
55441ce8-ecf1-974d-54f3-2d368d9dcc6f,1977-05-16,,999-34-4069,S99964878,X75872483X,Mr.,Kieth891,Dominique369,Corkery305,,,M,white,nonhispanic,M,Marlborough  Massachusetts  US,139 Volkman Wynd,Easton,Massachusetts,Bristol County,,00000,42.05304968963467,-71.09956058289075,71440.59,19217.07,64054
69c3ade2-65b8-0e51-772b-82e1544f4ef4,1972-12-16,2001-11-08,999-51-2998,S99977492,X93854111X,Mrs.,Liana375,Pearly845,Ullrich385,,Leannon79,M,hawaiian,nonhispanic,F,Worcester  Massachusetts  US,798 Hane Park Suite 8,Ayer,Massachusetts,Middlesex County,25027,01434,42.494852015183,-71.59658330397266,177294.81,0.00,112711
ebd9416d-caf5-5200-ee20-2c5e8693953e,1979-06-16,,999-11-3419,S99978320,X75490923X,Mrs.,Alecia465,Otilia736,Rodriguez71,,Crona259,M,white,nonhispanic,F,Boston  Massachusetts  US,177 Pfeffer Gate,Haverhill,Massachusetts,Essex County,25009,01835,42.81546180127561,-71.09754324527428,146751.28,1095476.35,25188
8c1c2d25-f3a3-31ad-687d-b35336724777,2021-11-01,,999-17-5344,,,,Fritz267,Curt84,Stamm704,,,,white,nonhispanic,M,Pittsfield  Massachusetts  US,1039 Turner Esplanade,Yarmouth,Massachusetts,Barnstable County,,00000,41.69558124903947,-70.20698689157713,17037.79,1946.78,138036
907fa6e1-ba0f-922a-761a-a46df5f49f6d,1992-07-15,,999-87-4159,S99988370,X54215137X,Mrs.,Beryl690,Herta650,Schuster709,,Borer986,M,white,nonhispanic,F,North Andover  Massachusetts  US,614 McKenzie Neck,Lynn,Massachusetts,Essex County,25009,01905,42.49489275005618,-70.96374273840205,553959.90,157159.61,60196
0547d6a6-fa97-ff71-7ec6-375d692927f9,1970-04-21,,999-83-3146,S99945714,X52554083X,Mr.,Dwain139,Thad495,Shanahan202,,,M,white,nonhispanic,M,Lowell  Massachusetts  US,193 Pfeffer Landing Apt 52,Yarmouth Port,Massachusetts,Barnstable County,25001,02675,41.66052630839357,-70.2700546983783,10401.19,136167.81,20683
2fb417b8-cadd-4b8c-56ee-b6a5376c05e3,1973-09-14,,999-42-7146,S99936630,X39993134X,Mr.,Claud279,Jess275,Moen819,,,W,white,hispanic,M,Newburyport  Massachusetts  US,688 Mills Way Apt 93,Harvard,Massachusetts,Worcester County,,00000,42.457035669054434,-71.54168064419748,102736.30,17566.51,101778
7b6b0f80-5d14-a4fd-1758-315b153591fc,1973-11-19,,999-54-7152,S99950076,X64917182X,Mr.,Sidney996,Andre610,Farrell962,,,S,white,nonhispanic,M,Swansea  Massachusetts  US,516 Runolfsson Way Apt 68,Malden,Massachusetts,Middlesex County,25017,02155,42.42977586477687,-71.00944177427431,107722.78,32200.94,118810
2ee5d8ec-be30-824e-2190-c1b9ce9fb516,1974-11-01,,999-14-6133,S99942054,X58508840X,Mr.,Jerrell6,Dino214,Schamberger479,,,M,white,nonhispanic,M,Chelsea  Massachusetts  US,716 Kuhic Port Apt 55,Bridgewater,Massachusetts,Plymouth County,25023,02324,41.930422716344516,-70.99545340998652,113503.19,0.00,86364
9e6f4edc-458f-ac04-afbf-32ef09b23351,2010-06-20,,999-11-2367,S99948112,,,Wallace647,Gerry91,Ledner144,,,,black,nonhispanic,M,Berkley  Massachusetts  US,171 Weissnat Parade Suite 57,Worcester,Massachusetts,Worcester County,25027,01610,42.228547573404946,-71.79208244965162,48506.50,19815.91,44682
8d45fdbf-db65-1128-c9b3-1d98593be14b,2012-02-28,,999-29-9917,,,,Margarito178,Lawerence6,Mueller846,,,,asian,nonhispanic,M,Westminster  Massachusetts  US,884 Metz Avenue,Somerville,Massachusetts,Middlesex County,25017,02145,42.35031670782072,-71.11769481130763,37918.62,2999.32,105015
c0f13241-ec9b-ca71-f263-7ac095a5cca9,2019-04-02,,999-44-8605,,,,Floyd420,Alfred550,Russel238,,,,white,nonhispanic,M,Medway  Massachusetts  US,317 Von Crossroad,Bridgewater,Massachusetts,Plymouth County,25023,02324,42.013656981139206,-70.99910898158141,23964.66,10316.67,72754
606e3834-d845-750a-41a7-d648dab65ea3,1945-01-16,,999-45-9266,S99959035,X22702179X,Mr.,Lucius907,Frederic454,Swift555,,,S,asian,nonhispanic,M,Attleboro  Massachusetts  US,570 Larson Haven,Boston,Massachusetts,Suffolk County,25025,02129,42.37497450386002,-71.01670100567671,319006.13,253777.47,109643
4adeca70-c416-26fb-bf9b-40f87d88612b,1975-07-29,,999-30-8980,S99923837,X16267439X,Mrs.,Armandina361,Blanch844,Zemlak964,,Lesch175,M,white,nonhispanic,F,Newton  Massachusetts  US,906 Wolf Village Suite 33,Dartmouth,Massachusetts,Bristol County,,00000,41.61449134592531,-70.97572579114411,597924.93,743618.87,57744
38d7833c-4c18-f884-7aee-a65fdd60beb2,1973-05-14,,999-47-9546,S99976475,X28743649X,Mrs.,Arie325,Cheyenne169,Beier427,,Bednar518,D,white,nonhispanic,F,Boston  Massachusetts  US,928 Morissette Park Unit 94,Dedham,Massachusetts,Norfolk County,25021,02026,42.20836149811071,-71.20295528144555,790627.94,141143.20,73089
9cadb054-2ceb-ccb0-b638-b6525fc2686d,1979-11-22,,999-79-5032,S99980173,X63615451X,Mr.,Preston275,Wayne846,Heller342,,,M,white,nonhispanic,M,Boston  Massachusetts  US,506 Powlowski Passage,Springfield,Massachusetts,Hampden County,25013,01199,42.20179185310416,-72.63920724488936,129775.75,17222.78,71702
468f45ed-3f26-2cce-7ff6-202894db8200,1943-11-30,,999-81-2375,S99991113,X24274173X,Mr.,Mose244,,Pfannerstill264,,,M,white,nonhispanic,M,Waltham  Massachusetts  US,531 Reynolds Path,Boston,Massachusetts,Suffolk County,25025,02118,42.2265364704952,-71.09781647292455,45467.91,951684.88,8849
86523afd-8d5a-10b9-24cf-97fa559096d4,2019-10-24,,999-35-9136,,,,Matthew562,,Langosh790,,,,white,nonhispanic,M,Sao Paulo  Sao Paulo  BR,568 Hoppe Mews Apt 25,Springfield,Massachusetts,Hampden County,25013,01199,42.13165995970377,-72.53148642331433,1580.89,22355.10,5583
791b9bb0-6642-b93d-7ff4-760eb863ea34,1945-04-17,,999-88-8280,S99953404,X77924680X,Mrs.,Glennis930,Cassaundra447,Cartwright189,,Little434,M,white,nonhispanic,F,Leominster  Massachusetts  US,812 Cormier Camp Apt 89,Baldwinville,Massachusetts,Worcester County,25027,01436,42.55372977580951,-72.0595510870776,301017.22,813072.15,138274
45139455-0fe5-6e45-ca4a-512a925dd416,1958-06-15,,999-11-9199,S99960633,X89076238X,Mrs.,Lashon823,,Spencer878,,Cremin516,M,asian,nonhispanic,F,Arlington  Massachusetts  US,1005 Gerhold Haven,Burlington,Massachusetts,Middlesex County,25017,01730,42.49380028977989,-71.19329473982238,158411.71,419367.59,194803
e6e7147f-0f1f-2c23-c4e9-a36bb2051efb,1953-10-24,,999-53-8489,S99962122,X66411939X,Mr.,Derick144,Warren653,O'Reilly797,,,D,white,hispanic,M,Somerville  Massachusetts  US,522 Corwin Stravenue Unit 55,Boston,Massachusetts,Suffolk County,25025,02136,42.27523458234092,-71.00659144327376,253137.44,94238.73,54658
9f9478ae-84ec-280c-413c-f38d402ac8f1,1923-04-19,2013-10-03,999-55-5107,S99940474,X74991684X,Mr.,Rudy520,Maynard46,Johns824,,,S,white,nonhispanic,M,Lowell  Massachusetts  US,846 Kerluke Port,North Pembroke,Massachusetts,Plymouth County,25023,02358,42.0486356477727,-70.77144085393505,230115.97,450666.88,61464
88f79a7b-1944-2989-0292-98a8f6a443fb,1972-12-16,,999-13-8677,S99986519,X72240503X,Ms.,Jacqueline49,Ivonne773,Collier206,,,S,hawaiian,nonhispanic,F,Templeton  Massachusetts  US,391 Collins Estate Suite 54,Ayer,Massachusetts,Middlesex County,25017,01432,42.60624428341993,-71.5340153606625,368154.53,14234.85,112711
cb739eaa-c363-3afa-600a-77da97165eae,1980-10-14,,999-36-9354,S99962071,X86903277X,Mrs.,Lashon823,Sade71,Funk324,,Kertzmann286,D,white,nonhispanic,F,Reading  Massachusetts  US,1080 Schoen Crossroad,Hanover,Massachusetts,Plymouth County,,00000,42.13370815385058,-70.83448108311195,14356.62,1246165.65,15229
c79c7ca3-4ae0-1ce3-9f34-ff1acf2a4b02,2003-06-23,,999-98-8141,S99956451,X89588987X,Ms.,Danelle47,Rosena550,Hahn503,,,,white,nonhispanic,F,Cambridge  Massachusetts  US,643 Erdman Row Apt 89,Middleborough,Massachusetts,Plymouth County,,00000,41.84842429277354,-70.8553516666746,75121.75,19291.21,74783
3a27b7b3-bd34-6cc9-71a7-d8f2e57acada,2011-03-12,,999-93-2265,,,,Ulrike696,Marcelene872,Conroy74,,,,white,nonhispanic,F,Belmont  Massachusetts  US,240 Gulgowski Camp Apt 49,Methuen,Massachusetts,Essex County,25009,01841,42.685975782560185,-71.2056531793149,25643.42,21455.03,69111
411fe6b9-311a-5b1a-d0b8-a6f10ce16c15,2023-02-22,,999-24-2137,,,,Dong972,,Hayes766,,,,white,nonhispanic,M,Dartmouth  Massachusetts  US,897 Rogahn Vista,Springfield,Massachusetts,Hampden County,25013,01118,42.15018453398957,-72.57810948924809,645.86,13948.61,3084
9cd3750a-5a91-1f1d-7f31-5a3252cd512a,2004-11-08,,999-74-8627,S99986661,X66616260X,Mr.,Seth414,Fletcher87,Gottlieb798,,,,white,nonhispanic,M,Billerica  Massachusetts  US,786 Lowe Lane Suite 34,Turners Falls,Massachusetts,Franklin County,25011,01376,42.58482932518595,-72.54999442522433,13000.66,58249.49,25010
f1adbf8f-ed93-690a-8b22-5a3e6524f058,2024-08-21,,999-91-1982,,,,Ollie731,Lucilla742,Rau926,,,,asian,nonhispanic,F,Osaka  Osaka  JP,797 Kautzer Fort,Everett,Massachusetts,Middlesex County,25017,02148,42.38774806926044,-71.03039818586583,350.00,15748.51,12791
9b7b55aa-759e-b597-ab2a-e08b10754db0,1961-05-10,,999-87-5226,S99937240,X00321064X,Mrs.,Caroline183,Leilani136,Hoppe518,JD,Leuschke194,M,white,nonhispanic,F,Westport  Massachusetts  US,986 Beer Village,Westwood,Massachusetts,Norfolk County,,00000,42.24780868073106,-71.2622061831528,314297.62,800518.11,986316
4ce5ffe9-685b-cdbb-79f9-877acba3bd60,1997-05-25,,999-58-7323,S99968833,X68010639X,Mr.,Daniel959,Man114,Jenkins714,,,M,white,nonhispanic,M,Boston  Massachusetts  US,259 Padberg Gardens,Lynn,Massachusetts,Essex County,25009,01906,42.42942221088705,-70.93112097552776,31001.71,662385.81,100995
3b7454fc-8253-83c2-180f-67ebe9a6536b,2005-04-03,,999-46-5579,S99945105,X60852624X,Ms.,Natisha940,Shannan727,Kunde533,,,,white,nonhispanic,F,Barnstable  Massachusetts  US,1026 Koch Street Apt 67,Brookline,Massachusetts,Norfolk County,25017,02467,42.36272082373351,-71.13061303386961,69444.85,69926.76,35221
d68a6334-8550-3473-b161-2cb743580a4f,2018-03-15,,999-21-2232,,,,Daren950,,Johnston597,,,,white,hispanic,M,Quincy  Massachusetts  US,912 Klocko Ferry,Boston,Massachusetts,Suffolk County,25025,02136,42.34851333441487,-71.04984034867799,17422.42,1881.65,157090
33ee4fc4-9622-d4cd-a690-ff8fa5a4157c,1997-12-10,2010-06-15,999-48-6738,,,,Jamila16,Farah862,Pfannerstill264,,,,white,nonhispanic,F,North Andover  Massachusetts  US,258 Roberts Byway,Woburn,Massachusetts,Middlesex County,25017,01890,42.44807099397593,-71.12540995896804,30066.49,28269.31,141245
3781a8ee-39e0-97f1-14be-58119053d9b3,2018-03-09,,999-35-5747,,,,Eugena417,,Morar593,,,,black,nonhispanic,F,Billerica  Massachusetts  US,464 Kilback Park,Springfield,Massachusetts,Hampden County,25013,01128,42.098883036347395,-72.57059201398157,1987.04,23682.46,8212
e437e9bb-166e-5d7a-55cb-7e964bc817f3,1997-04-22,,999-84-1836,S99996624,X94056907X,Mrs.,Adena533,Nellie325,O'Reilly797,,Kreiger457,M,black,nonhispanic,F,Chicopee  Massachusetts  US,119 Barton Road,Quincy,Massachusetts,Norfolk County,25021,02169,42.19462180546507,-71.12540780154123,10366.21,470813.92,19728
89cc58e6-cff9-dc68-0794-e2758f88d72e,1996-03-13,,999-38-5247,S99956187,X71884153X,Mr.,Alfonzo975,Gene733,Ferry570,,,M,white,nonhispanic,M,Norwell  Massachusetts  US,910 Bogan Knoll,Hanson,Massachusetts,Plymouth County,25023,02341,42.07839562776193,-70.89789107065303,80540.98,0.00,113667
b3254b83-5a7b-7d26-d015-284bb520797c,1980-06-11,,999-62-6083,S99973490,X88075012X,Mr.,Tracey100,,Spinka232,,,D,white,nonhispanic,M,Everett  Massachusetts  US,388 Feeney Plaza Apt 54,Fall River,Massachusetts,Bristol County,25005,02790,41.660706814215715,-71.1552563662603,206851.99,95559.17,47426
540b4fe1-c0be-c0db-8d85-3cf96f745ee0,1993-12-15,,999-63-6805,S99914326,X52823553X,Mr.,Nolan344,,Olson653,,,S,black,hispanic,M,Merrimac  Massachusetts  US,757 Schiller Byway Apt 65,Boston,Massachusetts,Suffolk County,25025,02124,42.32704181575808,-71.03417776153815,4895.86,76914.65,1548
21566806-c314-7574-26aa-1338488be373,2009-07-30,,999-69-6808,S99923785,,,In373,Antionette825,Gaylord332,,,,white,hispanic,F,Methuen  Massachusetts  US,142 Aufderhar Flat Unit 88,Lunenburg,Massachusetts,Worcester County,25027,01462,42.59730732925666,-71.71834232949607,10810.40,554586.15,61327
945212c3-b2f5-4962-3a9f-b2a70cacac51,2022-09-25,,999-57-2396,,,,Kirsten270,Brittny484,Fisher429,,,,white,nonhispanic,F,East Longmeadow  Massachusetts  US,543 Funk Terrace,Arlington,Massachusetts,Middlesex County,25017,02474,42.44601703230298,-71.2069758977598,11745.24,476.88,740014
f3c012d3-4e30-1181-88d2-bbb0ebf6a93e,2015-12-16,,999-41-8130,,,,Mohamed943,,Kohler843,,,,white,nonhispanic,M,Swampscott  Massachusetts  US,559 Thiel Plaza Suite 25,New Bedford,Massachusetts,Bristol County,25005,02743,41.57064239020133,-70.9562632750429,22478.57,4545.35,44952
abc369e5-8fc3-9122-4bc1-49c3ea550630,1989-04-20,,999-46-4501,S99949466,X61282086X,Mr.,Walter473,Trent525,Smith67,,,M,white,nonhispanic,M,Norwell  Massachusetts  US,1047 Kihn Annex Suite 5,Boston,Massachusetts,Suffolk County,25025,02126,42.28870603241353,-71.04069480994994,90453.84,5680.27,450525
81300d8c-ef82-1a0a-44a5-310ad97debbc,1987-03-18,,999-74-6744,S99932988,X86514476X,Mr.,Homero668,José Luis472,Guerrero997,,,M,white,hispanic,M,Puebla  Puebla  MX,744 Ziemann Harbor Unit 11,Newton,Massachusetts,Middlesex County,25017,02462,42.32135376042214,-71.24751137436337,77626.45,0.00,48831
be9c4686-582e-b043-cad1-153030df252a,1917-03-05,,999-46-8768,S99928267,X02819465X,Mr.,Lyndon118,Lawrence741,Stanton715,,,M,white,nonhispanic,M,Salem  Massachusetts  US,720 Hilll Manor,Peabody,Massachusetts,Essex County,25009,01960,42.55266046217287,-71.0013751198626,241844.08,309817.60,26342
a1b62a64-c5db-31b0-8a34-6149229eaf4e,1995-04-29,,999-98-2325,S99980657,X46840985X,Mr.,Morris740,,Smitham825,,,M,white,nonhispanic,M,Brewster  Massachusetts  US,1060 Heathcote Route Suite 55,Ocean Grove,Massachusetts,Bristol County,,00000,41.75856795451951,-71.16301942800109,72453.24,13336.04,49815
45df8bb1-c3da-b0aa-3397-3f228127cb53,1971-10-24,,999-58-5085,S99917586,X95903483X,Mr.,Jeffery551,Clifton91,Nolan344,,,M,white,nonhispanic,M,Fitchburg  Massachusetts  US,1039 Hauck Plaza Unit 35,Eastham,Massachusetts,Barnstable County,,00000,41.87062595179527,-70.03376194204189,229864.34,1027513.57,32718
c7f68776-cc78-7d89-1030-78bc167ad0dd,1970-04-16,,999-19-1681,S99926523,X76749643X,Mrs.,Madie300,Georgine810,Dietrich576,,Larkin917,W,white,nonhispanic,F,Braintree  Massachusetts  US,111 Blanda Dam,Sterling,Massachusetts,Worcester County,,00000,42.46535234280423,-71.8207067156832,657659.32,115996.64,82844
d0994f24-25f2-c1c6-103f-188afcd3304b,1971-12-21,,999-83-2804,S99964943,X13848978X,Mr.,Margarito178,Man114,Hauck852,PhD,,M,white,nonhispanic,M,Lowell  Massachusetts  US,1039 Roberts Track Apt 14,Weymouth,Massachusetts,Norfolk County,25021,02191,42.257308565393245,-70.97421106304462,43085.70,124060.70,49644
1c14d687-8b42-6d08-75a5-5b4d849857a5,1933-04-12,,999-41-5006,S99920651,X33531333X,Mr.,Garth972,Travis723,Becker968,,,M,white,nonhispanic,M,Somerville  Massachusetts  US,280 Grant Ferry,Andover,Massachusetts,Essex County,25009,01810,42.598710696718705,-71.1358758490436,175973.21,227405.34,660973
2431fb70-434a-0d61-208e-cbc8eda8606f,2012-06-02,,999-89-5519,,,,Forrest301,Woodrow571,Sporer811,,,,white,nonhispanic,M,Lowell  Massachusetts  US,309 Farrell Rue,Melrose,Massachusetts,Middlesex County,25017,02176,42.472824702919674,-71.10548296017299,23787.06,0.00,832919
66375e7a-deb5-0c7f-f430-b8c63f3ecd37,1997-12-10,,999-61-1701,S99927276,X45050021X,Mrs.,Bette450,Ozie87,Hodkiewicz467,,DuBuque211,M,white,nonhispanic,F,Sutton  Massachusetts  US,941 Haag Dam Unit 43,Woburn,Massachusetts,Middlesex County,25017,01890,42.47613992909786,-71.11480648455016,174730.82,553836.21,141245
84a49fae-e007-631e-ba5e-52045d804a8c,1965-11-22,,999-23-3407,S99913806,X92721590X,Mrs.,Oralia106,Kathie378,Kirlin939,,Raynor401,M,black,nonhispanic,F,Boston  Massachusetts  US,655 Sauer Underpass Suite 42,Malden,Massachusetts,Middlesex County,25017,02148,42.401529393300414,-71.06325402638365,394602.39,715288.39,130288
e11ce706-c4ea-f410-9fb2-001b1017d769,2014-09-18,,999-33-3071,,,,Grayce293,Denese626,Corkery305,,,,white,nonhispanic,F,Woburn  Massachusetts  US,166 West Terrace,Newton,Massachusetts,Middlesex County,25017,02459,42.28381996643025,-71.19868255733562,37313.54,2000.95,65349
2a512d80-34c4-7a6d-6e37-dd1584b47a68,1945-05-06,1972-05-17,999-67-7395,S99989166,X11397900X,Ms.,Joeann663,Tamra871,Fahey393,,,,white,nonhispanic,F,New Bedford  Massachusetts  US,676 Olson Esplanade,Brockton,Massachusetts,Plymouth County,25023,02302,42.114458005708464,-70.99004531633712,184514.17,0.00,105923
ec311bb9-9577-d97d-00ed-85c39ec97156,2011-06-30,,999-68-1474,,,,Catharine355,Fernanda589,O'Reilly797,,,,white,nonhispanic,F,South Dennis  Massachusetts  US,360 Torp Highlands Suite 44,Amherst,Massachusetts,Hampshire County,,00000,42.315776492842865,-72.48724079266263,51779.65,313214.35,96178
dad04778-99e2-328c-9a3b-ae3bc971f9e8,1976-08-05,,999-82-8304,S99998978,X14758990X,Mrs.,Maricela194,Patrick786,Stanton715,,Doyle959,M,asian,nonhispanic,F,Milford  Massachusetts  US,1035 Stehr Corner Unit 30,Braintree,Massachusetts,Norfolk County,25021,02184,42.24831025124171,-70.95654839855283,619424.32,754013.74,62017
720a35cc-eda8-8cbd-2b74-fac62f0ece44,1998-08-09,,999-93-5422,S99924584,X87323161X,Mrs.,Adelaida985,Daine571,Wehner319,,Kuvalis369,M,white,nonhispanic,F,Cambridge  Massachusetts  US,858 Labadie Boulevard,Hingham,Massachusetts,Plymouth County,25023,02043,42.1753665572595,-70.84813332848094,755620.75,379102.15,73171
65c5c149-b745-a612-b8e6-864dc1cf2b77,1996-11-22,,999-22-8436,S99949483,X01731310X,Mrs.,Kisha966,Eliza161,Hackett68,,Terry864,M,white,nonhispanic,F,Walpole  Massachusetts  US,704 Rippin Quay,Wakefield,Massachusetts,Middlesex County,25017,01880,42.52964842769235,-71.03456279960672,373020.17,0.00,108536
aa8ec713-9fa5-8f59-d575-930f8be011ca,2021-05-31,,999-21-3404,,,,Coral377,Karine844,West559,,,,white,nonhispanic,F,Westfield  Massachusetts  US,300 Koss Wall,Medford,Massachusetts,Middlesex County,25017,02155,42.395137803244616,-71.12088034120262,6019.51,8759.77,29467
e9f169e2-d15c-4b3e-00e2-e951a4ed29af,2013-11-29,,999-58-9197,,,,Esteban536,,Leannon79,,,,white,nonhispanic,M,New Bedford  Massachusetts  US,1069 Wilderman Harbor,Somerville,Massachusetts,Middlesex County,25017,02144,42.419938587170456,-71.09303287898761,38642.46,10677.87,881919
c8a154ad-2a3e-0043-3e36-f00fc2962b56,1998-07-21,,999-77-7856,S99966914,X86165892X,Mr.,Kris249,Sterling124,Collier206,,,M,white,nonhispanic,M,Cambridge  Massachusetts  US,488 Streich Gateway,Boston,Massachusetts,Suffolk County,25025,02121,42.33509009295342,-71.1402555914763,61415.99,1627.73,42431
15581efa-eda6-09d9-c871-47995fd90d5c,2007-01-03,,999-56-9978,S99964400,,Mr.,Williams176,Renato359,Pouros728,,,,white,hispanic,M,Leominster  Massachusetts  US,349 Crona Rapid Unit 50,West Springfield,Massachusetts,Hampden County,25013,01089,42.13397649119836,-72.63668476556202,6262.98,51690.85,10810
30ac2a22-7ee5-55f1-233c-1534e8e677cc,1999-09-27,,999-53-9153,S99990534,X80164897X,Ms.,Tiffanie406,Jaunita130,McClure239,,,,white,nonhispanic,F,Barnstable  Massachusetts  US,551 Hackett Club,West Stockbridge,Massachusetts,Berkshire County,,00000,42.331929482556276,-73.38486853500838,55174.07,47407.73,103053
faa4c22f-3b44-1996-cf58-05728e89b61f,1951-08-07,,999-44-8634,S99982714,X53883372X,Mr.,Earl438,Oliver401,Willms744,,,M,white,nonhispanic,M,New Bedford  Massachusetts  US,404 Murazik Parade Unit 67,Everett,Massachusetts,Middlesex County,25017,02149,42.414451467912095,-71.07066266727543,241822.24,647951.59,32764
c4e0d592-a2bb-caad-7632-b48015b0f4ee,1978-06-10,2018-07-27,999-40-8278,S99970554,X44453801X,Mr.,Deon400,Virgil85,Cole117,,,M,white,nonhispanic,M,North Westport  Massachusetts  US,428 Crooks Skyway,Hanson,Massachusetts,Plymouth County,25023,02341,42.00181758090427,-70.91380618260575,8839.53,126831.63,21152
4fffc287-8681-850f-a6a2-68925efe8502,2023-06-29,,999-39-2775,,,,Kristle148,Eleonor544,Jacobson885,,,,white,nonhispanic,F,Hanover  Massachusetts  US,188 VonRueden Dam,Abington,Massachusetts,Plymouth County,25023,02351,42.092009087125554,-70.9221984525874,14870.00,4066.35,88259
1166494b-a10b-1ce4-f319-2a366acb46d1,2022-06-21,,999-62-9295,,,,Palmer257,Sol312,Donnelly343,,,,white,nonhispanic,M,Plainville  Massachusetts  US,194 Orn Estate,Framingham,Massachusetts,Middlesex County,25017,01702,42.316547433883244,-71.46884436553016,600.00,15121.14,12211
02386b59-efa5-c84e-df5b-4a149bee2e09,1971-06-11,,999-72-6166,S99968592,X35489816X,Ms.,Phylicia571,Marti99,Cummerata161,,,S,black,nonhispanic,F,Worcester  Massachusetts  US,585 Funk Promenade,Winchester,Massachusetts,Middlesex County,25017,01890,42.44581313051213,-71.12894187243784,125437.92,620453.27,557744
0f1dc73f-6fee-1949-bfe7-8a2605458aa2,1969-11-07,,999-60-7307,S99974182,X93251121X,Mrs.,Cameron381,,Howe413,,Hessel84,M,white,nonhispanic,F,Newton  Massachusetts  US,464 Stanton Byway,Sandwich,Massachusetts,Barnstable County,25001,02563,41.76453499260494,-70.44387636349278,833752.00,727945.83,37267
8f28a54b-5691-5475-f401-c7ab80d1ffe5,2009-08-25,,999-76-3406,S99922570,,,Billie243,,Schmitt836,,,,white,nonhispanic,M,Everett  Massachusetts  US,164 Miller Gate,Auburn,Massachusetts,Worcester County,,00000,42.20179309328814,-71.80038180007716,31679.06,34401.63,368813
c271b0ee-cba4-56b5-96a7-e21c1d4f9bbc,1965-11-08,2004-01-22,999-19-2157,S99944880,X45020293X,Mr.,Wilburn655,,Rath779,,,W,white,nonhispanic,M,Sandwich  Massachusetts  US,1030 Harber Loaf Suite 97,Weymouth,Massachusetts,Norfolk County,25021,02188,42.21035424871856,-70.9319898221913,85569.54,144487.48,171029
8aa37505-66d4-c206-2434-e5a90813c9a0,1960-03-24,,999-51-1504,S99975267,X36349923X,Mrs.,Dominique369,Ja391,Ziemann98,,Kuvalis369,M,white,nonhispanic,F,Swansea  Massachusetts  US,861 Schneider Spur Unit 20,Brookline,Massachusetts,Norfolk County,25021,02446,42.33447866713523,-71.13950550102484,457039.81,1001779.60,753592
544a1b0c-a537-8aba-3373-a68320155e59,1992-09-11,,999-64-5260,S99940603,X47032031X,Ms.,Jaqueline846,Chung121,Schuster709,,,S,black,nonhispanic,F,Sterling  Massachusetts  US,708 Nolan Hollow,Methuen,Massachusetts,Essex County,25009,01844,42.76195152532951,-71.16476024837492,8969.81,427212.62,13519
59753b20-0b98-c7a5-ff2d-06621b26e44f,1977-10-19,,999-23-3183,S99988542,X22926794X,Mrs.,Sophia44,Gaynelle249,Dickinson688,,Sporer811,M,white,nonhispanic,F,Rome  Lazio  IT,823 Tremblay Trail,Gardner,Massachusetts,Worcester County,25027,01440,42.61905836160285,-71.94011300840259,238839.35,1186176.43,32509
14e693b6-1a3e-b218-86ea-e3321eeb2c5c,1974-05-28,2024-12-01,999-21-5423,S99911476,X84938329X,Mr.,Jonas187,Bobbie849,Conn188,,,S,white,nonhispanic,M,Dennis  Massachusetts  US,317 Bosco Rue Apt 26,Worcester,Massachusetts,Worcester County,25027,01609,42.223762167169475,-71.84671384321894,169596.81,482632.68,62343
1c291b3e-d3e9-7cda-5065-92003f4775b2,2003-02-03,,999-90-1025,S99999404,X21606490X,Ms.,Angelic427,Johnette525,Pfannerstill264,,,,white,nonhispanic,F,Douglas  Massachusetts  US,373 Brakus Parade Unit 17,Marlborough,Massachusetts,Middlesex County,25017,01752,42.331893189560745,-71.50648307809139,241990.91,78104.31,78331
f6548d7e-6667-80ab-ffd8-35084310eb62,2017-04-01,,999-59-6420,,,,Trinidad33,Milford485,Ziemann98,,,,asian,nonhispanic,M,Lowell  Massachusetts  US,379 Hamill Bay,Stoughton,Massachusetts,Norfolk County,,00000,42.09498304005815,-71.07656021482796,17663.91,473.27,145743
b3a49959-272b-053d-d549-afa06cc0fb56,1986-03-21,,999-72-3880,S99922530,X20665119X,Mrs.,Cristie97,Giselle809,Macejkovic424,,Goyette777,D,white,nonhispanic,F,Wilbraham  Massachusetts  US,195 Greenfelder Bay Apt 3,Springfield,Massachusetts,Hampden County,25013,01106,42.14050875754341,-72.56603480946785,33600.01,1443921.97,64732
efaa16cf-2668-9d10-2abf-1d48e8bf1aec,1996-04-21,,999-92-6673,S99977213,X32896976X,Mrs.,Zelma45,Rosaline65,Cassin499,,Smitham825,M,asian,nonhispanic,F,Lynn  Massachusetts  US,245 Barrows Crossroad,Tewksbury,Massachusetts,Middlesex County,,00000,42.618488435229615,-71.21270395770647,193996.76,229123.81,146945
df66c25c-1801-60cb-367c-e943b6315f10,1976-06-22,,999-90-3826,S99911272,X08967467X,Mr.,Seymour882,Felipe97,Windler79,,,M,white,nonhispanic,M,Middleborough Center  Massachusetts  US,310 Orn Divide Unit 74,Danvers,Massachusetts,Essex County,25009,01937,42.59766061918375,-70.94715154955216,90901.73,20027.52,54133
9b82832f-6482-d800-7daf-f92d3ca84b8d,1954-08-01,,999-64-5476,S99952390,X69681753X,Mrs.,Olinda137,Nikole56,Botsford977,,Schaefer657,M,white,nonhispanic,F,Hudson  Massachusetts  US,522 Strosin Rapid Apt 80,Boston,Massachusetts,Suffolk County,25025,02126,42.28950483173721,-71.06194369143059,1229555.48,1177156.84,107959
73a2f6ad-76ad-3641-0a49-ad6e6e8c613f,2005-01-01,,999-69-9539,S99925729,X73366325X,Mr.,Porter490,Joe656,West559,,,,white,nonhispanic,M,Auburn  Massachusetts  US,681 Douglas Glen Suite 38,New Bedford,Massachusetts,Bristol County,25005,02748,41.69929724860301,-70.93823385721996,52738.38,37357.66,26514
0298c1ac-f519-65d3-dcbc-33ea8236d07b,1989-02-19,,999-76-3376,S99991346,X44533692X,Mr.,Octavio643,Alva958,Becker968,,,S,white,nonhispanic,M,Avon  Massachusetts  US,857 Monahan Annex Unit 30,Gloucester,Massachusetts,Essex County,25009,01930,42.59701114253456,-70.71107121424245,6494.72,109115.61,13988
ddf0e3cb-600b-e0a1-95fc-9d88c6d3e640,1978-06-10,,999-95-8614,S99912510,X93637455X,Mr.,Dwight645,Elias404,Ritchie586,,,M,white,nonhispanic,M,Boston  Massachusetts  US,517 Kulas Burg Apt 80,Hanson,Massachusetts,Plymouth County,25023,02341,42.03843040273454,-70.88631093981522,8374.47,134811.57,21152
0887d010-aab7-4b1a-3e9f-2e13ecf94667,1962-02-21,,999-39-1404,S99957036,X32216302X,Mr.,Vern731,Tanner110,Gerlach374,,,S,white,nonhispanic,M,North Attleborough  Massachusetts  US,539 Gottlieb Trace Apt 64,Brookfield,Massachusetts,Worcester County,25027,01506,42.165631298892635,-72.12635669014126,38286.44,231010.28,143567
edb7bcbd-4d12-fb4b-0c4b-802d5b810585,1945-05-06,,999-79-7071,S99980142,X20609215X,Ms.,Pennie519,Imelda608,Shanahan202,,,S,white,nonhispanic,F,Quincy  Massachusetts  US,909 Powlowski Run Suite 41,Brockton,Massachusetts,Plymouth County,25023,02301,42.11421787212685,-70.92593857003111,808597.81,222949.18,105923
c1b0bfc6-a5fe-cb72-2454-e828c8f583ce,2021-11-06,,999-27-7300,,,,Tifany477,Ethyl508,Langosh790,,,,asian,nonhispanic,F,Hanover  Massachusetts  US,494 Hintz Vale,Dedham,Massachusetts,Norfolk County,25021,02026,42.21347195864087,-71.1954860043944,10944.97,14619.61,52530
c84ee0ac-f38d-2c40-98bb-3421341abfb7,1975-06-25,,999-72-2742,S99927105,X45346658X,Mrs.,Alexis664,,Rowe323,,Wuckert783,M,white,nonhispanic,F,Hull  Massachusetts  US,134 Kessler Esplanade,Westwood,Massachusetts,Norfolk County,,00000,42.195336546205,-71.26326842163442,354778.17,1134468.94,165521
2c90a08e-5f52-3e55-d7c3-34cb4419fb57,1997-04-24,,999-19-3172,S99952669,X71127254X,Mr.,Raul814,,Bergstrom287,,,M,white,nonhispanic,M,Winchendon  Massachusetts  US,171 Borer Manor Unit 75,Berlin,Massachusetts,Worcester County,,00000,42.38693658770439,-71.60834778271112,86995.78,18572.25,160901
ef2ea0ca-e93f-5c13-e1aa-9d0c73b99c7f,2004-07-21,,999-30-7264,S99964433,X03146090X,Mr.,Agustín529,Arturo47,Caballero789,,,,black,nonhispanic,M,Juarez  Chihuahua  MX,727 Jacobson Rest Apt 95,Mansfield,Massachusetts,Bristol County,,00000,42.041745995821145,-71.21141660630167,104723.12,660366.38,91409
3bf5ed81-b9a0-5a8d-52a3-1c8239affa08,2020-11-19,,999-13-6406,,,,Lyle846,,Lynch190,,,,white,nonhispanic,M,Worcester  Massachusetts  US,914 Kozey Underpass Suite 26,Holyoke,Massachusetts,Hampden County,25013,01040,42.21058362789754,-72.59406838180338,12008.04,592.40,181152
3c52a45e-cc95-aa4d-4098-1f195ff047f4,1967-04-21,,999-78-5244,S99954779,X30562481X,Mrs.,Elvie131,Chanda935,Schaefer657,,Daugherty69,M,black,nonhispanic,F,Wareham  Massachusetts  US,649 Anderson Fork,Andover,Massachusetts,Essex County,25009,01810,42.605982310668224,-71.1756195028629,317569.79,709956.01,773650
5041255c-c9d8-7ae5-bd28-343a9e57b7e3,2015-08-05,,999-11-3506,,,,Helga481,Constance642,Bernier607,,,,asian,nonhispanic,F,Boston  Massachusetts  US,526 Corkery Byway,Williamsburg,Massachusetts,Hampshire County,,00000,42.40716013239547,-72.69853853257857,22466.95,2389.02,61767
0f548289-3626-95c2-41f1-846c1a282ce9,1968-04-28,,999-32-3777,S99924733,X68938691X,Mrs.,Romona686,,Bayer639,,Cole117,M,white,hispanic,F,Weymouth  Massachusetts  US,644 Herman Gardens Unit 15,Arlington,Massachusetts,Middlesex County,25017,02476,42.44182837184098,-71.17165031067796,434500.57,809789.23,498306
2e4bfbae-dcfa-4a19-462f-6f3ac79c75b8,1977-02-24,,999-23-2093,S99936394,X46174637X,Mrs.,Caitlyn56,Soledad678,Koch169,,Kreiger457,M,white,nonhispanic,F,Springfield  Massachusetts  US,509 Glover Vale,Fall River,Massachusetts,Bristol County,25005,02720,41.63589349941567,-71.04059335646474,351765.72,33633.77,54657
4b741ecb-f0a1-6635-ed1a-8d31228cb23f,2019-02-06,,999-54-6126,,,,Peter292,Dick869,Cruickshank494,,,,white,nonhispanic,M,Rockland  Massachusetts  US,477 Stroman Wall,Fall River,Massachusetts,Bristol County,25005,02747,41.734538569180586,-71.13728055827896,9131.76,13208.28,26848
4e2aaac6-029b-1f92-6853-5c6b5ec0afc0,1965-11-08,,999-10-9532,S99998401,X50632725X,Mr.,Harry448,Herman763,Schowalter414,,,S,white,nonhispanic,M,Worcester  Massachusetts  US,254 Jerde Manor,Weymouth,Massachusetts,Norfolk County,25021,02190,42.146468104094495,-70.94794066022777,19405.49,143091.78,171029
c32c98e8-62df-40f7-09bd-b9a34ad0a8d2,2007-07-29,,999-65-8198,S99982856,,Mr.,Marcel580,John539,Schulist381,,,,white,nonhispanic,M,West Yarmouth  Massachusetts  US,959 Olson Ranch Unit 80,Swansea,Massachusetts,Bristol County,,00000,41.76809746267763,-71.24111863636293,45167.44,6334.77,65200
e73f15ba-e379-032c-5229-64beb0007c10,1971-07-05,,999-12-3846,S99910770,X22505475X,Mr.,Blaine377,Kim439,Romaguera67,,,M,white,nonhispanic,M,Malden  Massachusetts  US,825 Mills Green,Amherst Center,Massachusetts,Hampshire County,,00000,42.40405812349378,-72.55795576200632,246884.72,154361.07,65803
33e2ad44-5296-dbdc-6b9e-d3769996f620,1993-03-21,,999-87-8897,S99955552,X99970335X,Mr.,Marlon619,Barney639,Pollich983,,,M,white,nonhispanic,M,Chicopee  Massachusetts  US,558 Kuvalis Alley,Dedham,Massachusetts,Norfolk County,25021,02090,42.20749096926227,-71.18462462427703,56022.66,9134.46,535114
eb261e4e-e2f2-6630-a238-5031e27b405c,1974-05-28,,999-52-5892,S99960823,X47778349X,Mr.,Scottie437,,Heaney114,,,D,white,nonhispanic,M,Clinton  Massachusetts  US,314 O'Hara Path,Worcester,Massachusetts,Worcester County,25027,01602,42.261405614120484,-71.87125257380805,143716.35,62678.96,62343
e0649b13-cbca-1e5b-f605-dfac22f35bd4,1979-01-29,,999-66-6274,S99952498,X91195161X,Ms.,Adriana394,Guadalupe206,Verdugo724,,,S,white,hispanic,F,Carolina  Puerto Rico  PR,922 Breitenberg Ville,Devens,Massachusetts,Middlesex County,25027,01434,42.494193179949264,-71.65859926729694,261208.13,547740.62,145176
43208d78-a26c-104d-3eef-71206c89fd8b,1991-12-16,,999-57-5863,S99988768,X80165406X,Mr.,Garry927,Fredric73,Dicki44,,,M,white,nonhispanic,M,Lyon  Auvergne-Rhone-Alpes  FR,779 Hackett Fort,Danvers,Massachusetts,Essex County,25009,01923,42.56347072639468,-70.99620758178543,77754.42,19990.87,105517
2252106e-3369-329f-7c4c-61054bc84275,1978-01-13,,999-44-7330,S99943562,X69615309X,Mr.,Garret233,Mckinley734,Friesen796,,,W,white,nonhispanic,M,Boston  Massachusetts  US,403 Flatley Lane,Hanson,Massachusetts,Plymouth County,25023,02341,42.00747418420793,-70.82183459748107,92137.36,61359.81,29475
0185fa8e-dbfe-a06b-7280-247c1a82fc97,2000-03-25,,999-55-1631,S99976283,X27179166X,Mr.,Tanner110,Wiley422,Mosciski958,,,,black,nonhispanic,M,Lunenburg  Massachusetts  US,166 Kuhic Run,Dracut,Massachusetts,Middlesex County,,00000,42.6955188435994,-71.31452454200827,41913.22,41220.24,84236
3440d4b2-db44-17ae-b29f-da2ed01c6e4f,1983-08-12,,999-78-2870,S99928313,X95393492X,Mr.,Stanton715,Sol312,Thiel172,,,D,white,nonhispanic,M,Brookline  Massachusetts  US,358 Kessler Green Suite 93,North Andover,Massachusetts,Essex County,,00000,42.63980442952686,-71.05655684391678,82361.42,4259.17,59330
9c4b144f-1ef8-0f60-12f1-c47b53a91e15,1973-03-09,,999-28-9972,S99964269,X13084824X,Mrs.,Remedios388,Chrystal576,Murray856,,Braun514,M,white,nonhispanic,F,Rockport  Massachusetts  US,608 Bahringer Arcade Apt 38,Beverly,Massachusetts,Essex County,25009,01915,42.618450574421814,-70.85535613763633,542361.94,422630.56,39253
89b8866c-d5b7-fd4f-6d49-ff9e2cba1bce,2005-11-23,,999-41-9384,S99927373,X97073408X,Ms.,Joline447,Ryan260,White193,,,,white,nonhispanic,F,Rockport  Massachusetts  US,360 Gutmann Highlands Unit 21,Arlington,Massachusetts,Middlesex County,25017,02476,42.38470047933019,-71.16470007844566,48988.75,0.00,124663
61466777-a5c4-f2e6-f661-aa0c72c093a7,2025-11-08,,999-76-5450,,,,Larry532,Marcel580,Barton704,,,,white,nonhispanic,M,Canton  Massachusetts  US,220 Bailey Dam Suite 30,Attleboro,Massachusetts,Bristol County,25005,02703,41.89843957794478,-71.38858202137675,3243.68,0.00,141135
4cf5d0c7-0a29-34c7-7f12-0bbfe1ee441a,1997-06-19,,999-88-9139,S99927399,X51797100X,Mr.,Dorsey40,,White193,,,M,white,nonhispanic,M,Lowell  Massachusetts  US,123 Leuschke Rapid Unit 35,Somerville,Massachusetts,Middlesex County,25017,02143,42.437270025360576,-71.09973211836127,47760.61,50075.96,633432
afeed88d-29ae-f2b4-1313-94fb002c95f1,1999-11-26,,999-91-4899,S99976764,X61798561X,Ms.,Krystina167,,Klocko335,,,,white,nonhispanic,F,Falmouth  Massachusetts  US,490 Durgan Lane,Worcester,Massachusetts,Worcester County,25027,01605,42.25893813344524,-71.85579236485546,7494.33,281257.06,9402
9e3bf191-dfb8-d6cb-632d-e4d5e36f26d6,2023-05-01,,999-35-2896,,,,Rodger755,,Hilll811,,,,white,nonhispanic,M,Lawrence  Massachusetts  US,655 Schroeder Corner,Huntington,Massachusetts,Hampshire County,25015,01050,42.32636055746068,-72.83856162708953,11120.98,0.00,36366
24fdcf61-2178-be40-1c23-28be12f61ec4,2005-02-12,,999-37-9315,S99937298,X47323889X,Ms.,Jazmine498,Jane262,Beier427,,,,white,nonhispanic,F,Norwood  Massachusetts  US,941 Dach Camp Suite 10,North Lakeville,Massachusetts,Plymouth County,,00000,41.86531461661508,-70.93590669100485,35462.46,25204.05,70319
5e1b3bdc-91cb-485a-a62e-66656106120f,1991-11-22,,999-16-6725,S99984001,X09321413X,Mrs.,Rhona164,,Armstrong51,,Farrell962,M,white,nonhispanic,F,Braintree  Massachusetts  US,624 Okuneva Ferry,Andover,Massachusetts,Essex County,25009,01810,42.6081748048157,-71.1817797371603,103137.22,45607.95,158174
57965391-1933-1c20-9a12-903f7a5b5ff8,1961-12-12,,999-12-8920,S99968213,X02649885X,Mr.,George991,Vance413,Friesen796,,,D,white,nonhispanic,M,North Attleborough  Massachusetts  US,834 Raynor Avenue Apt 18,Revere,Massachusetts,Suffolk County,25025,02151,42.40558648574716,-70.96087364160977,259888.21,61075.42,144321
fae79bd5-7ca5-2ae0-80a6-cc003b6a270d,2019-03-02,,999-39-4788,,,,Charmaine338,Ceola914,Block661,,,,asian,hispanic,F,Abington  Massachusetts  US,1077 Schaefer Way,Burlington,Massachusetts,Middlesex County,25017,01803,42.45516017915375,-71.17798871311369,15380.85,2437.19,52016
8c278f6b-8f0e-ffed-482c-78bd547e7ee1,1960-07-13,2015-07-31,999-70-8721,S99968295,X99470013X,Mrs.,Jolynn62,Tanna708,Heller342,,Bartell116,M,white,nonhispanic,F,Worcester  Massachusetts  US,956 Huels Annex Apt 71,Fairhaven,Massachusetts,Bristol County,,00000,41.654736098079255,-70.86395021017982,605210.81,299229.34,96950
3ea67f03-2445-0dc2-1e32-8a6d872d6a2f,1992-11-09,,999-31-3818,S99913815,X63888731X,Mr.,Hilton264,Brett333,Olson653,,,M,white,nonhispanic,M,Everett  Massachusetts  US,173 Kuhn Union,Wakefield,Massachusetts,Middlesex County,25017,01880,42.53264506254121,-71.09764561370113,94183.38,23316.53,52152
ad56953f-e1a8-ec91-78d8-8027bf3675f5,1957-06-24,,999-27-6020,S99927320,X53468472X,Mr.,Kelley882,Donnie175,Bins636,,,M,white,nonhispanic,M,Boston  Massachusetts  US,814 Hane Frontage road Suite 80,Melrose,Massachusetts,Middlesex County,25017,02176,42.43730637780091,-71.01153304871475,119739.46,198943.67,80459
f24e3b6f-608f-4653-0a1e-f886138f8ab6,2006-07-27,,999-17-9296,S99948005,X49807265X,Mr.,Stanton715,Coy949,O'Kon634,,,,white,nonhispanic,M,Amesbury  Massachusetts  US,305 Boehm Route Suite 23,Fairhaven,Massachusetts,Bristol County,,00000,41.616642081882475,-70.89760810496499,59540.26,12865.37,98827
95429585-11ec-51e1-1c84-1ec5104684c7,1953-03-25,2020-09-01,999-92-2839,S99965250,X79416451X,Mr.,Howard613,Tracey100,Runte676,,,D,white,nonhispanic,M,Leicester  Massachusetts  US,698 Prosacco Spur Unit 63,Northampton,Massachusetts,Hampshire County,25015,01062,42.350168813534864,-72.64938840377089,150503.59,287435.00,89317
4c73f907-a7eb-d7f8-0674-6ac650d5fd24,1984-10-29,,999-68-8922,S99922102,X54091291X,Mrs.,Luella739,Lynsey2,Ratke343,,Reinger292,M,white,nonhispanic,F,Newton  Massachusetts  US,421 Kuhic Crossing Suite 76,Northfield,Massachusetts,Franklin County,25011,01360,42.717173527048026,-72.46576033638735,311186.20,477534.07,72669
18446440-4ff6-22a3-1920-cd1c30762cf9,1992-12-31,,999-27-4113,S99973862,X23857552X,Mrs.,Chantal971,Nia310,Bauch723,,Connelly992,M,white,nonhispanic,F,Foxborough  Massachusetts  US,1023 Swaniawski Parade,West Tisbury,Massachusetts,Dukes County,,00000,41.41873195465627,-70.61383339267759,209436.43,496916.79,123494
7a7ce114-c274-1372-d561-8898ed4ab11a,2003-01-26,,999-75-5579,S99919607,X51763723X,Ms.,Sigrid676,Sheryll569,Kulas532,,,,white,nonhispanic,F,Northampton  Massachusetts  US,983 Haag Avenue Apt 28,Boston,Massachusetts,Suffolk County,25025,02152,42.36979349466144,-71.18960923354214,74735.70,24140.90,144155
238aefbe-79e6-32cb-c9c5-0d52e37e240c,1977-08-01,,999-99-2087,S99986040,X14181244X,Mrs.,Elvera717,Cynthia180,Mills423,,Ruecker817,D,white,nonhispanic,F,Palmer  Massachusetts  US,209 Konopelski Trail,Mashpee,Massachusetts,Barnstable County,,00000,41.602645544681536,-70.5075107180888,567789.71,622880.59,115063
bc1140d1-9c2c-1714-923a-b7be79705f7b,1961-02-19,2014-05-26,999-73-4342,S99913194,X92857029X,Mrs.,Fe271,,Mayer370,,Swift555,M,white,nonhispanic,F,Monson Center  Massachusetts  US,1031 Mayer Way,Springfield,Massachusetts,Hampden County,25013,01199,42.086653067570765,-72.56565612016747,223234.66,865169.27,178548
9a436464-2c95-6081-db29-0345847ad465,2001-02-21,,999-85-4413,S99998579,X66834279X,Ms.,Samuel331,Danyelle408,Bechtelar572,,,,white,nonhispanic,F,Millbury  Massachusetts  US,590 Bernier Way,Scituate,Massachusetts,Plymouth County,25023,02066,42.20339512246397,-70.75329830197528,88222.54,115510.65,122606
1aaf9f2c-baab-7fe7-4659-22a8908dae87,2008-08-30,,999-69-2525,S99953510,,,Bryon392,Billie243,Morar593,,,,white,nonhispanic,M,North Andover  Massachusetts  US,943 Cormier Overpass Apt 0,Watertown,Massachusetts,Middlesex County,25017,02472,42.35174052809337,-71.15051090659524,27840.79,27515.93,82552
202c9153-b3b1-90e0-0dac-9f0340832ff1,2023-04-09,,999-75-1652,,,,Rene434,Titus37,Hirthe744,,,,white,nonhispanic,M,Wilmington  Massachusetts  US,373 Brown Run,Framingham,Massachusetts,Middlesex County,25017,01702,42.24351671222079,-71.41305012447948,676.61,7262.78,12257
cb71cb38-0488-56c6-9082-40ed24f8341b,1975-06-02,,999-27-8675,S99968551,X31183968X,Mrs.,Lory442,Nadene309,Kuhn96,,Smith67,D,white,nonhispanic,F,Brockton  Massachusetts  US,821 Parisian Bay Apt 24,Bedford,Massachusetts,Middlesex County,25017,01730,42.49280936470413,-71.31822814317967,628192.81,489916.28,57308
93e4afd2-9a41-92f6-e101-37208db807bc,1986-12-28,,999-11-4732,S99914805,X25304513X,Mrs.,Larissa293,Janeth814,McClure239,,Hickle134,M,white,nonhispanic,F,Peabody  Massachusetts  US,874 Dare Manor Unit 99,Winthrop,Massachusetts,Suffolk County,25025,02152,42.41452894570433,-70.9798951861648,212234.00,692306.22,52863
838ad953-664d-98e5-e969-742dfe4d855a,1955-05-15,,999-24-9408,S99928207,X56721049X,Mrs.,Gertie348,Jodi410,Dickinson688,,Emard19,M,white,nonhispanic,F,Amherst  Massachusetts  US,221 Hessel Path Unit 50,Tyngsborough,Massachusetts,Middlesex County,,00000,42.65887989368874,-71.47303946265858,453746.41,379844.68,94671
17436039-867f-7249-276c-1865baf4ae5f,2010-01-28,,999-15-9786,S99989082,,,Lorna458,,Fahey393,,,,white,nonhispanic,F,Worcester  Massachusetts  US,914 Satterfield Station Suite 26,Framingham,Massachusetts,Middlesex County,25017,01701,42.26453625819185,-71.3953306153585,60911.56,15602.90,176615
f3a2e3d9-aada-b748-8634-e354ed9bc24e,1998-12-05,,999-52-3549,S99952393,X67184784X,Mr.,Walton167,Sandy901,Rice937,,,,white,nonhispanic,M,Harwich  Massachusetts  US,427 Smitham Trailer,Worcester,Massachusetts,Worcester County,25027,01603,42.203436916999884,-71.77084430150886,71123.74,16341.25,40772
9ae23d35-b353-1235-11bb-83ea61513568,1968-09-12,,999-83-8353,S99922601,X55863480X,Ms.,Merry217,Lakeesha370,Buckridge80,,,S,white,nonhispanic,F,Bridgewater  Massachusetts  US,283 Wolff Pathway,Boston,Massachusetts,Suffolk County,25025,02115,42.27355776205422,-71.16949930874469,581072.70,288051.03,115134
c2a2e3e8-c304-f773-80d4-5fccc8491fc6,1992-09-12,,999-60-6780,S99982876,X98212496X,Mrs.,Diamond340,Precious140,Rippin620,,Collins926,M,white,nonhispanic,F,Easthampton  Massachusetts  US,458 Reilly Divide,Westport,Massachusetts,Bristol County,,00000,41.61000801161633,-71.04835639889394,199508.52,737839.62,140429
45472d5f-9cca-e8db-cc1b-c7c5614826ef,2011-02-09,,999-31-2045,,,,Delana41,,Bogisich202,,,,white,nonhispanic,F,Wakefield  Massachusetts  US,765 Huel Flat,Plymouth,Massachusetts,Plymouth County,25023,02360,41.873328152393,-70.63357920643296,39989.55,0.00,181895
3b002f4a-306e-7755-cfb6-aadc875a4b1e,1970-11-18,,999-10-9740,S99934608,X04229291X,Mr.,Beau391,Forest317,Boehm581,,,M,other,nonhispanic,M,Al-Mubarraz  Eastern Province  SA,960 Harber Harbor,Worcester,Massachusetts,Worcester County,25027,01604,42.22738792732521,-71.82015575751505,26502.91,184859.18,24502
c3b3a04f-faaf-e93f-3599-7dfeb274411b,2002-10-28,,999-36-6453,S99948130,X22010474X,Mr.,Peter292,Gaston250,Kuvalis369,,,,white,nonhispanic,M,Brockton  Massachusetts  US,273 Kovacek Vista Unit 26,Somerville,Massachusetts,Middlesex County,25017,02140,42.38693546661864,-71.0782592213263,40229.36,26073.67,90816
30609038-21de-2a9a-f182-cddec57d872c,1960-07-13,,999-87-3676,S99986238,X79030257X,Mrs.,Krystyna791,,Pacocha935,,Hackett68,M,white,nonhispanic,F,Hanover  Massachusetts  US,225 Kshlerin Heights Apt 61,Fairhaven,Massachusetts,Bristol County,,00000,41.64929464721063,-70.9169695667726,595187.40,93697.13,96950
cfda2cbe-479b-577f-5cb4-9f943b4bd59a,1996-01-07,,999-17-1823,S99994318,X11896870X,Mrs.,Katrina8,Cassondra930,Lebsack687,,Dicki44,M,white,nonhispanic,F,Halifax  Massachusetts  US,610 Schoen Highlands,Marblehead,Massachusetts,Essex County,25009,01945,42.49300157465702,-70.86911005020147,303448.23,746577.95,660009
bf2f9f56-cfe7-c0f2-9b16-18cd0c56172e,1948-11-23,,999-89-8291,S99984103,X09886542X,Mrs.,Siobhan540,Lovetta319,O'Reilly797,,Kub800,M,white,nonhispanic,F,Sharon  Massachusetts  US,432 Huels Manor,Barnstable,Massachusetts,Barnstable County,25001,02635,41.68850240384209,-70.28240308377171,780103.66,347937.34,73130
47ad330b-2a9a-ae87-9b63-cacd63b792f4,2015-02-09,,999-52-5889,,,,Cherish740,Yolanda648,Leannon79,,,,white,nonhispanic,F,Webster  Massachusetts  US,186 Parker Union,Marlborough,Massachusetts,Middlesex County,25017,01752,42.38062868862679,-71.56058333361767,19291.65,9560.17,33190
d977022b-8832-c3a2-9111-33b9c0443668,1964-10-06,,999-38-3945,S99933666,X24765191X,Mr.,Efrain317,Joaquin141,Pagac496,,,M,white,nonhispanic,M,Norwood  Massachusetts  US,111 Rolfson Heights Apt 83,Hardwick,Massachusetts,Worcester County,,00000,42.36854391755029,-72.20631541354828,239035.51,0.00,41751
966a94e3-950b-19f9-5dec-7705ff68d952,1924-09-29,2008-12-31,999-35-2325,S99913914,X93979501X,Mr.,Lucius907,Ivory697,Gerlach374,,,S,white,nonhispanic,M,Milton  Massachusetts  US,1032 Volkman Landing,Needham,Massachusetts,Norfolk County,25021,02494,42.25520441471371,-71.27429021182267,165210.50,3554233.70,58114
f3296d5e-1b84-bbad-ae74-7b1b381ba108,1953-02-14,,999-77-2763,S99918656,X83572142X,Ms.,Quiana329,Bailey598,Rutherford999,,,S,white,nonhispanic,F,Boston  Massachusetts  US,858 Roberts Passage Unit 20,Wareham,Massachusetts,Plymouth County,,00000,41.721375775497634,-70.67473220759109,363834.76,1102906.98,99037
f15f1ea4-4e45-43ac-b876-1d3093408b40,1923-04-19,1993-03-01,999-66-4848,S99947202,X85309923X,Mr.,Marty115,Augustine565,Hettinger594,,,M,white,nonhispanic,M,Yarmouth  Massachusetts  US,186 Mertz Knoll Apt 92,North Pembroke,Massachusetts,Plymouth County,25023,02358,42.07898411569681,-70.78843787519313,329112.76,492631.67,61464
8605afaa-2714-c683-954b-eadcb51b4132,1943-10-29,1993-04-30,999-92-5851,S99975255,X45438239X,Mr.,Terrance440,Neal874,Thiel172,,,M,white,nonhispanic,M,Worcester  Massachusetts  US,782 Smith Pathway,Norfolk,Massachusetts,Norfolk County,,00000,42.138434354394136,-71.3299470252603,111358.97,1787462.91,778594
b3662b34-1b92-109a-0876-bda5211d8de0,1988-06-19,,999-28-4794,S99961007,X21898407X,Mrs.,Selma398,Shemeka786,McClure239,,Paucek755,M,white,nonhispanic,F,Hopkinton  Massachusetts  US,163 Walsh Ranch Apt 62,Halifax,Massachusetts,Plymouth County,,00000,42.010725563795724,-70.90647405950787,237578.63,372561.90,72647
97369daf-cb9c-39a9-44ba-b15e14dd2d2c,1999-07-02,,999-35-4040,S99994069,X47600017X,Mr.,Luther918,,Bergstrom287,,,,white,nonhispanic,M,Newton  Massachusetts  US,810 Kulas Dam Unit 65,Boston,Massachusetts,Suffolk County,25025,02128,42.27143517293759,-71.12057812119666,66453.89,8285.95,190961
2a3f7e66-0f43-4551-ed9c-83a2befa3641,1984-01-28,,999-59-1110,S99972097,X72028337X,Mrs.,Shawnda528,Anabel269,Schmeler639,,Medhurst46,D,white,nonhispanic,F,Watertown  Massachusetts  US,132 Goldner Ville Unit 43,Holden,Massachusetts,Worcester County,,00000,42.3934064980236,-71.86247247092324,223910.78,642984.85,86566
e1e5ec26-6760-c20d-ed1d-599bd784e043,1982-05-30,,999-29-4957,S99915617,X73430558X,Ms.,Henriette328,Judy192,Morar593,,,S,white,hispanic,F,Pocasset  Massachusetts  US,389 Dach Terrace Suite 55,Boston,Massachusetts,Suffolk County,25025,02118,42.24743219673488,-71.06216273848125,15379.80,1049648.17,103855
e29e7ca2-0cdb-5128-c018-75c8a30f3a8c,1957-08-28,,999-69-3718,S99959846,X69715522X,Mr.,Jc393,Gilbert263,Rodriguez71,,,M,asian,nonhispanic,M,Danvers  Massachusetts  US,764 Cremin Common Unit 29,Amherst,Massachusetts,Hampshire County,,00000,42.378687139609184,-72.49964350684766,224537.88,93614.33,149928
d86bfc08-1c85-2738-4383-95af07a08fcd,1945-08-09,,999-62-5063,S99973781,X97666948X,Mr.,Rey54,Doug189,Gleason633,,,S,white,nonhispanic,M,Boston  Massachusetts  US,851 Ward Esplanade,Wakefield,Massachusetts,Middlesex County,25017,01880,42.46332877815645,-71.03629112726291,220451.47,96547.11,43079
1dba65c2-cfa0-2ce8-90c7-4aac091da339,1959-03-11,,999-89-9779,S99947029,X47171331X,Mr.,Dusty207,,Hessel84,,,M,white,nonhispanic,M,Revere  Massachusetts  US,130 Tremblay Passage Apt 47,Brookline,Massachusetts,Norfolk County,25021,02445,42.2732789398686,-71.19386056289758,102142.23,164695.28,181275
bc3423bf-c22b-febf-b176-752f5dc42e19,1991-04-02,,999-33-6100,S99931152,X23066467X,Mr.,Mikel238,Keenan632,Bayer639,,,M,white,nonhispanic,M,New Bedford  Massachusetts  US,870 Durgan Boulevard Suite 68,Dighton,Massachusetts,Bristol County,,00000,41.85351357285295,-71.11895722121398,79746.79,5776.23,35986
77ccbefc-c073-89c7-514a-b86f04458e51,1943-12-25,,999-41-8131,S99949389,X09923373X,Mrs.,Helene803,Kyoko885,Roberts511,,Sporer811,M,white,nonhispanic,F,Wellesley  Massachusetts  US,672 Dare Rapid,New Bedford,Massachusetts,Bristol County,25005,02745,41.64199494029067,-70.89056364891178,938724.74,674203.10,67102
c78abff9-85e8-d898-13a9-6923bf0fc671,1980-03-19,,999-54-4303,S99976864,X01874194X,Mr.,Willian804,Rupert654,Schowalter414,,,M,black,nonhispanic,M,Billerica  Massachusetts  US,106 Bashirian Branch,Pembroke,Massachusetts,Plymouth County,,00000,42.02890172906719,-70.8417785239527,74561.94,42678.60,127917
09b4cf97-ac4f-aaf1-020b-c68b44870b83,1973-08-21,,999-29-7862,S99942092,X88055101X,Mr.,Oscar384,Terrance440,Purdy2,,,M,white,nonhispanic,M,Lawrence  Massachusetts  US,973 Borer Drive Unit 39,Somerville,Massachusetts,Middlesex County,25017,02140,42.420183377071304,-71.15316726740508,130275.27,63797.23,29899
10817095-0124-c115-007a-572d97e7e183,2023-03-05,,999-90-1404,,,,Agustín529,Carlos172,Quintana711,,,,white,hispanic,M,Salisbury  Saint Joseph Parish  DM,858 Hyatt Road,Lawrence,Massachusetts,Essex County,25009,01841,42.742313754315155,-71.20563317382718,8866.84,112.28,61604
67b3c354-ffcd-844a-7e75-23fa4dcc018e,1959-08-08,,999-66-2344,S99932992,X35768641X,Mrs.,Markita319,Billie243,Bosco882,,Nolan344,D,white,nonhispanic,F,Shrewsbury  Massachusetts  US,522 Schuster Union Apt 55,Tewksbury,Massachusetts,Middlesex County,,00000,42.59375993051492,-71.18829877991699,661482.35,458860.30,61974
cbffccf8-1cf5-ae46-d2f1-4110699b6cc4,1984-10-16,,999-47-8247,S99975045,X92732682X,Mrs.,Janis361,Virgil85,Langosh790,,Tillman293,M,asian,nonhispanic,F,Tyngsborough  Massachusetts  US,346 Trantow Drive Suite 12,Marlborough,Massachusetts,Middlesex County,25017,01752,42.387327081209904,-71.58430355894626,224766.39,320009.81,52839
1c7a3d40-7d70-2f83-f80b-113e85937b06,1961-08-27,,999-36-7961,S99979386,X84296370X,Mrs.,Nydia801,Merissa718,Roob72,,Thompson596,M,native,nonhispanic,F,Lexington  Massachusetts  US,1078 Bode Haven,Wakefield,Massachusetts,Middlesex County,25009,01940,42.53592613899468,-71.02259513414091,230694.01,125909.36,155512
e5ee4855-6185-7998-7cb9-dfd2a82e94a9,1924-12-24,,999-43-3672,S99988347,X64460247X,Mrs.,Morgan564,Willa615,Kohler843,,Hessel84,M,white,nonhispanic,F,Wilmington  Massachusetts  US,463 McClure Village Apt 98,Ipswich,Massachusetts,Essex County,25009,01938,42.71485135030576,-70.85011317175423,849269.44,1603509.27,71353
b0dfa2ba-590d-ac99-8421-fe181c3d5e48,1939-02-24,,999-71-1854,S99927069,X46813414X,Mrs.,Lekisha909,Rosy219,Turcotte120,,Hoppe518,D,black,nonhispanic,F,Kingston  Massachusetts  US,298 Johnston Landing,Falmouth,Massachusetts,Barnstable County,25001,02540,41.60046321874451,-70.58580163732425,531601.81,265972.96,57541
a523ec59-5ea6-ef85-c428-e7f12e7d2adb,1989-09-15,,999-97-6103,S99987505,X85732547X,Mr.,Josef103,,D'Amore443,,,M,white,nonhispanic,M,Marshfield  Massachusetts  US,1013 Towne Camp Suite 57,Saugus,Massachusetts,Essex County,25009,01906,42.48956738229813,-71.00464947959875,87611.02,3093.76,155187
77ba30ed-fec7-fc91-8b0a-63415045bf2f,2008-03-16,,999-65-7056,S99910097,,Mr.,Grant908,,Watsica258,,,,white,hispanic,M,Northbridge  Massachusetts  US,331 Bins Club Apt 29,Boston,Massachusetts,Suffolk County,25025,02115,42.31571648551548,-71.04248759026484,3450.00,64297.37,4335
a077b9de-3ceb-1b48-93dc-24fb2037c330,1995-03-14,,999-65-5055,S99962939,X80271145X,Mr.,Mateo562,,Barela183,,,M,white,hispanic,M,Portsmouth  Saint John Parish  DM,630 Fisher Terrace Unit 20,Boston,Massachusetts,Suffolk County,25025,02127,42.31379418614445,-71.15423244984622,5031.41,67390.83,9520
07f124ec-dd65-062b-0fac-c17ea8299ccf,1998-08-23,,999-68-3880,S99913979,X30779485X,Ms.,Ara96,,Connelly992,,,S,white,nonhispanic,F,Cambridge  Massachusetts  US,317 Turner Common,Ashland,Massachusetts,Middlesex County,,00000,42.214395928136156,-71.44237714401356,145175.53,238051.31,156373
f685901a-88eb-a73a-e4b3-396b989a3965,1996-08-15,,999-18-2055,S99921126,X84114043X,Mrs.,Isa815,,Berge125,,Prohaska837,M,white,nonhispanic,F,Plymouth  Massachusetts  US,559 Bogisich Estate Suite 30,Wakefield,Massachusetts,Middlesex County,25017,01880,42.53651487830482,-71.0718530351988,167540.01,461254.22,164092
3f2d5c77-588a-51df-67f9-4d0fc50dd7bc,2004-07-14,,999-95-9429,S99981802,X55777857X,Mr.,Alva958,Jefferey580,Erdman779,,,,white,nonhispanic,M,Cambridge  Massachusetts  US,462 Hackett Street Suite 79,Brockton,Massachusetts,Plymouth County,25023,02351,42.10142072226312,-70.98094660927437,59312.64,0.00,67238
967a7013-aea1-e241-586f-235dc4ec25a4,1968-03-20,,999-58-5396,S99987157,X15532806X,Mr.,Reed154,Valentine262,Roberts511,,,M,white,nonhispanic,M,Brockton  Massachusetts  US,528 Reichert Pathway,Winthrop,Massachusetts,Suffolk County,25025,02152,42.41488083901192,-70.94314528239788,32135.20,144398.29,146471
d18603df-6eaa-e2b6-1a2d-5e5b79b92323,2016-11-14,,999-45-9328,,,,Allegra202,Rachael540,Hammes673,,,,white,nonhispanic,F,New Bedford  Massachusetts  US,849 Thompson Glen,Wellesley,Massachusetts,Norfolk County,25021,02492,42.31105365212881,-71.31679571955158,52046.22,0.00,78849
ed62b57d-c446-5ad0-7e04-b074cd45ff42,1973-06-03,,999-44-8062,S99914875,X01678033X,Mrs.,Milda157,Fannie183,Hilll811,,Langosh790,W,asian,nonhispanic,F,Brookline  Massachusetts  US,398 Rowe Forge Suite 95,Andover,Massachusetts,Essex County,25009,01810,42.6166279806572,-71.11244702736782,359786.48,719837.13,125475
b80fea26-88e9-6c9b-f0fd-491316fbb7aa,2019-09-09,,999-99-8767,,,,Luann880,Shella455,Pacocha935,,,,white,nonhispanic,F,Marseille  Provence-Alpes-Cote d'Azur  FR,906 Schulist Arcade,Bellingham,Massachusetts,Norfolk County,25021,02019,42.098304581345815,-71.49885824590432,24988.95,6318.94,71547
9b355fe0-a113-000f-72ad-058897d4ca7d,1933-02-04,2015-03-22,999-48-8684,S99986531,X85041997X,Mr.,Tanner110,Palmer257,Crooks415,,,M,white,nonhispanic,M,Canton  Massachusetts  US,264 Quigley Parade,Agawam,Massachusetts,Hampden County,25013,01030,42.04024155336192,-72.60977278791637,211093.41,237676.55,32025
6c7773b9-d4ef-911c-c620-66b188af1e50,1959-11-27,,999-89-1899,S99967299,X17478332X,Mr.,Jamey282,Scotty190,Larkin917,,,M,white,nonhispanic,M,Brockton  Massachusetts  US,546 Schaefer Trace Unit 99,Quincy,Massachusetts,Norfolk County,25021,02170,42.26772885037164,-71.11183360162995,181909.83,166432.34,79156
da21e8c4-7835-72c6-2b27-6c141cc32fbb,1957-01-15,,999-84-1627,S99976650,X06408961X,Mrs.,Kimberely738,,Torp761,PhD,Goldner995,W,asian,hispanic,F,Monson Center  Massachusetts  US,982 Gleichner Run,Watertown,Massachusetts,Middlesex County,25017,02472,42.33612609478568,-71.16155241584073,294259.79,246247.85,182920
9aed3a3f-66fd-686a-b178-aca705c7a22c,1967-02-11,,999-96-7158,S99912106,X32878409X,Mrs.,Elenor843,Gudrun69,Feest103,,Hilpert278,D,white,nonhispanic,F,Canton  Massachusetts  US,789 Turner Port,Longmeadow,Massachusetts,Hampden County,25013,01106,42.06503720397123,-72.61629586392284,1025935.62,360504.52,67649
799b4ca5-1c18-fe98-28be-1e644b223c7a,1986-04-20,,999-29-4603,S99935219,X34297475X,Mr.,Dwayne786,,Christiansen251,,,M,black,nonhispanic,M,Somerville  Massachusetts  US,394 Quigley Rue,Boston,Massachusetts,Suffolk County,25025,02122,42.377813160266584,-71.01432167004197,120832.46,11491.03,156907
01cc6596-6732-9b0d-c50c-1dca67b35056,1966-07-20,,999-52-9427,S99939378,X11435092X,Mr.,Bryce11,Vince741,McLaughlin530,,,M,white,nonhispanic,M,South Lancaster  Massachusetts  US,140 Schmitt Flat Unit 11,Waltham,Massachusetts,Middlesex County,25017,02472,42.41729700071354,-71.2229649772571,153118.21,30609.21,62084
4c494b68-84bb-1602-b28d-90e2789e285a,1972-10-24,,999-40-2875,S99935203,X28613356X,Mrs.,Sally227,Latoya8,Romaguera67,,Kuphal363,D,white,nonhispanic,F,New Bedford  Massachusetts  US,998 Schamberger Grove Suite 57,Barnstable,Massachusetts,Barnstable County,25001,02632,41.67422270991062,-70.34315276873463,152204.94,583201.57,25350
35860e92-c67a-c939-1f37-b7c9aa19ff76,2020-12-28,,999-55-3528,,,,Brendon298,Silas208,Breitenberg711,,,,white,hispanic,M,Boston  Massachusetts  US,505 Hayes Gardens,Quincy,Massachusetts,Norfolk County,25021,02169,42.28956769707468,-71.0278309781262,11446.47,0.00,74563
97e53857-176c-f27c-9cad-4f35dc24476c,2025-11-28,,999-29-7160,,,,Darrin898,Harlan808,Howell947,,,,white,nonhispanic,M,Medfield  Massachusetts  US,425 Daugherty Wynd,Billerica,Massachusetts,Middlesex County,,00000,42.52180628318414,-71.24129393578217,3286.28,0.00,48867
bc198835-0747-b278-d6b3-bff4f8af6496,1955-06-16,,999-18-6211,S99947059,X88299808X,Ms.,Arline53,Bethany501,Reichel38,,,S,white,nonhispanic,F,Burlington  Massachusetts  US,841 Schaefer Trailer Suite 40,Fall River,Massachusetts,Bristol County,25005,02721,41.68328563344472,-71.15164014740694,252711.53,260455.11,45675
36ef507a-34d2-ac5e-7d83-e2ac3b8d5f40,1970-11-26,,999-71-3466,S99952924,X87562751X,Mrs.,Jacqualine965,Leota851,Smitham825,,Senger904,M,white,nonhispanic,F,Boston  Massachusetts  US,615 Veum Track,Arlington,Massachusetts,Middlesex County,25017,02476,42.40784552541013,-71.11073900288287,168742.65,408824.88,576641
1dab3a1c-fb4d-01d6-ebf2-98558142e310,1953-10-27,2024-03-18,999-20-8062,S99975848,X06815844X,Mr.,Charley358,Carol737,Boehm581,,,S,black,nonhispanic,M,Wakefield  Massachusetts  US,727 Romaguera Path Apt 45,Boston,Massachusetts,Suffolk County,25025,02124,42.325417187937084,-71.11398727627639,209373.13,94781.58,68022
0d3f2a3f-5adb-ff19-9024-104d45be8e7c,2004-02-14,,999-69-2019,S99963972,X57653379X,Mr.,Tyrell880,,Gutmann970,,,,white,nonhispanic,M,Agawam  Massachusetts  US,432 McClure Vale Unit 66,Framingham,Massachusetts,Middlesex County,25017,01701,42.28486935281499,-71.41186753957665,4015.33,49831.74,9163
50174789-f9e7-68c0-bf86-237a4e8574dd,1920-04-17,1984-10-08,999-10-1689,S99970640,X37883234X,Ms.,Chante435,Inga743,Franecki195,,,S,black,nonhispanic,F,Somerset  Massachusetts  US,617 Thiel Frontage road,Kingston,Massachusetts,Plymouth County,25023,02364,41.958907367927836,-70.72278183242224,281827.32,685065.00,287027
3aa85059-e43c-5adf-28d2-cc220ba89c17,2002-10-21,,999-34-6412,S99995453,X79802590X,Ms.,Jovan870,,Witting912,,,,white,nonhispanic,F,Worcester  Massachusetts  US,147 Goyette Lock,Boston,Massachusetts,Suffolk County,25025,02125,42.28396429711624,-71.04589237154916,29926.17,447470.59,710
1fa929b7-3926-65b7-4bff-a7d9d05efa77,1990-04-11,,999-78-9447,S99993008,X95447946X,Mrs.,Shayne60,Bari62,Botsford977,,Mayert710,D,white,nonhispanic,F,Lawrence  Massachusetts  US,586 Lubowitz Vale Unit 39,Easton,Massachusetts,Bristol County,,00000,42.036280944008304,-71.08054159013462,522621.61,541315.52,74973
5ee4e74a-9018-1660-a54c-8247f22804a7,1923-04-19,,999-25-6396,S99919228,X18800327X,Mr.,Michel472,,Schimmel440,,,S,white,nonhispanic,M,Somerville  Massachusetts  US,697 Schmeler Knoll Unit 6,North Pembroke,Massachusetts,Plymouth County,25023,02358,42.082245329894405,-70.73978562433214,177783.07,155600.94,61464
0ab2001b-23f0-76c3-9a9c-b663ce52e7f7,1953-03-25,,999-74-3870,S99950395,X19441610X,Mr.,Gino587,Devon268,Bahringer146,,,M,white,nonhispanic,M,Georgetown  Massachusetts  US,433 Wisozk Boulevard Suite 90,Northampton,Massachusetts,Hampshire County,25015,01060,42.320552056423715,-72.69745965575072,506025.40,679307.42,89317
78a7f52c-a859-41de-219d-8c9ed2b2b211,1957-01-09,,999-53-6930,S99931259,X73966512X,Mr.,Cristian531,,Delarosa409,,,S,white,hispanic,M,Salisbury  Saint Joseph Parish  DM,559 Block Common,Springfield,Massachusetts,Hampden County,25013,01128,42.13640201582654,-72.47491258257057,102933.88,308857.62,274
5375b60e-dfd9-1a8e-15fb-559df65b9c58,1969-03-19,,999-82-4255,S99953735,X64508507X,Mr.,Rich940,Abdul218,Towne435,,,M,white,nonhispanic,M,Medford  Massachusetts  US,767 Kreiger Vista,Foxborough,Massachusetts,Norfolk County,25021,02035,42.03803800874735,-71.23722044405264,143915.01,159231.29,98735
48b46537-26b1-a149-da62-ced037444d6a,1981-08-19,,999-19-6393,S99975466,X15649311X,Mrs.,Celine582,Jacki842,Spinka232,,Watsica258,M,white,nonhispanic,F,Leicester  Massachusetts  US,525 Walsh Flat,Freetown,Massachusetts,Bristol County,,00000,41.799251134582335,-70.98877648192804,273501.12,603976.03,140043
0794d2b3-e400-9898-8f3c-62c1235e55e6,2008-04-07,,999-50-6892,S99948785,,Mr.,Shon148,Jefferson174,Bahringer146,,,,white,nonhispanic,M,Holliston  Massachusetts  US,213 Ratke Gateway Unit 94,Marblehead,Massachusetts,Essex County,25009,01945,42.49285595983492,-70.83604114870509,32636.13,30717.46,994720
fe392f37-7b98-ea00-2d25-8f6dcf760f09,1983-01-06,,999-90-5356,S99910856,X19333936X,Mrs.,David908,Malia984,Waelchi213,,Schoen8,M,black,nonhispanic,F,Gardner  Massachusetts  US,808 Grant Center Apt 63,Millers Falls,Massachusetts,Franklin County,25011,01349,42.517288510462485,-72.52415148251697,323931.02,465826.59,61357
e19b5306-2ca6-183a-a7b2-5817d17c83ec,1986-02-15,,999-43-4994,S99976876,X39325261X,Mr.,Kenny207,,Heaney114,,,M,white,nonhispanic,M,Boston  Massachusetts  US,323 Lynch Estate Suite 22,Southbridge,Massachusetts,Worcester County,25027,01550,42.091357052506694,-72.07033537213432,122362.78,19776.13,48658
ae2a58ea-152c-fb2c-961d-8014754a3fa5,2022-12-03,,999-45-7916,,,,Donnell534,Quinton758,Haley279,,,,white,nonhispanic,M,Northbridge  Massachusetts  US,428 Spinka Green,Concord,Massachusetts,Middlesex County,,00000,42.45786859843154,-71.31556510795404,15285.37,7728.07,861381
ebf78513-4f16-7619-96b8-583cbdd60996,1957-01-25,,999-44-9928,S99953058,X22483824X,Mrs.,Emerald468,,Carroll471,,Johns824,M,black,nonhispanic,F,Boston  Massachusetts  US,976 Yundt Walk,Peabody,Massachusetts,Essex County,25009,01960,42.53809763604583,-70.9390222719872,1059763.33,859158.43,49670
655ecf8c-69bf-6af9-08cc-a8c9f256a378,1998-08-23,,999-56-1954,S99997922,X86074215X,Mrs.,Natividad796,Shari363,Morissette863,,Brakus656,M,white,nonhispanic,F,Peabody  Massachusetts  US,613 Sauer Loaf,Holden,Massachusetts,Worcester County,,00000,42.37675108048868,-71.87634028006268,165531.86,304679.65,147944
3a86485e-3e44-8bcb-1ddd-0afd58eaaf86,1992-09-17,,999-63-2796,S99964184,X35373779X,Mr.,Harold594,Timothy142,Johnson679,,,S,white,nonhispanic,M,Sharon  Massachusetts  US,873 Harvey Branch,Taunton,Massachusetts,Bristol County,25005,02780,41.902184791846466,-71.15752283958152,81402.85,648155.29,71583
80778082-8218-0ae3-2e4f-094a581a2407,1970-06-22,2026-06-30,999-35-3278,S99945468,X54052248X,Mr.,Teodoro374,,Cornejo190,,,M,white,hispanic,M,La Paz  Baja California  MX,424 Rutherford Trace Apt 5,Paxton,Massachusetts,Worcester County,,00000,42.31673891455175,-71.90095245102619,55783.20,816796.69,173496
c12ad117-8daa-0012-1a66-560b534d4984,2001-04-10,,999-53-1985,S99949882,X41002582X,Mr.,Wendell199,Harrison106,Kunze215,,,,white,nonhispanic,M,Peabody  Massachusetts  US,485 Predovic Mall,Westwood,Massachusetts,Norfolk County,,00000,42.21828825802072,-71.24263561404311,53313.89,9287.39,784406
2fcef366-e164-d8c6-dfd6-658ea5248349,2025-07-28,,999-72-7356,,,,Gay359,Camelia346,Powlowski563,,,,hawaiian,nonhispanic,F,Haverhill  Massachusetts  US,1011 O'Hara Underpass,Somerville,Massachusetts,Middlesex County,25017,02145,42.39525862416224,-71.10858877492436,3721.90,0.00,56074
863c4391-decb-6566-b4ad-4e529f46be53,1993-03-19,,999-43-5890,S99915231,X93123683X,Ms.,Clementina782,,Farrell962,,,S,white,nonhispanic,F,Beverly  Massachusetts  US,489 Schmeler Extension,Waltham,Massachusetts,Middlesex County,25017,02472,42.33736064366674,-71.27552206432908,22603.92,1046422.02,204007
22ce2deb-dfbf-97d6-f6ac-0b051c87602b,2007-10-24,,999-56-2568,S99919158,,Ms.,Karen597,Johnna810,Lynch190,,,,white,nonhispanic,F,Norwood  Massachusetts  US,578 Krajcik View Apt 56,Ipswich,Massachusetts,Essex County,25009,01938,42.66651077689705,-70.80166636479876,103187.59,665157.59,88633
18867bdc-4a7c-e391-79d1-fe84948a6d70,1954-03-28,1996-04-30,999-35-9016,S99951927,X30931760X,Mr.,Abdul218,Sammy219,Christiansen251,,,D,white,nonhispanic,M,Worthington  Massachusetts  US,752 Kiehn Course Unit 79,North Adams,Massachusetts,Berkshire County,25003,01247,42.67587729123307,-73.10793574927361,13273.38,138042.25,18378
3c867bbc-a012-8008-8eec-3e33eb1809de,2026-01-18,,999-91-4072,,,,Zachery872,Clement78,Champlin946,,,,white,nonhispanic,M,Burlington  Massachusetts  US,120 Jones Manor Apt 69,Cordaville,Massachusetts,Worcester County,,00000,42.25364800645701,-71.48550045422667,1913.85,1823.40,945752
391f9011-fe08-0499-984e-d3da27cad378,1971-08-17,2023-04-10,999-46-3491,S99985906,X01685169X,Mr.,Humberto482,,Keebler762,,,M,white,nonhispanic,M,Salisbury  Massachusetts  US,777 Sporer Terrace Apt 77,Plymouth,Massachusetts,Plymouth County,25023,02360,41.86035361835039,-70.59822866433396,48254.47,267571.87,2384
7e2b8465-c8b1-a4e0-5186-33b9db40fea7,2001-02-13,,999-95-9347,S99934625,X84119564X,Ms.,Karissa612,Rosenda12,Cole117,,,,white,nonhispanic,F,Brockton  Massachusetts  US,280 DuBuque Trailer,Lexington,Massachusetts,Middlesex County,25017,02421,42.44269870712837,-71.21783945646733,56533.26,161004.82,610686
82ba3061-954e-4f9b-966d-a4384e212bed,1951-06-29,,999-11-9144,S99919837,X83106776X,Mr.,Gale827,,Stehr398,,,M,white,nonhispanic,M,Weymouth  Massachusetts  US,916 Wilkinson Forge,Brockton,Massachusetts,Plymouth County,25023,02302,42.065139710673776,-71.05218166348178,270124.28,73869.75,49498
07d50a90-8cbc-d42c-bea8-b628b36aaa49,2004-12-15,,999-18-6584,S99944121,X46401792X,Mr.,Romeo514,Marcelo725,Dickinson688,,,,asian,nonhispanic,M,Worcester  Massachusetts  US,771 Emmerich Harbor Suite 21,Southampton,Massachusetts,Hampshire County,,00000,42.204929906979196,-72.71234339961433,64727.80,568576.06,35098
3eaf4212-3f96-9b8d-4e23-c8f89569c19a,1972-03-06,,999-88-5049,S99927407,X57578188X,Mrs.,Nguyet780,Sasha806,Marquardt819,,Keebler762,M,white,nonhispanic,F,Northampton  Massachusetts  US,624 Ledner Gardens Unit 90,Maynard,Massachusetts,Middlesex County,25017,01754,42.458897545834404,-71.49565915267783,9907.20,330860.91,16569
686acc40-65b7-4cfb-46b9-a621392901d8,2000-10-30,,999-98-4404,S99995698,X03472062X,Mr.,Ethan766,Laurence43,Ullrich385,,,,white,nonhispanic,M,Worcester  Massachusetts  US,460 Terry Ville,Weston,Massachusetts,Middlesex County,,00000,42.40121141279314,-71.28290358938784,115441.16,582544.00,720957
220a96e9-fc5b-dff8-dc05-a868e4b03e55,1988-02-25,,999-74-1677,S99987691,X44831812X,Mrs.,Corey514,Leigha840,Swift555,,Reichel38,M,white,nonhispanic,F,Chicopee  Massachusetts  US,358 Kozey Parade Unit 41,Agawam,Massachusetts,Hampden County,25013,01001,42.07295072023692,-72.67306996124756,11617.48,784841.57,17099
ec922b9b-7ae6-687e-56fb-78fdb36cbf7f,1970-07-22,2020-08-13,999-87-2262,S99991730,X06467646X,Mrs.,Caren429,Cindi877,Fisher429,,Gutmann970,D,white,nonhispanic,F,Somerville  Massachusetts  US,411 Abernathy Drive,Hopkinton,Massachusetts,Middlesex County,25017,01748,42.177448280814254,-71.55096834135843,214067.44,279883.96,136925
4cb7da76-b2d5-df13-8842-caf8f4b5e31d,1970-03-29,,999-48-5044,S99995083,X13454670X,Mrs.,Zoraida650,Shavonda114,Hamill307,,Dietrich576,M,white,nonhispanic,F,Boston  Massachusetts  US,696 King Vale,Duxbury,Massachusetts,Plymouth County,25023,02332,42.08341935686699,-70.70394967292575,801242.01,278611.45,42662
c91886d4-97f2-952a-92c8-553e846c05e8,1980-09-07,,999-36-1262,S99991864,X89713650X,Ms.,Florencia449,Estela596,Limón43,,,S,white,hispanic,F,Bogota  Bogota  CO,636 Jacobson Spur,Dartmouth,Massachusetts,Bristol County,,00000,41.51791295597967,-70.94630079771973,268848.48,590877.41,148162
cb92adf5-a910-76d6-07cb-8726753047ba,2004-10-23,,999-73-5225,S99919553,X43338437X,Mr.,Jackie93,,Littel644,,,,white,nonhispanic,M,Rockland  Massachusetts  US,521 Dooley Esplanade Suite 78,Leominster,Massachusetts,Worcester County,25027,01453,42.51817399344657,-71.74263935665758,11386.30,732861.38,5801
8c76ea4b-1cf5-1801-c48a-73fb66bf1734,1980-05-26,,999-68-9852,S99934549,X89070940X,Mrs.,Ana Luisa894,Berta524,Romero158,,Perea353,M,white,hispanic,F,Juarez  Chihuahua  MX,981 Cole Dale,Boston,Massachusetts,Suffolk County,25025,02127,42.364323580287184,-71.075904380431,76958.21,1535489.61,10597
17b574a3-24c3-3120-2dd8-e1b1bd883cd1,2006-04-14,,999-97-8912,S99927728,X63800103X,Ms.,Tennie915,Mitzie610,Will178,,,,white,nonhispanic,F,Boston  Massachusetts  US,410 Kuphal Trafficway Suite 11,Norton Center,Massachusetts,Bristol County,,00000,41.92451533127685,-71.21867486383418,201958.71,764.08,49877
3286fd5e-bf15-cef3-5593-95a5b0932e23,1970-06-22,,999-46-6310,S99944121,X13881832X,Mr.,Alberto639,Esteban536,Bañuelos542,,,M,white,hispanic,M,Ponce  Puerto Rico  PR,395 Ernser Dale Apt 28,Paxton,Massachusetts,Worcester County,,00000,42.30713044545768,-71.97823465569438,167432.76,36906.63,173496
be6527f6-3843-71a2-fd4d-e2713eafda1f,2023-10-22,,999-62-1500,,,,Mary779,Dulce933,Ortiz186,,,,white,nonhispanic,F,Somerville  Massachusetts  US,177 Little Plaza,Edgartown,Massachusetts,Dukes County,,00000,41.3955523469898,-70.43364883933306,1732.12,11107.50,33538
9d16f931-9b44-40d6-b9eb-ba4dfebb478a,1961-02-19,2022-12-24,999-30-3596,S99946511,X35015227X,Mrs.,Elizbeth263,Terri848,Braun514,,Ritchie586,W,white,nonhispanic,F,Framingham  Massachusetts  US,1059 Pollich Spur,Springfield,Massachusetts,Hampden County,25013,01013,42.14019380135175,-72.5758797461122,226447.76,1458508.60,178548
075403df-50af-458e-ca7e-c25119353ba5,2014-05-30,,999-26-8818,,,,Lincoln623,Brock407,Bruen238,,,,white,nonhispanic,M,Northampton  Massachusetts  US,192 Bahringer Street,Whately,Massachusetts,Franklin County,,00000,42.45658365659935,-72.62757324630944,39647.40,0.00,51349
0da84909-72e1-099a-d5e9-d7b42516518e,1952-09-01,1998-03-31,999-38-4270,S99997459,X18828459X,Ms.,Shonta375,Terri848,Nienow652,,,S,white,nonhispanic,F,East Longmeadow  Massachusetts  US,249 Kris Ferry Apt 8,Springfield,Massachusetts,Hampden County,25013,01129,42.15775362120746,-72.50752291493039,330406.08,27903.46,46822
33e00bfe-2d7c-2344-dbcd-20f8eeb6e1c1,1920-04-17,,999-32-3833,S99992859,X66573586X,Mrs.,Christen366,Rutha66,Crona259,,Block661,M,black,nonhispanic,F,Burlington  Massachusetts  US,844 McLaughlin Crossroad Suite 10,Kingston,Massachusetts,Plymouth County,25023,02364,41.951347706377284,-70.74019343571804,325105.40,1285438.91,287027
a35adffc-b353-486d-242c-562b54b758f3,1924-03-28,2016-06-20,999-33-5583,S99972478,X12203762X,Mrs.,Lola232,,Hagenes547,,Kutch271,D,white,nonhispanic,F,Springfield  Massachusetts  US,1067 Schiller Ranch Suite 8,Hopkinton,Massachusetts,Middlesex County,25017,01748,42.189938258257634,-71.58474831900718,155645.77,1019435.86,188686
843c780e-c818-205c-78e2-2fb8f157e27c,1971-08-17,,999-44-4442,S99940856,X82379404X,Mr.,Genaro214,Jamal145,Pfeffer420,,,S,white,nonhispanic,M,Dudley  Massachusetts  US,800 Metz Lock Apt 7,Plymouth,Massachusetts,Plymouth County,25023,02360,41.84363570550469,-70.58514790397078,12474.59,190841.23,2384
3dc688b4-c115-dcad-e161-7022f9100253,2023-09-03,,999-21-2280,,,,Stewart672,Reyes140,Waelchi213,,,,white,nonhispanic,M,Franklin  Massachusetts  US,542 Schulist Mission,Rockport,Massachusetts,Essex County,25009,01966,42.669135064816516,-70.58910965119966,445.86,14150.13,14595
83e58bbc-ba55-feb6-b072-aa0843838d6a,1967-06-14,,999-26-4706,S99953098,X55960554X,Mrs.,Tamisha203,Nola814,Watsica258,,Gleichner915,M,white,nonhispanic,F,Everett  Massachusetts  US,889 Trantow Annex,Boston,Massachusetts,Suffolk County,25025,02111,42.32360434322826,-71.04764255448454,542084.13,860806.01,72195
b10f8da9-d8dd-49f9-886e-cf9e633be06d,1954-03-28,,999-56-5971,S99964852,X58897610X,Mr.,Numbers230,,Wilkinson796,,,D,white,nonhispanic,M,Springfield  Massachusetts  US,854 Weissnat Parade Apt 61,North Adams,Massachusetts,Berkshire County,25003,01247,42.68629037419299,-73.11621227196358,13680.55,301692.10,18378
522c6fa0-8c57-b88f-a8d5-18fa8022ce47,1975-03-19,,999-25-9475,S99988622,X77543858X,Mr.,Angel97,Darryl392,Kub800,,,S,white,nonhispanic,M,Hopkinton  Massachusetts  US,116 Keeling Tunnel Unit 27,Plymouth,Massachusetts,Plymouth County,25023,02360,41.90134993886111,-70.60615610624666,9027.49,138045.71,17783
4ca6faa8-8f71-a27a-8bbb-025aa09bdd57,1992-06-08,,999-79-1227,S99989714,X36978547X,Ms.,Rosalva540,Jordan900,Zulauf375,,,S,white,nonhispanic,F,Fall River  Massachusetts  US,944 Klein Underpass,Milton,Massachusetts,Norfolk County,25021,02186,42.25694366420865,-71.09898285054231,405927.76,59268.90,73400
4ba28da0-d558-d79d-695f-4ae5e3809c73,1970-07-22,,999-81-2823,S99971007,X93043943X,Mrs.,Violet769,Brooke250,Kirlin939,,Kutch271,M,white,nonhispanic,F,Springfield  Massachusetts  US,841 Goldner Hollow,Hopkinton,Massachusetts,Middlesex County,25017,01748,42.25090377140877,-71.57101426255224,352236.73,463612.55,136925
3deb50f6-ca42-ccad-c928-21d640975bf4,1948-12-15,,999-19-1837,S99971715,X98473434X,Mrs.,Meri607,Fay398,Pfannerstill264,,Pfannerstill264,M,white,hispanic,F,North Seekonk  Massachusetts  US,467 Wolff Lane,Quincy,Massachusetts,Norfolk County,25021,02186,42.274794362067105,-71.10799668087903,372383.32,972551.05,121068
2615e2c0-f252-d230-6d06-1a70d3a3712e,1992-01-16,2007-12-27,999-35-3665,,,,Nikita578,Esta787,Bernhard322,,,,white,nonhispanic,F,Natick  Massachusetts  US,1044 Corkery Throughway,Boston,Massachusetts,Suffolk County,25017,02467,42.31667561085293,-71.14438865589386,3067.32,114597.86,26135
015fc143-43d9-8b7c-d507-d54265f69d72,1968-04-11,2025-04-08,999-86-9949,S99980382,X38628714X,Ms.,Adria871,Miguelina323,Mitchell808,,,S,white,nonhispanic,F,Hanover  Massachusetts  US,173 Langosh Row,Freetown,Massachusetts,Bristol County,,00000,41.80551977748699,-71.00123212228378,552184.76,323891.38,88118
6e9f0097-bed9-1b64-3e72-460bcca523c7,2007-02-28,,999-29-2713,S99941352,,Mr.,Jason347,Johnnie679,Baumbach677,,,,black,nonhispanic,M,Arlington  Massachusetts  US,999 Kuhlman Stravenue Apt 87,Bedford,Massachusetts,Middlesex County,25017,01730,42.511125248176135,-71.31557677185371,83065.73,22066.25,602041
18ca8e49-9487-c658-7990-1e8391a77627,2026-05-17,,999-19-5957,,,,Basil991,Carson894,Baumbach677,,,,white,hispanic,M,Boston  Massachusetts  US,1085 Muller Terrace,Webster,Massachusetts,Worcester County,25027,01570,42.012201215510316,-71.83239380618619,7224.56,1695.83,54187
0e74d49b-3e82-db7b-7c8a-1e9b32743d6e,1978-03-27,,999-80-4352,S99941684,X54238094X,Mrs.,Marianne327,,Weissnat378,,Harber290,M,black,nonhispanic,F,Boston  Massachusetts  US,497 Hahn Harbor Suite 42,Boston,Massachusetts,Suffolk County,25025,02115,42.32440590308563,-71.08763841299839,336769.44,1026785.45,170550
4719d1ee-be49-38ff-e7de-ad1991546e69,2008-05-14,,999-31-7830,S99934342,,Mr.,Walter473,Rafael239,Hammes673,,,,asian,nonhispanic,M,Incheon  Incheon  KR,528 Bernier Quay Unit 64,Southborough,Massachusetts,Worcester County,,00000,42.33981189210392,-71.57429522856548,3078.00,52275.99,18225
68e985e2-fc6c-d667-72f2-bbd918b9fda4,2008-02-25,,999-18-3686,S99943848,,Ms.,Tessa832,Portia383,Heller342,,,,white,nonhispanic,F,North Attleborough  Massachusetts  US,698 Witting Quay Apt 19,Billerica,Massachusetts,Middlesex County,,00000,42.60030960980826,-71.2468415867559,73857.48,16183.54,41729
529844f5-a159-7cfe-f848-3073a4b98164,1970-09-13,,999-72-3503,S99962345,X38052609X,Ms.,Collene784,,Dietrich576,,,S,white,nonhispanic,F,Grafton  Massachusetts  US,197 Hyatt Green Unit 36,Taunton,Massachusetts,Bristol County,25005,02767,41.88698744511717,-71.13378972112064,20022.55,1156552.14,5431
fe3e62c7-4133-e9ca-610e-21257af154d4,2004-06-04,,999-44-1228,S99961308,X32438508X,Ms.,Elza246,Florrie453,Hegmann834,,,,white,nonhispanic,F,Duxbury  Massachusetts  US,882 Stroman Approach Suite 57,Buzzards Bay,Massachusetts,Barnstable County,25001,02542,41.70822544892913,-70.556319215531,5694.80,244140.17,22706
ca556da7-aa52-d66c-62ac-d8f14d792182,1942-04-07,2021-12-15,999-29-5376,S99971551,X71771745X,Mr.,Denver542,Ray930,Heaney114,,,M,white,nonhispanic,M,Littleton Common  Massachusetts  US,214 Lesch Extension,Sutton,Massachusetts,Worcester County,,00000,42.16826564018124,-71.76945677347543,191037.68,129397.33,99112
536a4b18-1337-11e6-875b-6957febf3886,1960-01-06,,999-86-9535,S99948089,X43982778X,Mr.,Clarence5,,O'Kon634,,,M,white,hispanic,M,Worcester  Massachusetts  US,548 Harvey Corner Suite 97,Salisbury,Massachusetts,Essex County,25009,01952,42.85223218506092,-70.79493307040221,167463.34,206727.66,188609
85069fc1-05e7-2059-03f8-cc86b515c38d,2011-08-18,,999-30-5061,,,,Alfonso758,Gonzalo160,Montez99,,,,white,hispanic,M,San Juan  Puerto Rico  PR,435 Torp Track Apt 67,Worcester,Massachusetts,Worcester County,25027,01608,42.34560566183753,-71.81492170828575,13165.14,377886.39,146011
dfeb1b09-d649-634b-3165-7631bba11e10,1952-09-01,,999-32-3369,S99921136,X56634852X,Mrs.,Stacia109,Melanie283,Monahan736,,Legros616,M,white,nonhispanic,F,Worcester  Massachusetts  US,1056 Volkman Drive,Springfield,Massachusetts,Hampden County,25013,01104,42.10438007990808,-72.57250078247613,1135673.84,320865.76,46822
bf1fef4b-39df-e9e4-cb09-a06255d0a540,1992-01-16,,999-21-7110,S99939925,X37632607X,Mrs.,Tawna357,Tam840,Williamson769,,Ryan260,M,white,nonhispanic,F,Wellesley  Massachusetts  US,650 Beier Path Apt 67,Boston,Massachusetts,Suffolk County,25025,02134,42.32791758058426,-71.09548297675938,74005.33,595830.64,26135
501bd996-8fd5-5b7e-e87e-4001a49283b7,1954-09-02,1993-04-15,999-46-4831,S99992074,X10380060X,Mrs.,Missy373,,Champlin946,,Sawayn19,M,white,nonhispanic,F,Boston  Massachusetts  US,523 Connelly Wynd,Revere,Massachusetts,Suffolk County,25025,02151,42.401131375540885,-70.95902489912812,637841.84,88296.10,48727
8c6b94a6-0502-2911-7622-54d7500f2e4d,2021-02-16,,999-68-4317,,,,Rebbecca977,Alycia285,Swift555,,,,white,nonhispanic,F,Lowell  Massachusetts  US,775 Yost Tunnel,Bridgewater,Massachusetts,Plymouth County,25023,02324,42.00349879979616,-70.94869890034886,8975.44,8020.33,30152
5e1a2ffa-2c4e-3382-0def-834261005d27,2003-08-06,,999-48-6422,S99952680,X60168509X,Mr.,Reynaldo722,Efrain317,Dietrich576,,,,white,nonhispanic,M,Everett  Massachusetts  US,263 Witting Rue Apt 40,Needham,Massachusetts,Norfolk County,25021,02492,42.283663156523346,-71.24388965238303,53697.39,4469.75,149672
a4b36eef-edbf-c11f-0d3b-27ffefa07dc9,1995-01-13,,999-54-6650,S99929606,X73227039X,Mrs.,Lona294,Zana914,Stanton715,,Mayert710,M,hawaiian,nonhispanic,F,Quincy  Massachusetts  US,821 Mohr Union,Cambridge,Massachusetts,Middlesex County,25017,02142,42.409054136093644,-71.09123713064724,92698.20,331029.43,58755
b541adb4-0f3e-ee35-6d22-196313b86d1d,1990-07-21,,999-15-6648,S99993557,X57289148X,Ms.,Rosana394,Lou594,Howell947,,,S,white,nonhispanic,F,Lawrence  Massachusetts  US,606 VonRueden Park Suite 17,Norwood,Massachusetts,Norfolk County,25021,02062,42.194987143371435,-71.2212190121024,118293.42,550401.89,97521
e4e8254d-213d-0e94-2cbf-01cd71407cd2,1965-12-09,,999-23-7521,S99965964,X63851750X,Mr.,Ellis535,Toney527,Pfeffer420,,,M,white,nonhispanic,M,Lawrence  Massachusetts  US,310 Dietrich Row Suite 15,Springfield,Massachusetts,Hampden County,25013,01105,42.094622036330826,-72.60322377355772,503745.24,402374.16,43142
a2cecfff-9c67-6fa1-ecb3-b879f2c26b2d,2000-07-20,,999-35-8355,S99971977,X75812586X,Mr.,Morton637,,Steuber698,,,,white,nonhispanic,M,Peabody  Massachusetts  US,178 Renner Key,North Attleborough,Massachusetts,Bristol County,,00000,41.95566394689046,-71.36978969159345,31317.16,25093.75,189372
083436e0-4b3d-7ed1-f553-dacaee4e0c39,1960-11-14,1994-06-05,999-24-8806,S99996870,X54560853X,Ms.,Mary779,Georgine810,Tremblay80,,,S,white,nonhispanic,F,Quincy  Massachusetts  US,870 Rohan Club Unit 93,Chelmsford,Massachusetts,Middlesex County,,00000,42.63000949906123,-71.38044245493401,383084.12,23502.23,106958
b0f94ab2-188b-416b-eac9-16dae40e94be,1998-09-01,,999-75-3204,S99964438,X84572533X,Mr.,Julian715,Ulysses632,Walsh511,,,M,hawaiian,nonhispanic,M,Springfield  Massachusetts  US,603 Friesen Union,Boston,Massachusetts,Suffolk County,25025,02116,42.34952213158527,-71.03577598192442,71770.43,0.00,64458
964f95f9-4e9d-78d3-e5b4-f6027cdfca2c,1978-12-22,,999-74-9057,S99955300,X35180636X,Mr.,Donnell534,Jermaine675,Rodriguez71,,,M,white,nonhispanic,M,Montague  Massachusetts  US,222 Labadie Station,Leominster,Massachusetts,Worcester County,25027,01420,42.541967743358505,-71.78844910498249,595027.14,1006935.64,102753
b92a8fd9-4139-072f-5606-889f162f9f48,1957-08-18,,999-73-9726,S99992330,X37627818X,Mrs.,Bertie593,Many655,Upton904,,Hudson301,M,white,nonhispanic,F,Lawrence  Massachusetts  US,324 Klocko Frontage road Unit 52,Malden,Massachusetts,Middlesex County,25017,02155,42.46123040260768,-71.0961747811972,975711.08,62506.38,117184
7562d289-8eb8-ac1b-66d7-71560b918054,1957-07-08,,999-16-2892,S99954200,X72859993X,Mr.,Dana512,Dannie881,Keeling57,,,M,white,nonhispanic,M,Boston  Massachusetts  US,409 Moore Station Suite 32,Hudson,Massachusetts,Middlesex County,25017,01749,42.380243631343845,-71.57491318514795,131514.15,26320.19,54593
572b0d9c-127e-2506-5f62-06b8c8851829,2014-10-17,,999-82-8778,,,,Soila394,Fern75,Langworth352,,,,white,nonhispanic,F,Belchertown  Massachusetts  US,391 Barton Loaf,Chicopee,Massachusetts,Hampden County,25013,01022,42.15562491982921,-72.52816482288831,31237.29,15542.87,58423
e6b1b5d6-ceb1-c697-eab7-550e956f3d31,1957-08-03,,999-82-5834,S99956932,X28874383X,Mrs.,Christiana224,,Bergnaum523,,Stoltenberg489,D,white,nonhispanic,F,Athol  Massachusetts  US,182 Hegmann Vista Unit 7,Marlborough,Massachusetts,Middlesex County,25017,01752,42.354602520091184,-71.50758441748219,205802.77,182334.89,904994
add6a8d3-a153-1327-5a5e-8a951067cd1c,1942-04-07,1999-07-07,999-18-1611,S99956326,X50552280X,Mr.,Harris789,,Watsica258,,,M,white,nonhispanic,M,Haverhill  Massachusetts  US,380 Orn Arcade Apt 13,Sutton,Massachusetts,Worcester County,,00000,42.08233254030396,-71.73993756211115,37670.92,163099.56,99112
87401781-71cc-7981-ef43-dc17156e2cb1,1961-02-19,,999-20-9018,S99969895,X15096456X,Mrs.,Willow678,Yi864,Pacocha935,,Purdy2,W,white,nonhispanic,F,Marblehead  Massachusetts  US,948 Donnelly Alley,Springfield,Massachusetts,Hampden County,25013,01107,42.0761917716747,-72.53193414532623,213837.83,897949.24,178548
5376734d-0648-054f-2cdf-f9ce4640196d,2011-11-23,,999-60-4356,,,,Elbert916,Clyde817,Berge125,,,,white,nonhispanic,M,New Bedford  Massachusetts  US,439 Hudson Ramp,Plymouth,Massachusetts,Plymouth County,25023,02360,41.92504175154444,-70.61039170944584,45028.22,0.00,101645
3f970f60-85d9-b339-50e8-3e05f2d65ecc,1989-08-21,,999-34-5438,S99940143,X70778827X,Mr.,Saul605,,Heaney114,,,S,white,nonhispanic,M,Foxborough  Massachusetts  US,227 Leffler Knoll,Everett,Massachusetts,Middlesex County,25017,02148,42.42947028875876,-71.07426431818183,430447.13,316934.37,47432
1d73ed07-6330-7341-5de9-262f684b5bef,1974-04-23,,999-51-7311,S99955910,X73060162X,Mr.,Mariano761,Rusty501,Mraz590,,,M,hawaiian,nonhispanic,M,Newbury  Massachusetts  US,152 Kuphal Port Suite 23,Arlington,Massachusetts,Middlesex County,25017,02474,42.43858278691537,-71.18836912881069,90770.22,10435.07,61432
6e3f72d1-3674-af97-0216-5a6a7c62a9d4,2020-11-20,,999-89-4208,,,,Shantae970,,Ortiz186,,,,white,nonhispanic,F,Granby  Massachusetts  US,696 Durgan Orchard,Adams,Massachusetts,Berkshire County,25003,01220,42.63986752216824,-73.11968113542262,13369.73,592.40,35204
96e15db8-2cf7-37d7-b5da-10141e300c4d,1924-03-28,1976-11-23,999-85-6048,S99937826,X91230192X,Mrs.,Eneida722,Torri758,Simonis280,,Jacobson885,M,white,nonhispanic,F,North Andover  Massachusetts  US,525 Strosin Landing Apt 21,Hopkinton,Massachusetts,Middlesex County,25017,01748,42.185329027792804,-71.55707299971618,387132.42,1290468.12,188686
ae37adc1-0da9-21cb-6aa9-fcd75d3ca8c4,1972-06-14,,999-28-4544,S99921578,X21628613X,Ms.,Cristi782,Eve68,Hintz995,,,S,white,nonhispanic,F,Pittsfield  Massachusetts  US,469 Hills Quay Apt 25,Leyden,Massachusetts,Franklin County,,00000,42.72249855079991,-72.647723279913,282783.96,247733.12,134427
5c72f992-3233-e412-1a26-1b3391116661,1968-04-11,,999-91-3366,S99957567,X02839080X,Mrs.,Cami698,Lucia634,Runolfsdottir785,,Kemmer137,W,white,nonhispanic,F,Sandwich  Massachusetts  US,804 Feil Wynd Apt 16,Freetown,Massachusetts,Bristol County,,00000,41.78362711971315,-71.05772032248662,678453.11,577758.32,88118
0fbd550a-7a89-0825-0b30-3cd650acb2bf,1959-12-13,,999-83-1289,S99925705,X26598667X,Mrs.,Leoma634,Ji399,Hermann103,,Kreiger457,M,black,nonhispanic,F,Bliss Corner  Massachusetts  US,561 Larson Vista Unit 73,Springfield,Massachusetts,Hampden County,25013,01013,42.21302491883104,-72.61044453290593,828104.95,228546.40,97528
12d7af60-b3f3-4775-f97d-b84b1cab9d14,1943-10-29,,999-67-9488,S99912328,X00481976X,Mr.,Elias404,Lindsey52,Heathcote539,,,M,white,nonhispanic,M,Lowell  Massachusetts  US,571 Stark Spur Apt 26,Norfolk,Massachusetts,Norfolk County,,00000,42.118758616769554,-71.31372801666099,332371.21,1050529.16,778594
8d6b8e64-4f88-2eec-7ba3-5233fd22554e,2009-02-06,,999-38-6428,S99993099,,,Eladia866,Candis134,Raynor401,,,,white,nonhispanic,F,Boston  Massachusetts  US,152 Lynch Ranch Unit 42,Peabody,Massachusetts,Essex County,25009,01960,42.514117605065614,-71.03083374649562,24772.32,14321.61,110793
5adae170-2e73-2891-2ba8-3d3825b0d7c6,1957-07-22,,999-52-6806,S99930992,X42630520X,Mr.,Nicolás801,Rubén780,Gaitán874,,,M,white,hispanic,M,Mexico City  Mexico City  MX,654 Rice Park Suite 45,Saugus,Massachusetts,Essex County,25009,01906,42.44497634688646,-71.06211865916605,265762.92,161087.21,46777
d0e61875-8040-033f-4fa4-8ea717323d3d,1994-09-28,,999-57-7698,S99914878,X87999258X,Mrs.,Hettie215,Johnette525,Ziemann98,,Moen819,M,white,nonhispanic,F,Boston  Massachusetts  US,241 Brakus Bridge,Marion,Massachusetts,Plymouth County,,00000,41.726999560542225,-70.72800999316071,116950.52,187621.52,117671
fcb804f6-f74b-920b-89f1-a0e1fb7257d2,2001-07-19,,999-76-2495,S99977302,X46440318X,Ms.,Sherry479,Elly836,Hansen121,,,,white,nonhispanic,F,Salisbury  Massachusetts  US,910 Hintz Orchard,Tewksbury,Massachusetts,Middlesex County,,00000,42.587566584571256,-71.18376447411875,73812.31,159065.25,69065
2a4bd4e9-3df5-5aa7-bc30-dbb222b16764,1933-02-04,1963-05-04,999-69-6153,S99933328,X27868065X,Mr.,Dan465,,O'Hara248,,,S,white,nonhispanic,M,Brockton  Massachusetts  US,161 Lubowitz Course,Agawam,Massachusetts,Hampden County,25013,01030,42.096342017198964,-72.66141060836918,159692.31,532575.95,32025
8ba1f42f-56ce-0e88-d385-d041d2b0ffe3,1946-02-01,1998-07-28,999-10-7382,S99941497,X89744039X,Mr.,Hollis7,Dean966,Parisian75,,,M,white,nonhispanic,M,Somerville  Massachusetts  US,495 O'Reilly Well,Dartmouth,Massachusetts,Bristol County,,00000,41.57774041969613,-70.9263657046244,8661.37,119936.64,11194
4cb7254d-7d8c-87f8-28eb-f582d2af0f36,2002-06-22,,999-63-9569,S99945788,X41706992X,Mr.,Randall756,,O'Reilly797,,,,black,nonhispanic,M,Yarmouth Port  Massachusetts  US,788 Thompson Trace Unit 46,Longmeadow,Massachusetts,Hampden County,25013,01106,42.07760121584005,-72.61115811508886,42003.74,14711.39,161377
aedbc50e-1a01-a0d0-a214-df47a79dd61e,1951-01-13,,999-81-5135,S99950814,X57946578X,Mr.,Ross213,Kasey569,Rempel203,,,S,white,nonhispanic,M,North Brookfield  Massachusetts  US,1070 Botsford Lock,South Yarmouth,Massachusetts,Barnstable County,25001,02664,41.68613745909046,-70.23069638677511,13857.71,279653.21,22976
9a3c4417-214b-4abd-edf0-0cc6856602e3,1987-07-26,2016-08-21,999-71-4358,S99980741,X53339082X,Mrs.,Lurline371,Janis361,Crooks415,,Wintheiser220,M,white,nonhispanic,F,Warren  Massachusetts  US,559 Gulgowski Corner Suite 66,Shrewsbury,Massachusetts,Worcester County,,00000,42.25094693586055,-71.68826905573675,199955.95,481429.62,144303
bfa95fd8-d2d8-91fe-9e16-cd81263fd13d,1990-09-09,,999-94-6383,S99979622,X75232725X,Mrs.,Terisa250,,Dach178,,Metz686,M,other,nonhispanic,F,Longmeadow  Massachusetts  US,472 Nienow Wall Suite 0,Chelmsford,Massachusetts,Middlesex County,,00000,42.625457555053934,-71.33937396342687,168420.24,482115.88,163721
7a5ba45a-99f2-a753-ee7b-6f02b180913f,1953-02-06,,999-69-9748,S99969394,X78999553X,Ms.,Latonya462,,Schuster709,,,S,white,nonhispanic,F,Bourne  Massachusetts  US,426 Ritchie Mall Suite 50,Taunton,Massachusetts,Bristol County,25005,02718,41.945074696943585,-71.07965125765764,94085.53,942524.09,605
8a6b9dab-ae3f-94c6-0ce7-4dbf41696cee,1990-09-29,,999-23-4264,S99988120,X08715670X,Mr.,Emanuel231,Gino587,Reynolds644,,,D,white,nonhispanic,M,Haverhill  Massachusetts  US,650 Kling Mill Suite 16,Franklin,Massachusetts,Norfolk County,25021,02038,42.127126035579714,-71.4022744428779,78946.79,0.00,60156
5ef0fd11-c895-81f2-2645-e4adbd07ee18,2013-01-26,,999-65-5492,,,,Jonathon205,,Gerhold939,,,,white,nonhispanic,M,Yarmouth Port  Massachusetts  US,843 MacGyver Overpass Suite 37,Cambridge,Massachusetts,Middlesex County,25017,02138,42.341346951067365,-71.13080507431015,29793.25,587.39,183472
cc014ae4-d39d-c8dd-4c8a-f4225b07c8fb,1996-08-13,,999-97-9923,S99935985,X15377108X,Mrs.,Arnita817,Oscar384,Gulgowski816,,Crist667,M,black,nonhispanic,F,Cambridge  Massachusetts  US,220 Lebsack Promenade,Woburn,Massachusetts,Middlesex County,25017,01801,42.51223952774669,-71.10811877995239,143167.17,218359.01,80394
259f8cef-bb29-b0e5-2b06-ea24b15608b6,2010-09-22,,999-84-2199,,,,Dick869,Amado512,Cormier289,,,,white,nonhispanic,M,Franklin  Massachusetts  US,275 Stoltenberg Orchard Unit 10,North Reading,Massachusetts,Middlesex County,,00000,42.58443906201998,-71.09969597976217,47947.26,15183.95,144460
82bda5b9-a17c-b8f4-166d-a603c80b6ad9,1995-03-10,,999-10-7631,S99955043,X26257896X,Mrs.,Leticia253,Marisol435,Sáenz811,,Guevara385,M,asian,hispanic,F,Caracas  Capital District  VE,886 Bode Esplanade,Beverly,Massachusetts,Essex County,25009,01915,42.582428076025565,-70.88542384208404,43678.63,543806.43,72028
1d84be72-14a6-ea6c-79b6-8c897a884407,1960-11-14,2017-03-12,999-93-7508,S99970043,X45387619X,Mrs.,Luciana251,Stefania815,Doyle959,,Kuhic920,D,white,nonhispanic,F,Northbridge  Massachusetts  US,952 Gutmann Way,Chelmsford,Massachusetts,Middlesex County,,00000,42.61701633774185,-71.37780101368018,439768.42,1404101.76,106958
03e2aade-c61c-e0d5-856f-5e15931c0d89,1986-01-12,,999-56-3689,S99996628,X79707707X,Mr.,Nathanial472,,Satterfield305,,,S,white,nonhispanic,M,Concord  Massachusetts  US,639 Daniel Trace Suite 54,Springfield,Massachusetts,Hampden County,25013,01109,42.14148329071022,-72.5855868035584,111946.13,4895.82,44020
e64eafd1-a28f-d8fd-8bfc-8bc93cb12b36,1989-04-23,,999-41-3565,S99935813,X82382851X,Mr.,Hector463,Cole117,Lueilwitz711,,,M,white,hispanic,M,Salem  Massachusetts  US,677 Grimes Trace Unit 43,Lawrence,Massachusetts,Essex County,25009,01843,42.70579281367269,-71.1694578765764,100580.74,575691.83,34780
e62048c8-1f86-c038-0de9-26ee21bec8f1,1981-12-31,,999-37-3132,S99929162,X94168762X,Ms.,Easter642,Mavis612,Sanford861,,,S,white,hispanic,F,Saugus  Massachusetts  US,194 Kuhlman Course Suite 3,Boston,Massachusetts,Suffolk County,25025,02151,42.32338261117144,-71.0887349643709,299003.23,613515.65,138670
9fb99464-274e-878e-b60b-3fb9c8a75327,1942-04-07,,999-32-9417,S99919849,X91180145X,Mr.,Beau391,Morton637,Johns824,,,M,white,nonhispanic,M,Lawrence  Massachusetts  US,900 Pfeffer Track,Sutton,Massachusetts,Worcester County,,00000,42.17093247954183,-71.78339979422157,127983.66,104616.68,99112
41411f81-951d-07ed-f7b0-74aacb13ee66,1990-10-04,,999-14-9839,S99982764,X92579000X,Mr.,Luis923,Alfredo17,Porras535,,,M,white,hispanic,M,Kingston  Kingston  JM,710 Metz Forge Unit 34,Gloucester,Massachusetts,Essex County,25009,01930,42.576266218970645,-70.6421004651489,74759.89,0.00,72216
3874c8bd-02d7-dd57-e504-6c1b56637608,1974-10-02,1976-09-10,999-59-7422,,,,Naomi520,,Hartmann983,,,,white,nonhispanic,F,South Yarmouth  Massachusetts  US,1045 Bernier Harbor Unit 57,Williamstown,Massachusetts,Berkshire County,25003,01267,42.696079828827735,-73.20146331746304,6334.81,16306.89,185138
7862d327-b050-af74-3e6c-12f69dc92cc9,2013-08-06,,999-76-8662,,,,Mitch821,,Bartoletti50,,,,white,nonhispanic,M,Winchendon  Massachusetts  US,155 Will Run,Methuen,Massachusetts,Essex County,25009,01844,42.739604249490775,-71.19119104417125,46884.24,2449.91,36388
e3505cc3-326f-b925-bef2-2c01c8822432,1987-07-26,,999-84-6164,S99998780,X46244055X,Ms.,Lyn897,Signe792,White193,,,S,white,nonhispanic,F,Quincy  Massachusetts  US,892 Funk Spur,Shrewsbury,Massachusetts,Worcester County,,00000,42.33201843484694,-71.76051437179011,115087.07,15723.19,144303
2ee290d2-c6fb-7399-8431-c620f4347d9c,2014-05-28,,999-62-8561,,,,Guillermo498,Ervin886,Kuhic920,,,,white,nonhispanic,M,Ashland  Massachusetts  US,737 Schmitt Heights,Natick,Massachusetts,Middlesex County,,00000,42.29521147639944,-71.39043448141119,63895.50,0.00,49149
370c4cc8-a1ba-a0bf-248b-fc4de3f070e0,1946-02-01,1994-11-03,999-61-2678,S99955167,X03689004X,Mr.,Ervin886,,Koss676,,,D,white,nonhispanic,M,Malden  Massachusetts  US,1071 Sporer Lane Suite 84,Dartmouth,Massachusetts,Bristol County,,00000,41.61447109649619,-70.9996777991533,8679.62,201902.33,11194
b7f08066-de42-70f5-5617-3ca2cc12b6e9,1967-07-24,,999-27-4922,S99932095,X47418209X,Ms.,Ayesha583,Kelly223,Gaylord332,,,S,white,hispanic,F,Auburn  Massachusetts  US,599 Green Key,Salem,Massachusetts,Essex County,25009,01970,42.45723636788313,-70.86961147588352,622051.39,133026.46,87223
99f66093-c640-9727-eb20-5902a72f5720,1924-09-29,,999-18-7127,S99934975,X88015162X,Mr.,Chester802,Stefan297,Witting912,,,S,white,nonhispanic,M,Plymouth  Massachusetts  US,590 Jones Avenue Apt 54,Needham,Massachusetts,Norfolk County,25021,02494,42.276017181263526,-71.24523134450135,341117.71,1995869.33,58114
48a5a2d2-27a7-4e39-a52c-a7a25742ec82,1993-08-14,,999-64-7427,S99990146,X68353403X,Mrs.,Carlita746,Sarita454,Rutherford999,,Durgan499,M,white,nonhispanic,F,Lexington  Massachusetts  US,993 Will Park,Dighton,Massachusetts,Bristol County,,00000,41.79185513428579,-71.12569930966748,141115.64,589887.19,26979
25cc116e-742a-f12e-9618-abdd0d6beb5b,1975-03-27,,999-81-2276,S99988367,X01786535X,Mr.,Jamal145,Isreal8,Jacobson885,,,M,other,nonhispanic,M,Chicopee  Massachusetts  US,526 Walsh Corner Apt 66,Brockton,Massachusetts,Plymouth County,25023,02302,42.12215106282023,-70.993231672517,142089.98,0.00,85777
de38b262-3108-ba09-9caf-7f19ecb81589,1975-09-21,,999-33-4022,S99935886,X47642327X,Mrs.,Lynetta635,Larue605,O'Conner199,,Kassulke119,M,white,nonhispanic,F,Falmouth  Massachusetts  US,910 Johnson Ramp Unit 24,Ludlow,Massachusetts,Hampden County,,00000,42.18921660735979,-72.42695340691081,300289.56,495888.89,144511
71bb818e-9841-63b3-a125-cba9766ae66d,1979-11-11,,999-91-7310,S99920303,X57781177X,Mrs.,Larhonda769,Verna758,Lockman863,,Lindgren255,D,white,nonhispanic,F,Mansfield  Massachusetts  US,111 Stracke Boulevard,Marlborough,Massachusetts,Middlesex County,25017,01752,42.35478953868225,-71.58405599535473,360370.36,243074.13,116976
8db46e5d-36ee-b953-93d5-d9f48d784549,1997-05-31,,999-47-4297,S99995414,X83859611X,Mrs.,Margery365,Julee121,Schinner682,,Thiel172,M,white,nonhispanic,F,Southwick  Massachusetts  US,889 Fay Arcade,Taunton,Massachusetts,Bristol County,25005,02718,41.87545908545712,-71.13755818168973,219814.50,3419.20,57477
6ac255f7-4d46-424c-bb6e-56443e8f921f,2003-08-07,,999-89-5646,S99972192,X96399034X,Ms.,Iva908,,Romaguera67,,,,white,nonhispanic,F,Lowell  Massachusetts  US,502 Haag Brook Unit 49,Lowell,Massachusetts,Middlesex County,25017,01851,42.65785426663465,-71.30623092735433,69546.17,150103.94,38801
44cdeceb-f034-dc57-778e-8f7665d79d45,1983-10-20,,999-34-6774,S99982839,X29813654X,Mrs.,Chelsey293,Rosita520,Heaney114,,Ledner144,M,asian,nonhispanic,F,Springfield  Massachusetts  US,557 Langosh Promenade Apt 47,Haverhill,Massachusetts,Essex County,25009,01832,42.785397980566465,-71.12508742972348,472197.01,82122.83,107650
ef9070de-8550-ac3c-0a5b-2d291d230f06,1917-04-18,,999-23-6430,S99996052,X21307313X,Mrs.,Jeanelle736,,Kutch271,JD,Braun514,M,white,nonhispanic,F,Sandwich  Massachusetts  US,807 Boyle Stravenue,Wellesley,Massachusetts,Norfolk County,25021,02457,42.27777471950206,-71.27316506711793,357616.47,1504712.89,161048
2096828f-270f-60c8-5b50-31395537c7ed,1953-10-27,,999-44-1124,S99968741,X61829414X,Mr.,Barrett790,Clifton91,Mraz590,,,D,black,nonhispanic,M,Westport  Massachusetts  US,901 Wilderman Highlands Apt 14,Boston,Massachusetts,Suffolk County,25025,02122,42.38311604156412,-70.9740509397968,241620.17,575014.56,68022
f4d21abf-dfe9-56cc-bff2-8d29e63c36b4,1975-03-22,,999-54-3764,S99984007,X27273484X,Mr.,Raymond398,,Kautzer186,,,M,white,hispanic,M,Lakeville  Massachusetts  US,865 Brown Trail Suite 93,Brockton,Massachusetts,Plymouth County,25023,02301,42.100144908994054,-70.96955930668476,15113.22,788777.03,9874
12ad560d-e9df-a492-f5ad-cf0ffd7e30e9,2016-09-27,,999-41-7362,,,,Warren653,,Medhurst46,,,,white,nonhispanic,M,Wilbraham  Massachusetts  US,738 Beatty Esplanade Apt 61,Taunton,Massachusetts,Bristol County,25005,02767,41.976123520707745,-71.06203378012415,14380.90,13023.95,45956
1c84ebd1-e999-d0b9-4c75-5ba5484fc23e,1974-10-02,,999-49-3422,S99957080,X39718059X,Ms.,Deeann517,Evita885,Green467,,,S,white,nonhispanic,F,Springfield  Massachusetts  US,248 Schuppe Manor Apt 36,Williamstown,Massachusetts,Berkshire County,25003,01267,42.672885549563084,-73.26709433724805,328358.57,489094.42,185138
db9f8bbc-1738-7ff6-48b9-4bbeeceb6a4a,2019-10-14,,999-70-6999,,,,Jadwiga271,Vannessa721,Pfeffer420,,,,white,nonhispanic,F,Norfolk  Massachusetts  US,146 Gibson Ferry,Cambridge,Massachusetts,Middlesex County,25017,02472,42.3974623171746,-71.10324756908193,12434.33,0.00,124958
5b0c11f2-5522-1c1f-cb7d-f64f025130ed,1979-04-23,,999-21-9834,S99946072,X50608178X,Mrs.,Rachelle804,Jeffrey461,Batz141,,Braun514,M,white,hispanic,F,Malden  Massachusetts  US,402 Boehm Ramp,Gardner,Massachusetts,Worcester County,25027,01440,42.58312747220726,-71.98898675382647,205048.90,716296.98,27695
5aed6edd-b050-b784-a694-1f4afc4ea173,1960-11-14,,999-48-6397,S99919039,X31581115X,Mrs.,Teresia279,Amira620,Kihn564,,Medhurst46,M,white,nonhispanic,F,Chelsea  Massachusetts  US,910 Parisian Terrace Unit 88,Chelmsford,Massachusetts,Middlesex County,,00000,42.59160961324189,-71.35736757324565,670115.91,78488.38,106958
2633a07c-1d9b-f3ae-d7bc-2f7897922004,1985-04-04,1992-07-31,999-66-1962,,,,Quintin944,Luke971,Kuhlman484,,,,white,hispanic,M,Braintree  Massachusetts  US,161 Predovic Alley Unit 1,Everett,Massachusetts,Middlesex County,25017,02148,42.4044287140316,-71.09422474453241,29016.55,28604.86,60135
20514e25-cd36-dcf7-2286-0a69ad7b27f5,1973-04-07,,999-25-1223,S99965721,X19719650X,Mrs.,Ethel888,,Homenick806,,Schumm995,M,white,nonhispanic,F,Plymouth  Massachusetts  US,808 Rath Harbor Unit 52,Lynn,Massachusetts,Essex County,25009,01904,42.44388903767947,-71.01982021698419,1174600.04,566633.94,40610
ed51c09b-47a0-9ef2-2c7d-cbe8daba2e4f,1973-09-01,,999-86-7163,S99921532,X48769662X,Ms.,Mikaela760,Shawn523,Boyle917,,,S,white,nonhispanic,F,Springfield  Massachusetts  US,1053 Gulgowski Row Unit 2,Chelmsford,Massachusetts,Middlesex County,,00000,42.586612251320574,-71.32568173385202,1114417.26,270110.29,78533
d5e4e0f4-d806-ffe3-5aab-707fe1e4b885,1950-04-17,2024-09-28,999-83-7582,S99926629,X40907493X,Mr.,Eric487,Emmett200,Armstrong51,,,M,white,nonhispanic,M,Peabody  Massachusetts  US,861 Schaden Lock,Mashpee,Massachusetts,Barnstable County,,00000,41.66116151661794,-70.45716188929617,520721.52,459340.79,54608
bd151c54-1bc9-e97e-3f83-ae8ff69fd662,1924-03-28,1993-12-15,999-93-9785,S99973075,X24750118X,Mrs.,Arlena205,,Ruecker817,,Mayer370,D,white,nonhispanic,F,Watertown  Massachusetts  US,655 Shanahan Mill Apt 54,Hopkinton,Massachusetts,Middlesex County,25017,01748,42.19088211304777,-71.49911651636083,268336.18,1892033.59,188686
fd0eec9c-36db-6fbf-25e6-30ea9b36326e,1985-06-17,,999-13-6720,S99953229,X01696678X,Mrs.,Angeles319,Brande998,Sanford861,,O'Hara248,M,asian,nonhispanic,F,Boston  Massachusetts  US,246 Ebert Trafficway Suite 31,Boston,Massachusetts,Suffolk County,25025,02136,42.462079115440595,-71.01205798825423,209438.43,662851.00,26687
33367b50-a21f-cc4b-cd6e-b997d1438efc,2015-02-10,,999-53-2274,,,,Armando772,Juan88,Espino352,,,,white,hispanic,M,Bogota  Bogota  CO,721 Hickle Tunnel,Uxbridge,Massachusetts,Worcester County,,00000,42.068825801225884,-71.67335324745457,15170.42,9999.74,71209
8a9a711a-31e6-506a-ea45-6251ab92585d,1933-02-04,1994-03-13,999-21-1858,S99915924,X27938318X,Mr.,Roger751,Willard975,Hessel84,,,D,white,nonhispanic,M,West Dennis  Massachusetts  US,354 Stiedemann Way,Agawam,Massachusetts,Hampden County,25013,01030,42.01283880788289,-72.64729312065658,177537.49,115523.83,32025
f8eed24a-d506-0025-2ea8-b3cba941ccb3,1981-02-19,2005-10-27,999-20-5866,S99956106,X06238476X,Mr.,Alphonso102,Dorsey40,Murphy561,,,,white,nonhispanic,M,Waltham  Massachusetts  US,230 Smitham Passage,Fall River,Massachusetts,Bristol County,25005,02721,41.62430621461891,-71.01030363925562,132316.82,0.00,72303
34110b3e-cbed-bca5-7d52-525bba3744a7,2012-12-08,,999-19-2945,,,,Lynwood354,Ward668,Ondricka197,,,,white,hispanic,M,South Hadley  Massachusetts  US,268 Russel Ramp,Tyngsborough,Massachusetts,Middlesex County,,00000,42.70639846398278,-71.43534947301315,44528.38,0.00,35546
010c02ef-3f75-81e4-e476-2c6c9bc1fa56,1988-09-05,,999-11-8836,S99995355,X15584770X,Mrs.,Retha410,,Johnston597,,Ratke343,M,black,nonhispanic,F,Ware  Massachusetts  US,413 Rogahn Extension Suite 57,Grafton,Massachusetts,Worcester County,,00000,42.195540858839905,-71.72439592203078,241350.60,438489.73,152055
c443a77e-bf0e-27be-fd33-2bccde8a11ed,2025-05-16,,999-30-9512,,,,Ariel183,,Rempel203,,,,asian,nonhispanic,M,Wareham  Massachusetts  US,964 Stoltenberg Glen Apt 95,Cambridge,Massachusetts,Middlesex County,25017,02138,42.35787399419764,-71.14722077378386,8536.57,2438.65,195064
c1e15eab-b67d-c44c-71d2-dc404d7a289d,1973-01-03,,999-27-3829,S99998733,X35823955X,Mrs.,Kiersten731,Marquetta382,Prohaska837,,Ondricka197,M,white,nonhispanic,F,Clinton  Massachusetts  US,908 Schuster Trafficway Apt 93,Boston,Massachusetts,Suffolk County,25025,02127,42.31905836476839,-71.10603944271324,141266.26,659602.70,696205
4253f93e-9119-34a0-6bad-c0f377f0880e,1988-09-02,,999-66-5381,S99955471,X67676227X,Mrs.,Aleshia311,Particia365,Stiedemann542,,Metz686,M,white,nonhispanic,F,Bedford  Massachusetts  US,503 Walter Course Unit 96,Melrose,Massachusetts,Middlesex County,25017,02176,42.47424563459972,-71.02553068515768,184648.80,385396.59,96899
530c6f9a-750b-eca6-918b-49e979a5ee48,1946-02-01,2018-02-02,999-53-6195,S99982786,X35406025X,Mr.,Bobby524,Domingo513,Schneider199,,,M,white,nonhispanic,M,Weston  Massachusetts  US,570 Williamson Village,Dartmouth,Massachusetts,Bristol County,,00000,41.56020803410937,-70.92010164744327,15084.54,263126.14,11194
c20ea6bf-6dce-8d2a-9ae9-da60755aca2b,2014-06-30,,999-18-1368,,,,Bruce167,Harvey63,Fisher429,,,,white,nonhispanic,M,Saugus  Massachusetts  US,397 Osinski Parade,New Bedford,Massachusetts,Bristol County,25005,02745,41.63174042864502,-70.90277280905535,30055.78,0.00,53198
5b09c2a0-81d4-e344-d647-3b00af3260c5,2006-01-01,,999-27-1436,S99951061,X11772570X,Mr.,Eduardo902,Dudley365,Doyle959,,,,white,hispanic,M,Marshfield  Massachusetts  US,835 Dicki Run Apt 93,Boston,Massachusetts,Suffolk County,25025,02163,42.36412968665234,-71.12795826951556,21043.63,65031.93,98535
ebb1a3e2-e4e8-4f2f-18e3-a8d75f78e4bc,2025-04-23,,999-50-1488,,,,Malcolm243,Caleb651,Hamill307,,,,white,nonhispanic,M,Bridgewater  Massachusetts  US,946 Jerde Quay,Easton,Massachusetts,Bristol County,,00000,42.00273446665472,-71.10649136619588,5140.46,0.00,67261
295f3707-97f8-64b0-0e19-2fd00469297b,1947-06-08,,999-69-5708,S99959666,X76922354X,Mrs.,France571,Nikole56,Romaguera67,,Will178,M,white,nonhispanic,F,Auburn  Massachusetts  US,574 Roob Vale,Millbury,Massachusetts,Worcester County,,00000,42.20074339871644,-71.73845487953098,268465.42,93405.88,57497
3288d715-5561-696b-7454-9de0ac45dd80,1985-04-04,,999-50-1188,S99952095,X10601376X,Mr.,Michale231,Abraham100,Cassin499,,,M,white,hispanic,M,Tewksbury  Massachusetts  US,227 Reinger Annex,Everett,Massachusetts,Middlesex County,25017,02149,42.450089539840484,-71.01706125822976,129070.54,2212.85,60135
2c0d856f-029d-8c57-c7a3-2e729ec3ce97,2021-03-21,,999-25-2130,,,,Sonia106,Nila48,Jacobi462,,,,white,nonhispanic,F,Southwick  Massachusetts  US,715 Jacobi Bypass,Tewksbury,Massachusetts,Middlesex County,,00000,42.60996130725291,-71.27079643205383,16329.88,12718.57,73241
92789b32-57e8-1331-b1a2-477c38969750,2022-01-04,,999-87-4422,,,,Vanita165,Dorla228,Kihn564,,,,white,nonhispanic,F,Quincy  Massachusetts  US,709 Littel Park,Burlington,Massachusetts,Middlesex County,25017,01803,42.472151527080214,-71.31721938312383,895.86,13989.05,20504
a83c4a16-fa0d-e87c-0f82-57c5181b401c,1965-05-24,,999-35-9423,S99987387,X07722816X,Mr.,Tristan353,Billie243,Bogan287,JD,,S,white,nonhispanic,M,Holyoke  Massachusetts  US,261 Paucek Walk Suite 52,Tyngsborough,Massachusetts,Middlesex County,,00000,42.66722350026018,-71.38402090079408,221534.96,73981.63,56640
8cac9af7-6100-6529-3d1c-f0e0131a07af,2015-07-16,,999-75-9722,,,,Jacobo456,Benjamín452,Delvalle807,,,,white,hispanic,M,Wesley  Saint Andrew Parish  DM,201 Sanford Ramp,Medford,Massachusetts,Middlesex County,25017,02155,42.364935636829635,-71.07778286994821,47466.10,3442.67,41885
83d7a2db-3dda-33e5-6566-a10e33aa0aa0,1949-12-05,1983-01-25,999-21-1385,S99996897,X30019587X,Mr.,German382,Dave764,Carter549,,,M,white,nonhispanic,M,Weymouth  Massachusetts  US,441 Boyle Throughway,Lynn,Massachusetts,Essex County,25009,01902,42.508449730352126,-70.93584667031095,98282.12,0.00,41216
4ce2b1d0-d0b4-9ea0-62ab-941819f26fd0,1981-02-19,,999-89-5127,S99928773,X45108460X,Mr.,Deangelo7,Son314,Rolfson709,,,S,white,nonhispanic,M,Quincy  Massachusetts  US,338 Cole Mission,Fall River,Massachusetts,Bristol County,25005,02724,41.59854244173985,-71.12283841652891,212247.57,0.00,72303
7c53dfed-c3b7-55bd-7062-2ef6a63c8009,2024-11-12,,999-66-5697,,,,Carlota980,Adela471,Gaytán530,,,,asian,hispanic,F,Kingston  Kingston  JM,446 Boyer Green,Boston,Massachusetts,Suffolk County,25017,02467,42.31710994909844,-71.03591907298896,8665.48,0.00,41828
08c32123-e9e3-d93e-8b05-10a44ca07969,1970-02-12,,999-25-6105,S99946643,X32696876X,Mr.,Hung902,Renato359,Yundt842,,,M,white,nonhispanic,M,Monument Beach  Massachusetts  US,1096 Zboncak Loaf,Medford,Massachusetts,Middlesex County,25017,02145,42.38021387823942,-71.12755672457727,104786.03,51867.01,45092
dbf1a78b-0207-6cbc-6509-79bcd4e7497a,1950-04-17,,999-84-3315,S99983563,X72138465X,Mr.,Collin529,Rusty501,Monahan736,,,M,white,nonhispanic,M,Shrewsbury  Massachusetts  US,601 Grady Port,Mashpee,Massachusetts,Barnstable County,,00000,41.606966061315,-70.48654471145554,204693.60,104422.72,54608
3dba997d-9d1c-a189-922e-63346b415f29,1956-02-11,,999-77-3587,S99919215,X85104855X,Mr.,Bruce167,Merrill415,Purdy2,,,S,white,nonhispanic,M,Springfield  Massachusetts  US,540 Murray Grove Suite 78,Quincy,Massachusetts,Norfolk County,25021,02170,42.30528466980873,-70.98385269995057,146365.46,212451.82,52334
653a7ffe-0213-d0f0-ab42-45c3c0067d73,1966-05-04,2021-05-28,999-72-1926,S99922061,X01717015X,Mrs.,Kiesha539,Meagan221,Collins926,,Denesik803,W,white,nonhispanic,F,Boston  Massachusetts  US,540 Carter Forge Suite 15,Worcester,Massachusetts,Worcester County,25027,01606,42.27982295278923,-71.79765709057028,35883.88,3619367.76,22754
485f84de-3782-31aa-36c5-79ab2c4802f3,1964-07-09,,999-83-5013,S99981142,X48003620X,Mr.,Augustus49,Seth414,Dicki44,,,D,white,nonhispanic,M,Boston  Massachusetts  US,597 Nader Crossroad Unit 17,Plymouth,Massachusetts,Plymouth County,25023,02360,41.943055017419,-70.57625172010688,76264.69,181527.95,53433
54f6a177-8f00-f045-6911-6637971ea2d3,1997-03-17,,999-16-9387,S99956653,X30379432X,Mr.,Herschel574,,Strosin214,,,M,white,nonhispanic,M,Mansfield Center  Massachusetts  US,804 Welch Frontage road,Southborough,Massachusetts,Worcester County,,00000,42.29871192290728,-71.57313763504877,63674.12,723627.01,194464
6a3e23c9-0f5a-620b-4275-94428a733fb5,1964-02-27,2015-07-23,999-27-4127,S99925675,X88315682X,Mrs.,Dena356,Vonnie403,Crona259,,Schowalter414,M,white,nonhispanic,F,Nice  Provence-Alpes-Cote d'Azur  FR,787 Ruecker Trailer Apt 43,Gloucester,Massachusetts,Essex County,25009,01930,42.62181391084573,-70.69674505124027,245785.35,3287243.20,30837
099843ca-7242-0845-3336-7bf99e9a919e,2004-04-15,,999-21-6897,S99982048,X33765216X,Mr.,Jeramy610,,Leuschke194,,,,white,nonhispanic,M,West Tisbury  Massachusetts  US,554 Nienow Union,Boston,Massachusetts,Suffolk County,25025,02203,42.31319406659465,-71.04145485994583,98321.91,665087.95,153917
e4807cc4-cb4b-7c40-9b2e-d22f562c6e13,1984-04-13,,999-41-1181,S99979071,X44684696X,Mr.,Leon728,Carson894,Altenwerth646,,,M,white,nonhispanic,M,Waltham  Massachusetts  US,242 Bins Row Unit 11,Boston,Massachusetts,Suffolk County,25025,02121,42.300234928105056,-71.14871108396724,7396.09,95032.04,13834
8d838ead-826e-12c8-a232-4f3d01e941d1,1965-09-13,,999-14-2896,S99930605,X27486338X,Mr.,Sol312,Arlie183,Lind531,,,M,other,nonhispanic,M,Lincoln  Massachusetts  US,141 Ziemann Route Unit 73,Peabody,Massachusetts,Essex County,25009,01940,42.5181784073631,-70.99933686579487,161689.15,37232.87,54416
f963a192-ec09-f9a6-52b5-b8840fe1cdfa,1924-04-29,2007-08-27,999-86-9806,S99912177,X36319900X,Mrs.,Sharron285,Loura465,Stoltenberg489,,Torphy630,D,white,nonhispanic,F,Norwood  Massachusetts  US,1095 O'Hara Flat,Springfield,Massachusetts,Hampden County,25013,01107,42.22082591771448,-72.56732726575993,21022.53,1425338.61,17392
faac6c27-e7a1-26eb-c864-08fa48b31b81,1988-02-25,,999-67-8338,S99928702,X49385835X,Mrs.,Treva754,Sherilyn598,Simonis280,,Rutherford999,M,white,nonhispanic,F,Swansea  Massachusetts  US,243 Hintz Key Suite 62,New Bedford,Massachusetts,Bristol County,25005,02745,41.62123182430083,-70.92026311715705,70865.97,970631.06,10109
deb22909-a951-2ad8-d980-9862f3150b22,1991-08-21,,999-60-3186,S99936276,X73046388X,Mr.,Hobert364,Emmett200,Harris789,,,M,native,nonhispanic,M,Buzzards Bay  Massachusetts  US,999 Lindgren Estate Suite 36,Chicopee,Massachusetts,Hampden County,25013,01013,42.23571300739325,-72.56707811667812,82533.57,0.00,94367
3b864e68-3327-5a3a-9262-fccb02d7d1f0,1998-03-03,,999-36-5405,S99956331,X72870055X,Mrs.,Ma484,Karissa612,Murphy561,,Terry864,M,white,nonhispanic,F,Westford  Massachusetts  US,223 Bode Path,Lawrence,Massachusetts,Essex County,25009,01843,42.75003078958292,-71.19154169491947,8383.18,779494.17,18083
5ce71e4c-40d0-e36b-c099-9111d55a00c4,1954-09-02,,999-19-8001,S99961560,X44850894X,Mrs.,Carmon128,,Pagac496,,Cole117,M,white,nonhispanic,F,Worcester  Massachusetts  US,280 Dietrich Viaduct Apt 5,Revere,Massachusetts,Suffolk County,25025,02151,42.45280339758743,-71.00788393077578,998766.40,442504.47,48727
659934ab-0bd4-1c2a-6e96-667784feecac,2014-12-09,,999-45-7475,,,,Cassondra930,Cleora578,Cassin499,,,,asian,hispanic,F,Marshfield  Massachusetts  US,796 Hagenes Annex,Walpole,Massachusetts,Norfolk County,25021,02081,42.17080777354482,-71.28560797132252,35534.17,9611.04,133301
9ab940f9-61a2-ada4-44d8-800669d0516a,1972-09-24,,999-75-1277,S99977767,X58657801X,Mrs.,Raeann749,Deane47,West559,,Bosco882,M,white,nonhispanic,F,Weymouth  Massachusetts  US,1093 Cremin Course Suite 76,Randolph,Massachusetts,Norfolk County,25021,02368,42.15822081682022,-71.10150363538393,167904.38,1489788.58,141604
8a0f3857-69ee-5c69-cf73-c3993110596b,2014-03-20,,999-72-2467,,,,Rosena550,Juliane376,Crona259,,,,white,hispanic,F,Gloucester  Massachusetts  US,987 Kunde Haven,Chester,Massachusetts,Hampden County,25003,01011,42.28175429802721,-73.01463629976992,31364.60,11162.45,29068
e421558b-d645-42f4-475e-078bdb62818f,1946-02-01,,999-63-3784,S99936137,X61390094X,Mr.,Kelley882,Walton167,Frami345,,,M,white,nonhispanic,M,Beverly  Massachusetts  US,710 Jakubowski View,Dartmouth,Massachusetts,Bristol County,,00000,41.52594996111878,-70.91572408081167,13853.11,288592.92,11194
35c5ca65-2ab7-ada1-3bb4-e281e0c5b192,1933-02-04,2008-09-30,999-61-9440,S99928527,X51088276X,Mr.,Coy949,Charlie254,Funk324,,,D,white,nonhispanic,M,Boston  Massachusetts  US,315 Shanahan Orchard Unit 99,Agawam,Massachusetts,Hampden County,25013,01001,42.05856033371645,-72.62559233289086,198256.05,224076.17,32025
e88ee11a-81f7-b156-765c-3de51d1af1e6,1999-06-23,,999-71-3362,S99996733,X18352291X,Mr.,Raleigh478,Danny396,Schowalter414,,,,white,nonhispanic,M,Brookline  Massachusetts  US,957 Wintheiser Mill,Townsend,Massachusetts,Middlesex County,25017,01469,42.681407301044835,-71.66269612976959,40653.16,613985.55,95013
e3338aff-9066-21d2-44cd-e9cbb7face86,2024-08-19,,999-77-3646,,,,Nakisha629,,Thiel172,,,,white,nonhispanic,F,Boxborough  Massachusetts  US,1077 Flatley Parade Unit 71,Waltham,Massachusetts,Middlesex County,25017,02452,42.36675474795974,-71.27151439837641,8941.39,4306.42,162884
df72fda3-d61f-f1e2-51bd-89a8bd5532d6,1970-05-03,1971-03-04,999-65-8967,,,,Wyatt967,Shad704,Lind531,,,,white,nonhispanic,M,Somerville  Massachusetts  US,961 Doyle Pathway,Brookline,Massachusetts,Norfolk County,25017,02467,42.3489729474165,-71.18509835659616,19773.89,0.00,98991
d15b4a9d-6049-d2e7-905a-f19e8cabf061,1962-01-12,,999-70-1449,S99973117,X33814810X,Ms.,Andra606,Misti388,Marvin195,,,S,white,nonhispanic,F,Somerville  Massachusetts  US,999 Nitzsche Avenue Unit 98,Sunderland,Massachusetts,Franklin County,,00000,42.48924110568649,-72.5301119200737,281512.69,1072831.84,33817
80b75195-bd17-b696-79ff-d96e77537db1,1984-12-30,,999-79-7389,S99996347,X02308095X,Mrs.,Rasheeda241,Madonna830,Davis923,,O'Reilly797,M,white,nonhispanic,F,Boston  Massachusetts  US,226 Stanton Divide Apt 86,Nantucket,Massachusetts,Nantucket County,25019,02554,41.32814845969862,-70.05612394376156,159198.14,158462.20,142823
cd0ce35a-3b58-2e8e-411b-e57fa59efe5d,1924-05-16,2005-05-19,999-56-5451,S99929065,X50658743X,Mr.,Miles206,Leroy603,Kuhic920,,,M,black,nonhispanic,M,Acushnet Center  Massachusetts  US,901 Marvin Approach,West Springfield,Massachusetts,Hampden County,25013,01089,42.08790205029708,-72.68895677063642,281584.87,2251420.58,30403
df4df36a-a339-7f06-d593-636e33e123d4,2014-12-10,,999-74-1617,,,,Billy698,Laronda769,Luettgen772,,,,white,nonhispanic,F,Acton  Massachusetts  US,776 Smith Lock,North Scituate,Massachusetts,Plymouth County,25023,02060,42.24842796076315,-70.74759557600015,1907.57,19913.98,10060
4828ab75-bad5-b96f-4ef6-52e9874e8e7f,1963-08-26,2017-09-14,999-94-8464,S99927411,X58097133X,Mr.,Ken316,Rocco842,King743,,,M,native,nonhispanic,M,Waltham  Massachusetts  US,365 Simonis Ville Apt 10,Boston,Massachusetts,Suffolk County,25025,02210,42.3470117375172,-71.0467912585196,10296.81,273405.24,13475
f72e388a-f305-7c5f-fd80-72b4fad1cbd1,1975-08-18,,999-50-4987,S99964743,X64379344X,Mr.,Werner409,Aurelio227,Goodwin327,,,M,black,nonhispanic,M,Lawrence  Massachusetts  US,566 Abernathy Common Apt 43,Revere,Massachusetts,Suffolk County,25025,02151,42.42230147486133,-70.9757946502625,132258.84,23151.62,50597
6ec99ef8-9ef3-3370-9dda-d62fb7a3a37a,2017-02-19,,999-32-9802,,,,Dian810,Margot418,Feeney44,,,,asian,nonhispanic,F,Cambridge  Massachusetts  US,804 Mante Parade,Millis,Massachusetts,Norfolk County,,00000,42.12875989453338,-71.348528832827,30004.60,19649.72,43860
b5774451-cc87-3274-591a-19c286168a52,1982-10-24,,999-34-3170,S99966032,X30634458X,Mr.,Dino214,Edmond919,Thiel172,,,M,white,nonhispanic,M,Quincy  Massachusetts  US,118 Hyatt Throughway Apt 60,Southbridge,Massachusetts,Worcester County,25027,01550,42.040244666920465,-72.03571831849466,66787.27,46837.87,28635
2a5314fe-4045-a4b3-a9fa-8e6d72d19f2c,2005-06-09,,999-21-1046,S99967194,X32729199X,Mr.,Abraham100,Lazaro919,Wuckert783,,,,white,nonhispanic,M,Cambridge  Massachusetts  US,281 Ruecker Village Suite 93,Wilmington,Massachusetts,Middlesex County,25017,01887,42.59358874281304,-71.21445207246023,75651.72,18663.95,135380
30ffc154-d58d-bc04-9111-62a9d0a08ff2,1957-07-29,2011-02-04,999-52-7722,S99991366,X91343995X,Mr.,Jose871,,Cassin499,,,S,white,nonhispanic,M,Leicester  Massachusetts  US,1055 Quigley Gate Apt 69,New Bedford,Massachusetts,Bristol County,25005,02744,41.66837952131496,-70.93294139656322,13448.11,866798.96,6663
9a8e0c35-d492-fba2-c851-d1a875c7d186,1949-12-05,,999-16-6477,S99914055,X50472554X,Mr.,Erich201,Aldo414,Zboncak558,,,D,white,nonhispanic,M,Brockton  Massachusetts  US,1071 Russel Mall Unit 90,Lynn,Massachusetts,Essex County,25009,01940,42.48722465259125,-71.01135362848588,367994.73,128166.85,41216
7d7506dd-328b-4ce5-11d3-8b02fb441208,1978-11-06,,999-31-7991,S99988250,X45387874X,Mrs.,Raquel318,Ana Luisa894,Olivárez848,,Matos876,M,white,hispanic,F,San Salvador  El Salvador  SV,957 Quitzon Route,Boston,Massachusetts,Suffolk County,25025,02215,42.33840005488494,-71.1262745055164,572213.99,524422.02,92121
640b5cf5-2f8b-77ef-6a9c-ba5036c6295f,1953-08-25,,999-48-5322,S99962227,X55234031X,Mrs.,Marvis190,Anastasia959,Miller503,,Franecki195,D,white,nonhispanic,F,Groveland  Massachusetts  US,528 Waters Burg Suite 65,Abington,Massachusetts,Plymouth County,25023,02351,42.123359389486104,-70.9218921227195,1030448.96,962735.95,57850
0ff6d849-f1cb-10d8-c9b8-cb1f33b69894,1963-03-25,,999-41-2615,S99924372,X07177681X,Mrs.,Edris973,Kayce253,Schimmel440,,Crooks415,D,white,hispanic,F,Walpole  Massachusetts  US,928 Quitzon Well Unit 39,Watertown,Massachusetts,Middlesex County,25017,02472,42.41911156817741,-71.17409888767018,223700.53,333669.49,960671
5edde3e6-ed45-525b-bd55-3e7b90b98b9a,1966-05-04,,999-96-4609,S99950906,X21156161X,Mrs.,Rufina863,Alice368,Bins636,,Hoppe518,M,white,nonhispanic,F,Lynnfield  Massachusetts  US,1072 Stanton Stravenue,Worcester,Massachusetts,Worcester County,25027,01610,42.201035777329594,-71.82055328321209,15538.96,1122077.60,22754
bfe16f22-a888-d2b6-fee8-ff80957e15ea,1962-12-09,,999-93-9816,S99979597,X18031750X,Mrs.,Dottie687,Sanora914,Vandervort697,,Macejkovic424,M,white,nonhispanic,F,Lowell  Massachusetts  US,558 Lindgren Path Suite 64,Lowell,Massachusetts,Middlesex County,25017,01854,42.61353189331946,-71.2820335889273,208611.18,595283.43,24280
d9e2c876-4d40-6a3c-5367-02fa91b769a3,2019-02-09,,999-15-7165,,,,Viva686,Fawn386,Bernhard322,,,,white,nonhispanic,F,Falmouth  Massachusetts  US,847 Pacocha Wall,Malden,Massachusetts,Middlesex County,25017,02155,42.479372404155754,-71.03074349552423,23456.85,0.00,62829
1a460773-506a-7f8f-95dc-8b180d21481d,1971-11-12,,999-86-1342,S99913763,X40720433X,Mr.,Millard193,Dominic463,Grant908,,,M,white,nonhispanic,M,Harvard  Massachusetts  US,544 Bode Forge Suite 41,Brockton,Massachusetts,Plymouth County,25023,02302,42.04322576458561,-70.9796419916824,11535.94,157472.87,20033
7729eb1b-dda8-6058-6f75-f396e1dacaa3,1992-03-21,,999-34-3122,S99963981,X57900128X,Mrs.,Daisey627,,Murray856,,Terry864,M,white,nonhispanic,F,Chicopee  Massachusetts  US,232 Kerluke Burg Apt 66,Middleton,Massachusetts,Essex County,,00000,42.607168179620544,-70.95807739697649,202232.86,443968.44,195706
25a9df27-db24-3a15-d9e5-9968745052b6,1964-02-27,,999-46-2260,S99930653,X98871939X,Mrs.,Alvina833,Kami26,Mohr916,,Parisian75,M,white,nonhispanic,F,Nice  Provence-Alpes-Cote d'Azur  FR,994 McKenzie Bypass Apt 72,Gloucester,Massachusetts,Essex County,25009,01930,42.65318244168293,-70.71040839932435,207810.07,1174955.61,30837
1a8ceeb6-783c-c7fb-706b-6fd69f03bbd3,1990-12-06,,999-41-9065,S99973880,X86423219X,Mr.,Shane235,Reynaldo722,Halvorson124,,,M,black,nonhispanic,M,Canton  Massachusetts  US,1040 Parisian Parade Suite 6,Boston,Massachusetts,Suffolk County,25025,02210,42.36721677844001,-71.01015662997543,78295.09,2065.67,40133
5d7756d4-4667-7645-9408-e188654f6a79,1964-02-14,,999-85-1251,S99965959,X45500900X,Mr.,Shelby741,Augustine565,Hauck852,,,S,white,nonhispanic,M,Holyoke  Massachusetts  US,552 Beatty Parade Apt 93,Somerville,Massachusetts,Middlesex County,25017,02144,42.4249553798086,-71.1101300509365,171527.73,11857.04,114510
37b00882-b43c-3222-89f5-7244a0c861a3,1970-05-03,2023-07-09,999-67-5265,S99961881,X27251507X,Mr.,Jeff859,Roy364,Hoppe518,,,M,white,nonhispanic,M,Gardner  Massachusetts  US,282 Raynor Boulevard,Brookline,Massachusetts,Norfolk County,25021,02446,42.31164766737633,-71.08719261019371,131204.41,74705.53,98991
70f70346-06e7-3f45-3528-a795aacdc557,2022-05-07,,999-23-3785,,,,Manuel446,Homero668,Berríos934,,,,white,hispanic,M,Marigot  Saint Andrew Parish  DM,244 Collins Tunnel,Sheffield,Massachusetts,Berkshire County,,00000,42.14999713938592,-73.36550422977997,7713.37,7907.82,82315
cfefa198-f18c-29bb-e3ce-aca591708b18,1979-03-04,,999-97-1245,S99988063,X84693620X,Mr.,Maxwell782,Vicente970,Roob72,,,M,white,nonhispanic,M,Woburn  Massachusetts  US,262 Stracke Parade,Framingham,Massachusetts,Middlesex County,25017,01702,42.23356054492673,-71.48232241220401,31555.96,85819.03,67904
897824b2-69eb-6e21-9977-b87d4a7621b1,2001-03-22,,999-44-9084,S99937926,X82255556X,Ms.,Dacia646,Laveta191,Anderson154,,,,white,nonhispanic,F,Boston  Massachusetts  US,605 Heidenreich Boulevard,Everett,Massachusetts,Middlesex County,25017,02148,42.37053848291181,-71.10311228988286,35521.13,262662.63,73439
6ce5fe5a-0c4e-fd3d-7854-b7655e7a0a9b,1933-02-04,1994-05-17,999-16-1528,S99911442,X88004089X,Mr.,Merrill415,Dirk334,Jacobi462,,,W,white,nonhispanic,M,Boston  Massachusetts  US,630 Runolfsson Promenade,Agawam,Massachusetts,Hampden County,25013,01001,42.01653410993554,-72.62205934760833,173600.28,148310.68,32025
e1e3319b-1b77-2695-3372-2329702a5fbc,2021-02-07,,999-50-9995,,,,Deeanna316,Larraine124,Murphy561,,,,white,nonhispanic,F,Chicopee  Massachusetts  US,275 Wuckert Estate,Lynn,Massachusetts,Essex County,25009,01907,42.49562740321553,-71.06904290563178,1095.86,19559.96,12881
1c819519-de1f-ed63-0cab-74409a0eac73,2015-11-09,,999-82-2380,,,,Víctor493,Daniel959,Vigil207,,,,white,hispanic,M,Portsmouth  Saint John Parish  DM,590 Harvey Viaduct,Andover,Massachusetts,Essex County,25009,01810,42.68369587155235,-71.143003506615,29160.88,5562.86,111310
94883142-7727-e9f6-01ac-17d7b2c55856,1964-09-07,,999-81-4801,S99938753,X05735202X,Mrs.,Catrice481,Shanna635,Kilback373,,MacGyver246,M,black,nonhispanic,F,Boston  Massachusetts  US,242 Gaylord Ville Unit 53,Scituate,Massachusetts,Plymouth County,25023,02066,42.24294747998396,-70.71967418412439,1110259.04,230401.93,78625
b4db4fa5-90e8-bf2f-9a65-8edc2c93f7ad,1924-03-28,,999-66-4450,S99931829,X87209214X,Mrs.,Ester635,,Gulgowski816,,O'Kon634,D,white,nonhispanic,F,Lowell  Massachusetts  US,823 Wisozk Fort Unit 65,Hopkinton,Massachusetts,Middlesex County,25017,01748,42.22998590881797,-71.5565502663399,330619.83,935047.99,188686
41103135-856c-b0d8-e5ec-deb723bfe37e,1963-08-26,,999-63-5631,S99968176,X13119234X,Mr.,Rod343,Emory494,Paucek755,,,M,native,nonhispanic,M,Dartmouth  Massachusetts  US,951 Rau Wall Unit 6,Boston,Massachusetts,Suffolk County,25025,02152,42.289569049337935,-71.11701452568832,10028.64,146772.82,13475
3e81cc55-4e25-2452-94fc-2a73b9e3741c,1993-02-16,,999-86-1698,S99917753,X24785644X,Mr.,Erich201,Sheldon401,Kilback373,,,M,white,nonhispanic,M,Beverly  Massachusetts  US,228 Keeling Throughway,Arlington,Massachusetts,Middlesex County,25017,02476,42.3802713147743,-71.13841551303123,12896.34,63391.11,25881
386ab8dd-7e85-901a-31c6-f01e311be05b,1993-09-17,,999-75-2120,S99915798,X77161193X,Mr.,Son314,Bernardo699,Murphy561,,,S,white,nonhispanic,M,Wellesley  Massachusetts  US,1032 Kessler Heights,Boston,Massachusetts,Suffolk County,25025,02111,42.37406118860541,-71.0739621994201,124368.02,636134.19,98758
da65c0ba-0c78-36e9-284e-9481273a3ea9,2001-07-02,,999-44-5152,S99999288,X44806081X,Mr.,Noel608,Christoper325,Murazik203,,,,white,nonhispanic,M,Mattapoisett  Massachusetts  US,125 Botsford Throughway,Taunton,Massachusetts,Bristol County,25005,02718,41.863083121525094,-71.10980004093896,68809.46,0.00,81422
d7bb2658-af96-f0da-fc20-2495571674bd,2019-01-18,,999-58-8253,,,,Jovita355,Mathilde204,Schimmel440,,,,white,nonhispanic,F,Marlborough  Massachusetts  US,597 Kassulke Union,Wilbraham,Massachusetts,Hampden County,25013,01095,42.124438959658114,-72.42289369189709,16388.31,0.00,129972
a6912f89-9687-f9a0-0d85-517395d03d12,1998-11-17,,999-81-4516,S99970096,X36541179X,Mr.,Peter292,,Howell947,,,,white,nonhispanic,M,Boston  Massachusetts  US,755 Feil Highlands,Beverly,Massachusetts,Essex County,25009,01915,42.54141193047831,-70.8549341263644,6681.76,94758.50,4168
e769f171-23a2-3fbe-7aa2-a1411a7de51d,1958-03-04,,999-48-3407,S99991768,X91180737X,Mr.,Colton403,Ivan258,Herzog843,,,M,white,nonhispanic,M,Boston  Massachusetts  US,883 Hartmann Dale Suite 3,Orleans,Massachusetts,Barnstable County,25001,02653,41.81468963143267,-70.00026490761506,87309.37,135807.73,76255
c158bb0a-459c-4eba-7e50-af77d8afcaa9,2005-12-16,,999-24-9777,S99930956,X43686187X,Mr.,Adalberto916,Jeffery551,Hand679,,,,black,hispanic,M,Paxton  Massachusetts  US,545 Hane Harbor Unit 71,Boston,Massachusetts,Suffolk County,25025,02152,42.300895810587456,-71.16532377718006,32636.27,23283.96,83720
ec56c54f-3279-b8f0-e695-558fe26b39b1,1949-12-28,,999-11-4591,S99939958,X89401141X,Mrs.,Tawny381,Berneice173,Luettgen772,,Zemlak964,M,white,nonhispanic,F,Heraklion  Heraklion Prefecture  GR,411 Mante Extension,Quincy,Massachusetts,Norfolk County,25021,02170,42.26711597076222,-71.12732017550842,1140850.19,622971.58,46585
87981994-7c55-0063-8d64-60a9df6c1d73,2017-11-17,,999-62-9991,,,,Sophie40,Terri848,Koelpin146,,,,white,nonhispanic,F,Groton  Massachusetts  US,998 Crist Brook,Norwood,Massachusetts,Norfolk County,25021,02090,42.26629119511756,-71.17288088281158,19678.69,6006.31,30599
c5bc1042-bfe5-7ba4-4f58-04a50d6b68e5,2026-04-13,,999-65-5987,,,,Tamie596,Madie300,Gottlieb798,,,,white,nonhispanic,F,Canton  Massachusetts  US,960 Heathcote Bridge Apt 24,Boston,Massachusetts,Suffolk County,25025,02122,42.321243531827356,-71.16968404326863,2041.32,0.00,940333
bccc6d29-4e27-b0a1-62c3-6436e7c413f4,1957-07-29,,999-75-6477,S99926046,X07094622X,Mr.,Lou594,Jarod376,Toy286,,,D,white,nonhispanic,M,Lakeville  Massachusetts  US,768 Weissnat Terrace Apt 22,New Bedford,Massachusetts,Bristol County,25005,02747,41.60728157550475,-70.88469582154016,12719.25,358689.19,6663
cc8a7127-81ec-56b7-d7c1-7ba56742a865,1998-02-01,,999-55-2103,S99928056,X92284320X,Mr.,Luciano237,Rosendo998,Mohr916,,,M,white,nonhispanic,M,Maynard  Massachusetts  US,118 Reilly Key,Brookline,Massachusetts,Norfolk County,25025,02215,42.39541334411647,-71.05987628218054,72801.88,34994.26,76766
339af5d5-5bdf-4f30-0334-69ef07f866b9,1992-07-26,,999-17-4416,S99946069,X40124210X,Mrs.,Elise948,Melodee943,Waelchi213,,Ziemann98,M,white,nonhispanic,F,Turin  Piedmont  IT,604 Reinger Forge,Boston,Massachusetts,Suffolk County,25017,02467,42.22762504499571,-71.08199267266576,164996.49,224586.28,124761
880fe8d4-f54c-6c96-fb03-9e2635c4a371,1924-04-29,,999-88-8528,S99984947,X87761175X,Ms.,Serafina151,Samira471,Blanda868,,,S,white,nonhispanic,F,Pinehurst  Massachusetts  US,951 Wehner Trace Suite 11,Springfield,Massachusetts,Hampden County,25013,01109,42.08351819033182,-72.5714049135753,63553.61,2569129.96,17392
ad5886c8-b9e7-5342-c803-7cbe9fafb09e,1942-06-11,1968-12-31,999-56-1481,S99979104,X50636615X,Ms.,Maryann106,,Raynor401,,,,white,nonhispanic,F,Hingham  Massachusetts  US,290 Fadel Track,Methuen,Massachusetts,Essex County,25009,01844,42.78016302670595,-71.1524761341434,416381.65,144458.50,46630
b874efe5-b443-1a76-d386-aec52e8c0050,1989-11-14,,999-52-2904,S99929521,X97069948X,Mrs.,Mireya881,Carolee951,Buckridge80,,Bartoletti50,W,white,nonhispanic,F,Holden  Massachusetts  US,1076 Hirthe Key Unit 60,Weymouth,Massachusetts,Norfolk County,25021,02188,42.26377095585764,-70.92643526209713,170776.77,659030.18,71326
397ae689-f07f-a4e3-7970-e960aec9b935,2007-11-02,,999-51-1031,S99918524,,Mr.,Granville802,,O'Conner199,,,,white,nonhispanic,M,Concord  Massachusetts  US,459 Farrell Path Unit 24,West Newbury,Massachusetts,Essex County,,00000,42.836295397853576,-70.95931545474039,74222.12,2801.33,187008
6fde1d36-c378-e626-cd42-c2384cc4ebdb,1970-05-03,,999-17-8995,S99963669,X94039755X,Mr.,Kelvin159,Jarrett354,Simonis280,,,D,white,nonhispanic,M,Winthrop  Massachusetts  US,1061 Leffler Port Suite 9,Brookline,Massachusetts,Norfolk County,25021,02446,42.34558712380089,-71.1589499241792,162350.95,8825.29,98991
ceb046ec-5071-2847-56d8-10fb9e9a56c9,2017-03-21,,999-22-6977,,,,Myrtie622,Shan714,Rodriguez71,,,,white,nonhispanic,F,Worcester  Massachusetts  US,679 Spencer Knoll,Belmont,Massachusetts,Middlesex County,25017,02478,42.39373415937367,-71.16916737354617,34918.43,2164.66,140471
6406630b-ec15-1e5b-1720-f8baafd48137,1968-03-15,,999-98-1609,S99918552,X45607510X,Mr.,Forrest301,Lamont867,Trantow673,,,M,white,nonhispanic,M,Wilmington  Massachusetts  US,1063 Schimmel Landing,Amherst,Massachusetts,Hampshire County,,00000,42.33033709696754,-72.52859087709417,137137.35,29633.84,281950
1afcc703-1022-86ea-1a7b-1027d8ab7358,2013-10-29,,999-32-8086,,,,Rosana394,,Dooley940,,,,white,nonhispanic,F,Taunton  Massachusetts  US,222 Jaskolski Gateway,Westford,Massachusetts,Middlesex County,,00000,42.559779874333266,-71.42450216863092,47945.11,12530.06,158813
761d3156-0876-6663-b164-015888903890,1967-09-06,,999-27-7113,S99954804,X27899156X,Mrs.,Laticia649,Lovie151,Koss676,,Hickle134,M,white,nonhispanic,F,Worcester  Massachusetts  US,479 Russel Walk,Weymouth,Massachusetts,Norfolk County,25021,02191,42.22072632517295,-70.96424283738834,992095.69,354406.11,114161
bc9f78e8-9aa0-a40d-aa80-929a336b1769,1924-05-16,,999-33-5071,S99940447,X51129319X,Mr.,Shad704,Wilbert25,Flatley871,,,M,black,nonhispanic,M,Fall River  Massachusetts  US,424 Connelly Drive,West Springfield,Massachusetts,Hampden County,25013,01089,42.11978898688899,-72.68631042319782,256125.54,344786.42,30403
cbf73ff8-8760-9ac0-3598-b05d1d7cf0eb,2010-01-15,,999-99-8504,S99917274,,,Earle679,Vincent299,Hermiston71,,,,white,nonhispanic,M,North Westport  Massachusetts  US,611 Predovic Grove Apt 25,Brookline,Massachusetts,Norfolk County,25025,02215,42.3641671341445,-71.13494200667483,46082.57,130.91,500108
19484d68-73c7-8707-48f8-4be0d8e56d86,1976-03-07,,999-79-7403,S99969308,X60787462X,Mrs.,Adina377,Jon665,Gleichner915,,Pollich983,D,white,nonhispanic,F,Middleborough Center  Massachusetts  US,265 Fisher Common Unit 69,Medford,Massachusetts,Middlesex County,25017,02145,42.35507991765032,-71.12092843184321,349221.13,117985.12,80984
55b5cd80-208e-0ed5-c224-d8071ad0c026,1992-08-05,,999-14-8901,S99988266,X24493136X,Mrs.,Dwana281,Lia388,Friesen796,,Maggio310,M,white,nonhispanic,F,Holyoke  Massachusetts  US,604 Greenholt Flat,Framingham,Massachusetts,Middlesex County,25017,01702,42.288153689622135,-71.42666638290123,10324.13,635887.56,12743
0b39ec01-089d-a6c2-e770-c75c20890866,1985-11-27,,999-47-2103,S99941006,X12153175X,Mrs.,Christena299,Soo315,Aufderhar910,,Lakin515,D,white,nonhispanic,F,New Bedford  Massachusetts  US,130 O'Keefe Park Unit 72,Sandisfield,Massachusetts,Berkshire County,,00000,42.09774888534939,-73.13098370240978,295155.91,156091.02,42300
8c93e80f-3b9c-c7c8-ffe4-8ecb6ec003c7,1991-04-04,,999-79-2138,S99944305,X13308422X,Mrs.,Patrica776,Maud851,Schumm995,,Bartell116,D,black,nonhispanic,F,Worcester  Massachusetts  US,200 Reilly Street Apt 58,Boston,Massachusetts,Suffolk County,25025,02126,42.410261384038094,-71.02532620359253,172650.26,1262960.43,46841
12e0e05c-8bcc-42e4-b4bb-f981c2b150c9,1973-05-22,,999-39-9071,S99992490,X72690813X,Mr.,Francisco472,Drew592,Abernathy524,,,M,white,nonhispanic,M,Norton  Massachusetts  US,633 Satterfield Landing Suite 8,Lynn,Massachusetts,Essex County,25009,01940,42.53107763230507,-70.93895732531321,111613.94,22327.01,97941
e89756c8-5667-8360-5e77-17b9a69ce183,1998-10-16,,999-82-7809,S99981077,X66772765X,Mr.,Daren950,Arlie183,Feeney44,,,,white,nonhispanic,M,Westwood  Massachusetts  US,712 Fadel Club,Wilmington,Massachusetts,Middlesex County,25017,01887,42.59074574073192,-71.1300668441012,68598.50,1824.46,65972
de3c4982-7084-9697-353e-0eb167642e5b,2020-12-21,,999-74-6913,,,,Shirely692,Ozella681,Collins926,,,,asian,nonhispanic,F,Boston  Massachusetts  US,460 Turcotte Bypass,Newton,Massachusetts,Middlesex County,25017,02466,42.30788251924358,-71.25269644436173,8597.91,8746.47,110639
da67cb8b-0306-7fc3-c8d7-2dc3606e4eb7,1954-02-19,,999-58-7078,S99980748,X51113157X,Mrs.,Elmer371,Kathie378,Leuschke194,,Tillman293,M,white,nonhispanic,F,Berlin  Massachusetts  US,117 Beier Approach Suite 68,Eastham,Massachusetts,Barnstable County,,00000,41.80995117189308,-69.94237202680783,944028.70,453380.37,54644
11d8e938-b9d9-31ec-04cc-ca37a3f36681,2006-02-16,,999-88-6809,S99992128,X39790366X,Ms.,Darcey370,Meryl421,Langosh790,,,,white,nonhispanic,F,South Yarmouth  Massachusetts  US,955 Schoen Gardens Apt 13,Chelsea,Massachusetts,Suffolk County,25025,02151,42.377949486455506,-71.03827785135549,4463.54,42303.66,10431
049729b7-8dcb-142d-7785-f492803ce75c,1994-10-13,,999-73-9383,S99969044,X44996050X,Mrs.,Gricelda41,Rosario163,Prosacco716,,Hermann103,M,white,nonhispanic,F,Melrose  Massachusetts  US,396 Stroman View,Boston,Massachusetts,Suffolk County,25025,02110,42.29742476436113,-71.06542261210431,80610.17,975536.50,37592
651d50f9-492a-3283-86c7-8fb74194c802,1962-08-19,2021-04-08,999-87-7667,S99963621,X35400755X,Mr.,Arnoldo445,Kraig824,Thiel172,,,S,asian,nonhispanic,M,Carver  Massachusetts  US,649 Glover Loaf Unit 5,Boston,Massachusetts,Suffolk County,25025,02108,42.35808765223469,-71.05012946909562,177503.09,78492.46,60440
39e36bb1-7b1c-27e0-1542-3bece7241912,1996-07-22,,999-66-6983,S99916966,X18042908X,Mr.,Olin642,Angelo118,O'Conner199,,,M,white,nonhispanic,M,Springfield  Massachusetts  US,815 Wilkinson Gardens,Haverhill,Massachusetts,Essex County,25009,01830,42.80119613425365,-71.13644246535661,71831.49,0.00,112508
64a6e7e4-1e52-73af-374f-ad7db24b7a7b,2015-10-22,,999-86-2496,,,,Wallace647,Anton902,Terry864,,,,white,nonhispanic,M,Concord  Massachusetts  US,955 Spinka Parade,North Attleborough,Massachusetts,Bristol County,,00000,41.950947915309044,-71.31431685077958,40402.83,6887.54,129425
3f18bc77-827a-6705-5c98-95c102889a96,1991-07-10,,999-10-2103,S99996711,X03330521X,Mr.,Michal596,Darell496,Schowalter414,,,S,white,nonhispanic,M,Pepperell  Massachusetts  US,735 Denesik Terrace Apt 89,Reading,Massachusetts,Middlesex County,25017,01801,42.46238504137322,-71.14851361929351,46532.27,63607.85,23776
72d321ed-c8d4-f49c-9c51-686e188e36ba,2018-03-28,,999-64-8596,,,,Stephany248,Francine922,Schimmel440,,,,white,nonhispanic,F,Boston  Massachusetts  US,383 Hudson Camp,Agawam,Massachusetts,Hampden County,25013,01030,42.08765785151656,-72.72150804614884,11700.82,23646.82,142168
48c59427-88b6-6868-abca-e172d077cdb4,2000-07-14,,999-53-9454,S99982631,X68611682X,Mr.,Ramiro608,Wilson960,Dickinson688,,,,white,nonhispanic,M,Amherst  Massachusetts  US,206 Dooley Grove,Cambridge,Massachusetts,Middlesex County,25017,02140,42.35606887288486,-71.11939294689928,67061.46,23657.62,655677
3d5bd70d-8c27-6703-ec55-c1aefe891c0f,1981-07-12,,999-73-2981,S99935833,X77613621X,Mr.,Marco578,Ellis535,McGlynn426,,,M,native,nonhispanic,M,Boston  Massachusetts  US,372 Von Trail Suite 34,Middleborough,Massachusetts,Plymouth County,,00000,41.852975108721914,-70.89798312451846,93711.22,28678.63,145084
c8a2f05b-ea6f-afd6-e3cf-4af7c74f4bd3,1952-02-02,,999-59-4810,S99960404,X86799731X,Mr.,Jarrett354,Bradley693,Borer986,,,M,white,nonhispanic,M,Worcester  Massachusetts  US,774 Wisozk Annex Suite 62,Brookline,Massachusetts,Norfolk County,25021,02446,42.367820113117816,-71.18368621710593,282414.91,227963.49,119622
0b24d622-94e8-9edc-fb17-13febeb57585,1966-03-12,,999-24-3222,S99999592,X59137180X,Mrs.,Mitsue965,Lai148,Johnson679,,Braun514,M,asian,nonhispanic,F,Dalton  Massachusetts  US,510 Reichert Frontage road Suite 96,Boston,Massachusetts,Suffolk County,25025,02210,42.3206224776559,-71.14600255487923,887840.25,555334.72,40851
2bb49a17-1015-497e-bb69-65ea0a127a14,1982-10-27,,999-29-8135,S99941679,X07851081X,Mrs.,Monnie762,Natashia109,Turner526,,Rowe323,M,white,nonhispanic,F,Lowell  Massachusetts  US,478 Crooks Bridge Suite 42,Swansea,Massachusetts,Bristol County,,00000,41.71538844672932,-71.25313554062903,431402.37,1421161.95,47136
c71a4221-fde3-3e62-2c2c-4e181d15aabf,2017-09-28,,999-96-9677,,,,Temeka297,Eliana466,Connelly992,,,,white,nonhispanic,F,Pittsfield  Massachusetts  US,123 Lang Dam,Boston,Massachusetts,Suffolk County,25025,02163,42.37551798656316,-71.04451968478317,1953.44,21567.11,22085
d64c5cd1-944b-6633-cc2d-0168761a90ce,1975-02-25,,999-29-1685,S99942997,X88636079X,Ms.,Rhoda854,Karie712,Cremin516,,,S,black,nonhispanic,F,Dennis  Massachusetts  US,641 O'Reilly Crossing Unit 92,Cambridge,Massachusetts,Middlesex County,25017,02140,42.350807236899286,-71.07148403512078,94803.56,722610.59,33938
32613a05-4cb3-83f9-cd01-858ea31fa90d,1994-06-21,,999-92-7655,S99926484,X38896541X,Mrs.,Maximina916,Janay119,Franecki195,,Lesch175,M,white,nonhispanic,F,Beverly  Massachusetts  US,627 Sporer Crossing,Springfield,Massachusetts,Hampden County,25013,01108,42.12184287405627,-72.59664703109667,137351.91,173061.33,96282
77f8c4a4-16ed-c183-eebe-57467e4c8e9c,1986-03-22,,999-99-7035,S99914886,X91828843X,Mrs.,Yong583,,Kulas532,,Koelpin146,M,white,nonhispanic,F,Seekonk  Massachusetts  US,659 Gulgowski Village,Longmeadow,Massachusetts,Hampden County,25013,01106,42.006375596219264,-72.59921542709036,187009.14,306592.47,164799
32191737-27df-0503-faa8-2e22e22d35aa,2021-04-15,,999-43-8081,,,,Bertram873,Glenn0,Wehner319,,,,white,nonhispanic,M,Danvers  Massachusetts  US,835 Kemmer Park,Lowell,Massachusetts,Middlesex County,25017,01851,42.63447789000502,-71.35429450056752,15941.99,1059.98,87684
9a880b58-3588-97ef-fa06-5085a51078c6,2000-02-09,,999-18-3824,S99911618,X05703620X,Ms.,Danelle47,Marjory382,Grady603,,,,white,nonhispanic,F,Newton  Massachusetts  US,326 Douglas Viaduct,Amherst,Massachusetts,Hampshire County,,00000,42.400932769132595,-72.5466992299539,160595.25,975315.03,64926
52e9b30a-b168-79b6-d977-b205d9ce840f,1958-03-31,,999-20-8920,S99958649,X50420565X,Mrs.,Hiedi833,,Stracke611,,Hartmann983,M,other,nonhispanic,F,Attleboro  Massachusetts  US,712 Gibson Gateway Suite 83,Hubbardston,Massachusetts,Worcester County,,00000,42.460525251781284,-72.04470787496584,236760.66,1194032.49,840375
18482c1e-786c-e9fd-9b7d-08ffb88d5c8a,1970-09-27,,999-94-4301,S99930250,X59805199X,Mr.,German382,Aaron697,Quigley282,,,M,white,nonhispanic,M,West Tisbury  Massachusetts  US,895 White Grove,Falmouth,Massachusetts,Barnstable County,25001,02540,41.614768023032234,-70.60537973053599,160912.20,57779.32,66871
feeac9e7-3dea-1ff2-15a4-3e9ba5b80bd1,1959-07-20,2004-12-20,999-90-9184,S99910532,X81535511X,Mr.,Deangelo7,Harley673,Wolf938,,,M,white,nonhispanic,M,Lowell  Massachusetts  US,997 Reinger Rapid Unit 24,East Dennis,Massachusetts,Barnstable County,25001,02641,41.72624677367123,-70.11683964222202,31431.88,420718.37,22344
a7f89633-07be-ad04-694b-560fe55d76e0,1971-08-24,,999-42-2198,S99953561,X90987678X,Mrs.,Neida631,Jannette265,Halvorson124,,Reinger292,M,white,nonhispanic,F,Charlton  Massachusetts  US,570 Johns Drive,Stoughton,Massachusetts,Norfolk County,,00000,42.13319710648142,-71.14473749141105,14150.10,603561.79,18920
8b67e6a7-f1f1-c0b3-f00a-073ecc4b4e9b,2025-08-13,,999-95-6856,,,,Elida479,Neomi684,Kuhic920,,,,white,nonhispanic,F,Lowell  Massachusetts  US,536 Cronin Junction,Marshfield,Massachusetts,Plymouth County,25023,02050,42.1246453333437,-70.665929307628,211.44,5221.93,31344
e2d95f54-abd1-bd59-5a00-703afbb8281b,1989-05-04,,999-92-1057,S99957636,X29721142X,Mrs.,Dorene845,Teena223,Krajcik437,,Walter473,M,asian,nonhispanic,F,Hanoi  Hà Đông  VN,1092 Feil Arcade Apt 70,Cambridge,Massachusetts,Middlesex County,25017,02139,42.339075898060116,-71.11703542236647,231486.69,313426.21,47595
f9b0bb71-b358-3317-e066-64c8ddd4d9a2,2013-10-05,,999-99-9928,,,,Neal874,Jamey282,Reichert620,,,,white,nonhispanic,M,Concord  Massachusetts  US,467 Wisoky Trace,Amherst,Massachusetts,Hampshire County,,00000,42.31687322320578,-72.5394174569412,45309.10,36314.74,56175
a1c86d85-885b-a8f6-90e2-83032b942cbe,1962-08-19,,999-10-4747,S99919538,X62938031X,Mr.,Hugh686,Zack583,Moen819,,,M,asian,nonhispanic,M,Waltham  Massachusetts  US,203 Beahan View,Boston,Massachusetts,Suffolk County,25025,02115,42.27214254258022,-71.13329770815088,26265.52,153452.59,60440
dace4d17-fd27-847e-4908-67fc42e33fa8,1961-04-07,2000-06-01,999-11-5632,S99977387,X04154693X,Ms.,Antionette825,Keva141,Brekke496,,,S,asian,nonhispanic,F,Fall River  Massachusetts  US,555 Rempel Vale Unit 58,Milton,Massachusetts,Norfolk County,25021,02186,42.20584963507653,-71.10000588810811,189537.17,1007735.61,134932
f194fcf9-b298-26b3-625e-d671d241e980,1958-06-18,,999-92-7832,S99921585,X18113379X,Mr.,Forest317,Sonny285,Vandervort697,,,M,asian,nonhispanic,M,Medford  Massachusetts  US,113 Bernhard Glen Apt 31,Chelmsford,Massachusetts,Middlesex County,,00000,42.55007204274833,-71.40225238764822,150199.32,21607.45,225957
fb5eacae-8460-e45a-f8a4-27ad42ce2483,1924-05-04,1990-08-29,999-19-2418,S99979803,X55513767X,Mr.,Lyndon118,,Tromp100,,,D,white,nonhispanic,M,Falmouth  Massachusetts  US,336 Franecki Mews Apt 99,Bridgewater,Massachusetts,Plymouth County,25023,02324,42.02007109250515,-70.95538257180522,41087.45,491590.85,193389
89d3469d-285f-3b77-662b-fc5c3616f3a5,2012-05-12,,999-95-5109,,,,Chester802,Dominique369,Towne435,,,,white,nonhispanic,M,Arlington  Massachusetts  US,939 Kihn Loaf,Hanover,Massachusetts,Plymouth County,,00000,42.15777511666702,-70.87047493042978,20727.42,19013.53,76612
4cd00e88-8b74-accd-ff1e-cd39968bfbab,2001-05-26,,999-19-4490,S99955395,X40420285X,Ms.,Carleen42,Cierra898,Anderson154,,,,white,nonhispanic,F,Stoughton  Massachusetts  US,770 Kessler Brook,Arlington,Massachusetts,Middlesex County,25017,02476,42.40332879241804,-71.12314364914492,177682.79,467807.90,382935
8cb77d94-47eb-cb70-888e-890f881fdf42,2007-05-18,,999-99-2870,S99912158,,Ms.,Claudia969,Annalee788,Cummerata161,,,,white,nonhispanic,F,Dartmouth  Massachusetts  US,509 Cole Overpass Unit 71,Gloucester,Massachusetts,Essex County,25009,01930,42.662437464978815,-70.63837274450651,21544.76,797254.45,53579
6ca26c0a-b21c-7c30-f697-b610a858fdb3,1965-12-28,,999-89-9303,S99926624,X90523975X,Mr.,Nick779,Henry768,Koss676,,,D,black,nonhispanic,M,Sherborn  Massachusetts  US,985 Lehner Bridge Apt 80,Boston,Massachusetts,Suffolk County,25025,02134,42.25260621318194,-71.0241366869791,243758.89,113525.54,31323
0a14bca6-e28b-2315-1882-1c608827dc71,1990-05-30,,999-88-1450,S99970120,X50116196X,Mr.,Quinn173,Otto672,Hills818,,,M,asian,nonhispanic,M,Norton  Massachusetts  US,631 Hayes Park Unit 16,Natick,Massachusetts,Middlesex County,,00000,42.25292720301268,-71.34008326035139,33200.67,19023.81,769654
a057ad94-cc0f-ef10-0103-1082b5d60a65,2009-05-19,,999-37-1289,S99911927,,,Cesar434,Fausto876,Price929,,,,white,nonhispanic,M,Beverly  Massachusetts  US,747 Monahan Ranch Apt 76,Framingham,Massachusetts,Middlesex County,25017,01702,42.327345756908365,-71.41262579608714,45435.92,0.00,35767
acc4378b-6641-0881-b9d6-1b1c834e18ed,1989-06-05,,999-68-1291,S99953585,X66811300X,Mr.,Jamar151,Aurelio227,Graham902,,,D,white,nonhispanic,M,North Andover  Massachusetts  US,267 Fahey Bay Apt 19,Peabody,Massachusetts,Essex County,25009,01940,42.50876171399859,-71.06428862763029,86870.41,7692.70,45426
984fb73c-b240-8bb1-3070-814a7ae99846,1931-08-21,1958-10-11,999-21-6579,S99941933,X39689023X,Mr.,Lorenzo669,Armando772,Solorzano931,,,,white,hispanic,M,Ponce  Puerto Rico  PR,160 Prohaska Manor,Tewksbury,Massachusetts,Middlesex County,,00000,42.6067143448706,-71.23675181470288,64981.75,10182.71,30721
705655f5-2651-bb26-a074-5ce21491d256,1973-06-20,,999-58-1421,S99913362,X48021270X,Mr.,Alfred550,,Kulas532,,,D,white,hispanic,M,Boston  Massachusetts  US,525 Hilll Extension,Agawam,Massachusetts,Hampden County,25013,01030,42.07825867589633,-72.70217130688866,147427.02,9211.93,44875
af1425d3-bb0c-bc4b-cf2e-037947935b62,1995-07-02,,999-47-6216,S99968565,X27810220X,Mrs.,Lavonne167,Sydney660,Cole117,,Wehner319,M,white,nonhispanic,F,Vineyard Haven  Massachusetts  US,281 Schmitt Wynd,Boston,Massachusetts,Suffolk County,25025,02109,42.36119818985367,-71.01831068388046,230878.15,340140.25,127655
05b0b9c0-699a-4b1b-6eb7-70535a87d659,1960-01-02,,999-48-3348,S99926747,X92853767X,Mr.,Diego848,,Hilpert278,,,D,white,nonhispanic,M,Everett  Massachusetts  US,166 Rippin Gateway Unit 3,Weston,Massachusetts,Middlesex County,,00000,42.33182044330022,-71.26689463559536,84933.79,159642.33,170444
887dd4c0-eb1a-e002-e80f-91642c44737c,2002-08-05,2005-02-05,999-47-5096,,,,Marian936,Traci329,Cremin516,,,,asian,nonhispanic,F,Worcester  Massachusetts  US,719 Tromp Annex Suite 8,Boston,Massachusetts,Suffolk County,25025,02125,42.31558340644,-71.08489423442582,10320.35,752.04,61640
10cc0a2c-e030-2f57-7ede-2f929f70aa54,1978-05-01,,999-16-3540,S99987935,X25278856X,Mr.,Ahmed109,Norris589,Hauck852,,,S,white,hispanic,M,Boston  Massachusetts  US,443 Beier Orchard,Lawrence,Massachusetts,Essex County,25009,01843,42.730381086749084,-71.1267275309727,10062.36,200986.19,10333
0117dabc-cd9f-471c-83f5-796c08823ee8,1969-08-06,,999-89-5255,S99912641,X38390691X,Ms.,Mabelle762,,Ward668,,,S,asian,nonhispanic,F,Medford  Massachusetts  US,1006 Schumm Gate Unit 74,Newton,Massachusetts,Middlesex County,25017,02460,42.31595595080049,-71.24765210913996,17955.86,1215843.83,6677
f41d0868-7a1b-607c-b90e-800a1eaa45e9,1998-06-01,,999-37-6909,S99961394,X41198510X,Mrs.,Lourdes258,Elvira561,Ramos754,,Huerta329,M,native,hispanic,F,Tegucigalpa  Francisco Morazán  HN,413 Heidenreich Pathway,Norwood,Massachusetts,Norfolk County,25021,02090,42.18923965427118,-71.16942590437388,159555.34,280064.69,114754
59439a70-5c31-d4e5-4362-2738f5f21d07,1959-07-20,2019-05-06,999-41-8418,S99967073,X06090018X,Mr.,Sammy219,Morgan564,Dickens475,,,M,white,nonhispanic,M,Medfield  Massachusetts  US,883 O'Kon Trafficway Unit 13,East Dennis,Massachusetts,Barnstable County,25001,02641,41.78250141267283,-70.19272750263917,15373.38,570764.58,22344
235f6342-b9cf-61a8-30e4-a75827cbf117,1995-06-14,,999-92-3054,S99989737,X50563484X,Mrs.,Reena181,Susy776,Nolan344,,Jakubowski832,M,asian,nonhispanic,F,Hingham  Massachusetts  US,1091 O'Kon Route,Boston,Massachusetts,Suffolk County,25025,02130,42.29391007034509,-71.01727353490274,180774.74,395788.71,117245
dd8f3723-27d2-4912-7416-8ec5a2465941,2012-04-06,,999-47-3029,,,,Cary869,Deloras136,Flatley871,,,,white,nonhispanic,F,Burlington  Massachusetts  US,879 Feeney Row,Boxborough,Massachusetts,Middlesex County,,00000,42.45757537853738,-71.47874032052839,33512.57,6503.31,927918
c9a09e74-cabe-c02f-86fd-eb403585fb21,1977-09-29,,999-16-1283,S99967974,X22889039X,Mrs.,Caterina17,Emelina469,Jones311,,Stracke611,D,white,nonhispanic,F,Boston  Massachusetts  US,438 Murphy Mall,Lynn,Massachusetts,Essex County,25009,01901,42.47076470741769,-70.972623624778,413951.02,172105.20,47353
301d4afd-956c-1159-3479-ff565da839cc,1989-05-27,,999-14-8669,S99928488,X81309870X,Mrs.,Staci390,Kathlene786,Greenholt190,,Renner328,M,white,nonhispanic,F,Concord  Massachusetts  US,547 Gutkowski Ferry Unit 85,Foxborough,Massachusetts,Norfolk County,25021,02035,42.04535499732684,-71.25266342990327,177316.12,379078.08,38617
8635c89d-15b3-4c7f-3e29-942f2e655550,2015-03-03,,999-61-9152,,,,Theron432,Robt687,Medhurst46,,,,white,nonhispanic,M,Amherst  Massachusetts  US,641 Koelpin Ville,Gloucester,Massachusetts,Essex County,25009,01930,42.61799868751295,-70.69916457975397,32409.53,1516.13,57444
16b47969-ceb9-150c-9bd4-f07107eaf54d,1972-08-13,,999-18-1711,S99964610,X96716701X,Mrs.,Annett908,,Hamill307,,Ziemann98,M,white,nonhispanic,F,Hingham  Massachusetts  US,958 Bahringer Manor,Southborough,Massachusetts,Worcester County,,00000,42.328384662369324,-71.56411055045479,231168.27,419661.55,782078
fddcdb53-dc93-46ba-5df0-bb402b6bee07,2002-08-05,,999-95-9047,S99926896,X76916498X,Ms.,Steffanie515,Jean712,Zemlak964,,,,asian,nonhispanic,F,Boston  Massachusetts  US,764 Von Gardens,Boston,Massachusetts,Suffolk County,25025,02122,42.35891510999097,-71.03222057001082,84949.99,142896.14,61640
8a3cb3ee-1771-0123-e369-49560f6d161b,1969-11-11,,999-10-2587,S99963009,X10183282X,Mrs.,Mafalda94,Sheena120,Muller251,,Hodkiewicz467,D,white,nonhispanic,F,Natick  Massachusetts  US,911 Hickle Tunnel,Newton,Massachusetts,Middlesex County,25017,02467,42.3244907687618,-71.1959911860691,685624.92,164687.71,36617
92bd36e0-9f0a-7782-dab4-5826bb3cb1de,1964-04-23,,999-77-9161,S99995468,X90986932X,Mr.,Lou594,Cesar434,Monahan736,,,M,white,nonhispanic,M,Boston  Massachusetts  US,857 Labadie Row Suite 15,Worcester,Massachusetts,Worcester County,25027,01545,42.24046310618547,-71.78046157595527,145496.28,154861.02,60430
4f0e5b7f-991e-5c3f-55bf-1d95137f38ab,1983-07-02,,999-16-6294,S99930622,X22848249X,Mrs.,Clara183,Barbara209,Lomeli256,,Concepción765,M,white,hispanic,F,Portsmouth  Saint John Parish  DM,563 Abbott Mill Suite 43,Greenfield,Massachusetts,Franklin County,25011,01301,42.657348385651325,-72.62811649913222,177224.23,303423.53,57172
7718a83b-2634-41b2-bd08-a8001a0eb488,2005-01-01,,999-13-9331,S99961958,X26590431X,Mr.,Lucien408,Loren192,Crist667,,,,white,nonhispanic,M,Lexington  Massachusetts  US,1096 Reilly Ville Unit 18,Lynn,Massachusetts,Essex County,25009,01905,42.49749884861,-71.0422994281728,69497.64,14250.97,139524
b223c125-eaed-6793-d185-a48bafc6b75b,1993-02-06,,999-33-8432,S99938179,X71871149X,Ms.,Kenna183,,Davis923,,,S,asian,nonhispanic,F,Amherst Center  Massachusetts  US,1009 Weissnat Well Suite 47,Boston,Massachusetts,Suffolk County,25025,02136,42.279633080799115,-71.1318499042812,13170.45,1053543.32,3956
48188d84-2296-8a7d-3c61-34abf3ff789e,2000-09-23,,999-72-7776,S99975184,X03699597X,Mr.,Bennett146,Mitchel812,Blick895,,,,white,nonhispanic,M,Medford  Massachusetts  US,780 Hilll Boulevard,Rochester,Massachusetts,Plymouth County,,00000,41.74334706258079,-70.87665016144048,41488.04,13503.11,68975
9f4e460c-a799-2305-12ee-ba7ab7a16892,2010-03-20,,999-66-6848,S99986763,,,Eldridge510,Lazaro919,Dicki44,,,,white,nonhispanic,M,Boston  Massachusetts  US,186 Murray Manor Unit 65,Somerset,Massachusetts,Bristol County,25005,02725,41.757402908709075,-71.11859526640711,41313.38,3402.55,138554
372da266-f148-d56e-b4b9-c5133868e26b,2009-05-06,,999-69-4248,S99932399,,,Scot349,Jarrod316,Mayer370,,,,white,nonhispanic,M,New Bedford  Massachusetts  US,797 McCullough Fort Apt 45,Beverly,Massachusetts,Essex County,25009,01915,42.54522406478094,-70.90626570764024,47931.13,3299.61,43857
2c783655-e493-404e-e6f0-b9faca4a72f6,1932-09-20,2011-07-10,999-89-8066,S99943184,X72110996X,Mrs.,Nichole96,,McLaughlin530,,Padberg411,M,white,nonhispanic,F,Boston  Massachusetts  US,359 Pollich Trafficway Unit 57,Granby,Massachusetts,Hampshire County,25015,01033,42.26641877102772,-72.48368228277486,18958.70,1038549.77,20133
bf53705a-a5af-ee1b-f233-e98f39a84267,1955-07-08,,999-65-1503,S99993099,X85570699X,Mrs.,Avis183,Joette227,Jones311,,Abshire638,M,white,nonhispanic,F,North Westport  Massachusetts  US,1021 Corkery Walk Unit 71,Beverly,Massachusetts,Essex County,25009,01915,42.597938970767515,-70.89121705035929,663980.02,302583.35,73777
16ba8700-d6b0-e951-acce-a66adf996502,1951-10-26,,999-66-5566,S99918806,X21213575X,Mrs.,Otilia736,Krystyna791,Feest103,,Hoppe518,W,white,nonhispanic,F,North Adams  Massachusetts  US,1094 Hettinger Frontage road Apt 21,Lowell,Massachusetts,Middlesex County,25017,01852,42.61712492433104,-71.28839721372462,403584.36,912529.73,28133
ff7f4c84-6565-3fe9-b11b-ead28030e4e0,1976-07-12,,999-61-7797,S99993462,X55053486X,Mr.,Spencer878,,Hessel84,,,D,white,nonhispanic,M,Boston  Massachusetts  US,831 Veum Parade Apt 24,New Bedford,Massachusetts,Bristol County,25005,02747,41.588151870638455,-70.92256751388567,8585.55,169216.99,8921
82548711-ac00-d7c3-86be-22db5faa5f85,2010-12-21,,999-89-5955,,,,Margy712,,Emard19,,,,white,nonhispanic,F,Lexington  Massachusetts  US,385 Emard Bay,Peabody,Massachusetts,Essex County,25009,01960,42.58217742886814,-70.99887079652841,46072.01,19435.92,42967
18fc7d50-7418-27d0-63e5-70e5e133d97d,1980-12-20,,999-93-8801,S99913392,X14262496X,Mr.,Miquel905,Mike230,Effertz744,,,D,white,nonhispanic,M,Swansea  Massachusetts  US,935 Beer Mill,Boston,Massachusetts,Suffolk County,25025,02210,42.35277486792851,-71.04697380562763,72769.91,23914.85,628978
727f2e6c-0dd5-b00b-9147-331e0e48c45f,1924-05-04,,999-78-3776,S99915734,X14256981X,Mr.,August363,Jarvis643,Durgan499,,,S,white,nonhispanic,M,Granby  Massachusetts  US,740 Marks Spur,Bridgewater,Massachusetts,Plymouth County,25023,02324,42.0156685776761,-70.9638124149913,214591.20,350428.80,193389
2675c021-908b-a087-9973-9c44ea292875,1976-03-02,,999-10-4628,S99961633,X51586005X,Mrs.,Coretta598,Joanie498,Dicki44,,Shanahan202,M,black,nonhispanic,F,New Bedford  Massachusetts  US,710 Keebler Annex Unit 78,Chicopee,Massachusetts,Hampden County,25013,01020,42.15115499073309,-72.58292058738883,406779.02,467677.38,61167
f7f99fe1-2276-25d0-a9c1-629155b9cbe3,1982-11-01,,999-32-8464,S99986304,X97886074X,Mrs.,Elvera717,,Schroeder447,,Morar593,M,white,nonhispanic,F,Sudbury  Massachusetts  US,724 Cruickshank Heights Apt 8,Waltham,Massachusetts,Middlesex County,25017,02453,42.3914561243692,-71.30339898643338,223658.14,1177433.34,160630
89a18ea5-b180-a1f9-043e-51a19d94e024,1996-05-03,,999-21-4083,S99916993,X23436511X,Ms.,Nohemi878,Ilana185,Crooks415,,,S,white,nonhispanic,F,Abington  Massachusetts  US,170 O'Keefe Spur,Worcester,Massachusetts,Worcester County,25027,01583,42.27574543641917,-71.8651754889698,8533.36,275312.47,16766
a6b4dc19-df9f-e93b-fcce-add1f247782e,1975-06-19,,999-82-9184,S99965730,X87923839X,Mr.,Lindsay928,Luciano237,Feeney44,,,W,white,nonhispanic,M,Norton  Massachusetts  US,536 Gislason Way Unit 18,Grafton,Massachusetts,Worcester County,,00000,42.21182325956029,-71.68673734009622,9016.21,135972.18,12673
629fb99d-2d49-279a-5f79-f9878141503d,1991-05-11,,999-58-6053,S99951858,X94398229X,Mrs.,Whitley172,,Gislason620,,Jones311,M,asian,nonhispanic,F,Winchester  Massachusetts  US,776 Schuppe Mews Unit 70,Salem,Massachusetts,Essex County,25009,01970,42.46299956629277,-70.85279405832121,88136.28,567475.64,791944
4f40b82f-9add-65cf-f4ce-4fa234a70dc0,1931-08-21,1999-01-20,999-23-2847,S99918268,X44065057X,Mr.,Emilio417,Víctor493,Rosas160,,,S,white,hispanic,M,La Paz  Baja California  MX,357 Jones View Unit 33,Tewksbury,Massachusetts,Middlesex County,,00000,42.62560944132123,-71.27738181042376,188911.31,1412295.23,30721
dbb89418-2a8e-5eb5-1707-d7f04ec33637,2013-01-11,,999-10-5186,,,,Chuck784,Graham902,Schimmel440,,,,white,nonhispanic,M,Amherst  Massachusetts  US,488 Friesen Branch,Watertown,Massachusetts,Middlesex County,25017,02472,42.39684268822216,-71.16324634963475,2650.76,56080.17,11209
55367f7d-fc2e-32af-67f3-c99fa86d787b,1973-06-26,2011-05-28,999-40-7435,S99992505,X52511509X,Mrs.,Yun266,,Schuppe920,,Crist667,M,white,nonhispanic,F,Medford  Massachusetts  US,148 Marks Common Apt 43,Easton,Massachusetts,Bristol County,,00000,42.048018664021065,-71.08773021288924,235878.37,796528.19,172067
0d3aec38-7c4f-45e9-c70c-c89f08c144f0,1965-07-27,,999-44-8042,S99910608,X34917716X,Mrs.,Zofia65,Eveline832,Hettinger594,,Prohaska837,D,black,nonhispanic,F,Worcester  Massachusetts  US,151 Dicki Fork Apt 54,Boston,Massachusetts,Suffolk County,25025,02151,42.374868547210596,-71.10156100200473,649281.76,306117.32,67526
269d2173-1383-4533-12b7-60eddae7dd8d,1978-02-04,,999-87-6365,S99935708,X44757490X,Mr.,Solomon675,Kristopher775,Kling921,,,M,asian,nonhispanic,M,Northampton  Massachusetts  US,1093 Bogisich Boulevard,Dedham,Massachusetts,Norfolk County,25021,02090,42.235676137656945,-71.1533378530056,88958.15,57182.37,108751
7cd20276-95c5-e2e8-b156-85a721f45580,2020-11-02,,999-67-2448,,,,Piedad413,Verlene883,Gusikowski974,,,,white,hispanic,F,Boston  Massachusetts  US,840 Hammes Crossing,Westfield,Massachusetts,Hampden County,25013,01086,42.174107478986116,-72.79590827916823,1138.45,24462.85,23342
3a8456dc-20f4-bdd5-4bfe-be3958814751,1970-10-16,,999-64-9596,S99957502,X42512239X,Mrs.,Ignacia942,,Will178,,Goldner995,M,white,nonhispanic,F,Marion  Massachusetts  US,870 Ziemann Bypass Suite 48,Boston,Massachusetts,Suffolk County,25025,02108,42.39137043535654,-71.09649975654436,25700.06,1525263.83,8304
19175e71-d20b-faaa-d26c-ddf78c9f9d09,1991-01-19,,999-16-4649,S99962545,X47484503X,Mrs.,Latia151,Agustina460,Treutel973,,Hand679,D,white,nonhispanic,F,Boston  Massachusetts  US,125 Mayert Track Unit 61,Acton,Massachusetts,Middlesex County,,00000,42.50593014366168,-71.48043198662447,143247.19,209591.57,35331
9d9f7283-7db5-43b1-d365-e21e0b420cee,1960-04-08,,999-21-2335,S99971338,X18693347X,Mr.,Kelley882,,Gerhold939,,,D,white,nonhispanic,M,North Reading  Massachusetts  US,645 Terry Stravenue Suite 86,Grafton,Massachusetts,Worcester County,,00000,42.20190391599129,-71.67612083344275,14664.66,277338.26,7708
edeaaec9-46c6-6b50-c724-932823fb7a21,1976-04-07,,999-72-3664,S99942461,X94678303X,Mr.,Marcelo725,Mariano761,Morar593,,,M,other,nonhispanic,M,Lawrence  Massachusetts  US,615 Turcotte Rest Suite 53,Medfield,Massachusetts,Norfolk County,25021,02052,42.187934710125646,-71.29644360575712,147872.50,18521.43,572428
fd670cc1-9381-3da6-4f20-6952801c1ae6,1959-07-20,,999-27-8460,S99934693,X31465132X,Mr.,Erich201,Trey250,Barrows492,,,M,white,nonhispanic,M,Framingham  Massachusetts  US,624 Johnson Drive,East Dennis,Massachusetts,Barnstable County,25001,02641,41.7092408922386,-70.15409370861754,73928.30,1103555.24,22344
8ef35aa9-4334-eafd-2976-0ee4f1db89f2,1952-04-02,,999-11-2959,S99935716,X06458496X,Mrs.,Zada604,Claudie965,Lesch175,,Collins926,W,white,nonhispanic,F,Boston  Massachusetts  US,854 Rippin Light Unit 28,New Bedford,Massachusetts,Bristol County,25005,02745,41.657555849734536,-70.9951042221693,805585.30,378875.19,97919
02719e2e-d5a6-02f6-dfa8-6e08601176de,2019-03-09,,999-19-4897,,,,Kenna183,Leigh689,Pollich983,,,,white,nonhispanic,F,Chelmsford  Massachusetts  US,617 Swift Trace,Cambridge,Massachusetts,Middlesex County,25017,02139,42.345564833283724,-71.09450287221996,22032.98,0.00,48568
c525270c-d023-eacc-2599-fe2d9cbd94ff,1965-07-17,2019-03-09,999-92-5206,S99986807,X21828634X,Mrs.,Charlott617,Elizebeth108,Rutherford999,,Kemmer137,M,black,nonhispanic,F,Newton  Massachusetts  US,646 Abernathy Annex Suite 82,Bedford,Massachusetts,Middlesex County,25017,01730,42.540242718706324,-71.32781780486411,200720.15,1504042.29,28006
5aee11c4-5203-9be9-334a-ee6b15a66e95,1998-03-27,,999-74-9353,S99926952,X05128288X,Ms.,Melita22,Lore422,Batz141,,,S,black,nonhispanic,F,Abington  Massachusetts  US,113 Nikolaus Rapid,Shrewsbury,Massachusetts,Worcester County,,00000,42.33412055220474,-71.70224011209653,239092.69,33489.86,79146
9d3168f3-3b1b-bf3e-08df-57d17a2438f6,1932-09-20,,999-31-6618,S99923140,X84019701X,Mrs.,Erlene813,,Tillman293,,Luettgen772,M,white,nonhispanic,F,Berkley  Massachusetts  US,892 Vandervort Track,Granby,Massachusetts,Hampshire County,25015,01033,42.29316926452174,-72.49883579558895,28572.06,2213476.32,20133
27958707-0726-28f4-21a3-4e0ad51aab08,1987-07-07,,999-36-6505,S99929377,X90570164X,Mr.,Allen322,Steven797,Bauch723,,,S,white,nonhispanic,M,New Bedford  Massachusetts  US,319 Williamson Club Unit 65,Lawrence,Massachusetts,Essex County,25009,01840,42.710311326544335,-71.13336710121033,117103.58,37798.88,65381
a1d70a85-7744-a428-0a09-f1a96ba25007,1962-11-28,,999-15-1388,S99947730,X00488807X,Mrs.,Randi364,,Hammes673,,Hackett68,M,white,nonhispanic,F,Greenfield  Massachusetts  US,458 Bogan Row Suite 58,Plymouth,Massachusetts,Plymouth County,25023,02360,41.885794045106074,-70.59700421707217,343279.46,523573.07,219387
ccafc0e8-b108-9e55-f4e3-6108db92228b,1968-10-24,1999-12-02,999-46-1365,S99991671,X59511905X,Mrs.,Beverlee316,Gregory545,Bashirian201,,Herman763,M,white,nonhispanic,F,Wareham  Massachusetts  US,1002 Schumm Walk,Shirley,Massachusetts,Middlesex County,25017,01464,42.5328876180273,-71.59679913419248,67569.95,587520.02,24601
a0af9412-9b34-e986-72ad-5fe746f65894,1965-02-21,,999-83-7137,S99954183,X90947243X,Mrs.,Floretta117,,Hahn503,,VonRueden376,M,white,nonhispanic,F,Revere  Massachusetts  US,466 Rogahn Burg,Millville,Massachusetts,Worcester County,,00000,42.05406258781617,-71.57767496802391,290540.29,756470.14,166927
0774767e-cce9-c19f-28f6-a17c8c57da44,1968-01-14,,999-19-8002,S99972536,X25526386X,Mr.,Terry864,Chadwick722,Turner526,,,S,white,nonhispanic,M,North Attleborough  Massachusetts  US,1028 Smitham Extension,Worcester,Massachusetts,Worcester County,25027,01602,42.265673847714744,-71.78430537925236,10486.58,223459.84,16513
e171d052-a7ba-61e0-9da3-73db9fa4906d,1943-12-05,,999-51-4863,S99981748,X19359332X,Mrs.,Bette450,Genny123,Dooley940,,Corkery305,D,white,nonhispanic,F,Billerica  Massachusetts  US,732 Collier Manor,Cambridge,Massachusetts,Middlesex County,25017,02142,42.32754138954297,-71.08674897368077,853656.51,264527.35,74005
d158f0d8-b370-7e10-10f0-7cb935097419,1979-11-24,1981-10-07,999-26-9741,,,,Dorsey40,Rufus33,Jacobi462,,,,white,nonhispanic,M,Everett  Massachusetts  US,936 Jones Ferry,Gardner,Massachusetts,Worcester County,25027,01440,42.582870160544005,-72.02730918427052,3241.50,31241.02,24246
bf772691-db56-d5cd-732f-fab28d523778,1956-07-20,,999-95-6614,S99998124,X07559465X,Mrs.,Antonia30,,Gutiérrez115,,Córdova800,M,white,hispanic,F,Guatemala City  Guatemala  GT,770 Steuber Trafficway Suite 26,Palmer,Massachusetts,Hampden County,25013,01057,42.09787268779102,-72.32392521782009,22310.59,1403022.95,7524
0e74f039-2b3e-c5f7-8651-47f0d1cecdb8,2021-12-26,,999-27-7221,,,,Hank686,Chester802,Lebsack687,,,,asian,nonhispanic,M,Shanghai  Shanghai Municipality  CN,784 Carter Throughway,Barnstable,Massachusetts,Barnstable County,25001,02630,41.66702053104692,-70.29425265659953,6899.82,0.00,52900
4d94ded2-7471-e9e4-34c6-7e943cf42c8a,2025-08-13,,999-28-6412,,,,Tuan998,Alfonso758,Larkin917,,,,white,nonhispanic,M,Webster  Massachusetts  US,231 O'Kon Skyway,Agawam,Massachusetts,Hampden County,25013,01030,42.02594072506151,-72.62439968707348,5016.53,0.00,42400
317f8381-5aea-72c7-8486-c24d2fffdd1f,2015-07-28,,999-72-1428,,,,Nestor901,Chung121,Pfeffer420,,,,white,hispanic,M,Chelsea  Massachusetts  US,471 Erdman Plaza,Dedham,Massachusetts,Norfolk County,25021,02090,42.26651203263199,-71.20065324071045,21401.44,23348.50,81836
2dd6cf6c-b0d3-0625-9322-c35efc7a5a17,2010-04-22,,999-67-8324,S99948089,,,Margy712,Luanne915,Kuvalis369,,,,white,nonhispanic,F,Springfield  Massachusetts  US,836 Corwin Skyway Suite 36,Norwood,Massachusetts,Norfolk County,25021,02062,42.17927508538951,-71.18576170895648,7139.90,40531.10,116540
41dd3345-0c60-e730-3437-ac53e7e23c22,1973-06-26,,999-90-9639,S99933308,X23889734X,Ms.,Charlsie105,Reena181,Casper496,,,S,white,nonhispanic,F,North Adams  Massachusetts  US,954 Smith Branch,Easton,Massachusetts,Bristol County,,00000,42.04717174305262,-71.13158245503814,250989.39,526762.92,172067
fc1790cf-8ef8-5c94-1647-46683ac5143c,1974-10-08,2011-09-30,999-75-8783,S99911837,X04081000X,Mrs.,Kimi714,Mi492,Robel940,,Breitenberg711,M,black,nonhispanic,F,Danvers  Massachusetts  US,966 Purdy Crossing Apt 24,Springfield,Massachusetts,Hampden County,25013,01119,42.12985968234914,-72.58267400366233,620637.12,214019.00,44956
d5fc2272-a57f-1dfc-32ca-b8de5ed92d53,2010-01-29,,999-41-1050,S99932692,,,Katelyn962,Staci390,Heathcote539,,,,white,nonhispanic,F,Taunton  Massachusetts  US,1066 Kohler Row Apt 47,Millbury,Massachusetts,Worcester County,,00000,42.17473692009052,-71.81031583022406,3080.32,51429.62,25728
381efbf2-c0b2-f28a-fd5a-e5615cb3e568,2014-12-29,,999-20-8030,,,,Nella762,,Nikolaus26,,,,white,nonhispanic,F,Tewksbury  Massachusetts  US,724 McClure Gate,Scituate,Massachusetts,Plymouth County,25023,02066,42.207749440236505,-70.7587888970413,16449.30,11505.10,154894
3ca42f73-9db0-e6ee-bdd9-ae0af83df391,1933-02-04,1997-08-02,999-45-2613,S99924837,X16033041X,Mr.,Grady603,Florentino8,Jerde200,,,S,white,nonhispanic,M,North Andover  Massachusetts  US,406 Lindgren Path Apt 76,Agawam,Massachusetts,Hampden County,25013,01030,42.04493061763656,-72.57956039741725,324375.43,604458.81,32025
ec3b0a8b-1875-16de-9dff-1be121e87013,1991-01-28,,999-86-4343,S99916899,X32008413X,Mrs.,Lori426,Pearlene638,Klocko335,,Adams676,M,white,nonhispanic,F,Worcester  Massachusetts  US,625 Gerhold Stravenue Suite 23,Lenox,Massachusetts,Berkshire County,25003,01240,42.400138371077496,-73.26812504400448,172552.47,462814.38,49676
a6869cde-6f0e-6247-2921-bb907572bad0,2017-02-20,,999-76-5144,,,,Gianna370,Jennine355,Marks830,,,,white,nonhispanic,F,Bridgewater  Massachusetts  US,629 Sauer Loaf,Pepperell,Massachusetts,Middlesex County,25017,01463,42.62147064387268,-71.60129370220675,1795.86,70518.67,19157
34f45da5-5d4b-1b70-f640-5154ca4af109,2021-06-23,,999-47-8452,,,,Dee580,Bertram873,MacGyver246,,,,white,nonhispanic,M,Dracut  Massachusetts  US,260 Tromp Parade,Dover,Massachusetts,Norfolk County,25021,02030,42.20963245463995,-71.26585105711209,8137.60,5955.17,709899
71abec07-050f-baf4-9e0b-0e05883e151b,1942-06-11,2013-12-31,999-13-5413,S99960210,X89981546X,Mrs.,Fawn386,Williemae619,Larson43,,Sporer811,D,white,nonhispanic,F,Millbury  Massachusetts  US,387 Rath Passage,Methuen,Massachusetts,Essex County,25009,01844,42.72747494096399,-71.22033035389352,1123545.57,1245642.36,46630
e4f25323-ca4e-606c-82c3-5a4482571217,1933-01-06,,999-89-9878,S99964249,X03803110X,Mrs.,Carmen818,,Little434,,Gleason633,D,white,nonhispanic,F,Norwell  Massachusetts  US,640 Cummerata Highlands,Ipswich,Massachusetts,Essex County,25009,01938,42.65503471691392,-70.78991704360539,418138.88,1327599.38,339169
40b066a1-88d2-323e-efaa-50ae1a1bb294,1979-11-24,,999-25-7821,S99981985,X57445443X,Mr.,Felipe97,Gavin481,Klocko335,,,M,white,nonhispanic,M,Plymouth  Massachusetts  US,648 Gorczany Throughway Suite 43,Gardner,Massachusetts,Worcester County,25027,01440,42.57112720756666,-71.94569497384867,72661.55,650737.92,24246
b4fadd44-d4e2-d6e1-12e2-1dd395773cab,2003-04-05,,999-60-1431,S99949955,X74841039X,Ms.,Aliza77,,Gibson10,,,,black,nonhispanic,F,Newton  Massachusetts  US,518 Bogan Haven Unit 57,Athol,Massachusetts,Worcester County,25027,01331,42.526075242287675,-72.16170426897064,83555.29,706976.28,161655
0b12b213-715c-ee6a-3104-26a1dd6d7aa2,1931-08-21,,999-86-9540,S99968620,X05178664X,Mr.,Mateo562,Diego848,Partida347,,,W,white,hispanic,M,Wesley  Saint Andrew Parish  DM,138 Stiedemann Path,Tewksbury,Massachusetts,Middlesex County,,00000,42.646865397542285,-71.25551294422095,275651.85,811087.78,30721
48c35a7a-6a6b-6bff-6d1d-dc62958622cb,1978-01-07,,999-80-2671,S99997949,X34795741X,Mr.,Thomas756,Mac103,Brown30,,,M,black,nonhispanic,M,Plymouth  Massachusetts  US,628 Gibson Course,Granville,Massachusetts,Hampden County,,00000,42.133790178296415,-72.87207051493334,96771.74,80854.64,79098
2a2cb8d3-fb64-48a3-b515-4896f3f71423,2009-10-20,,999-84-9598,S99942298,,,Lurline371,,Leuschke194,,,,white,nonhispanic,F,Beverly  Massachusetts  US,333 Farrell Extension,Weymouth,Massachusetts,Norfolk County,25021,02189,42.21952587326955,-70.91156325623197,49318.33,2854.30,164646
760321fe-1fa0-72f9-5d96-54a9ea7ea2a3,1965-08-25,,999-95-2003,S99961655,X47203726X,Mrs.,Obdulia648,Josette398,Hickle134,,McDermott739,M,white,nonhispanic,F,South Duxbury  Massachusetts  US,231 Pouros View Unit 99,Spencer,Massachusetts,Worcester County,25027,01562,42.266553504438086,-71.98060425404593,664601.41,412678.45,79001
8cb07a60-7308-2ca7-5db9-4df1431043a1,1968-10-24,,999-62-2135,S99985757,X46563269X,Mrs.,Felicidad691,,Okuneva707,,Goyette777,M,white,nonhispanic,F,Holyoke  Massachusetts  US,875 Hammes Wall,Shirley,Massachusetts,Middlesex County,25017,01464,42.52819710516952,-71.65419717074889,184738.75,622620.98,24601
1b8afd1b-c797-5c7a-a222-3e7c0510aecc,2002-01-14,,999-59-8748,S99922618,X49134614X,Ms.,Teresa94,Siobhan540,Buckridge80,,,,black,nonhispanic,F,Holyoke  Massachusetts  US,1084 Hermiston Divide Apt 31,Easthampton,Massachusetts,Hampshire County,25015,01027,42.25570868405729,-72.62228881326133,16203.30,747870.86,129207
6999fcd2-df43-47f1-6e02-e7616c2b09ef,1940-11-22,2008-11-25,999-93-3383,S99993404,X28526558X,Mrs.,Stefania815,Prudence900,Pagac496,,Bogisich202,D,white,nonhispanic,F,Quincy  Massachusetts  US,976 Gusikowski Manor,Cambridge,Massachusetts,Middlesex County,25017,02138,42.402804888955025,-71.10383906769289,194678.23,2282039.15,149660
c6173229-7eab-eb3b-65bb-f0a9d271ad22,2018-06-05,,999-54-8139,,,,Louetta798,,Champlin946,,,,white,nonhispanic,F,West Springfield  Massachusetts  US,297 Cormier Stravenue Suite 63,Pinehurst,Massachusetts,Middlesex County,25017,01866,42.56601351391088,-71.28345530828499,27372.79,1200.41,154102
cecc5cab-b3ad-ba1a-e7ea-3fb27501d08e,2013-03-06,,999-79-3748,,,,Corrinne176,Kyung736,Ruecker817,,,,white,hispanic,F,Hanover  Massachusetts  US,313 Haley Camp,Belmont,Massachusetts,Middlesex County,25017,02478,42.391749278123626,-71.2184525880026,12999.29,111997.67,134393
f3a22f90-bb46-6980-1870-8f3cb939e850,1974-10-08,,999-27-1072,S99912288,X91221032X,Mrs.,Raguel228,Melania287,DuBuque211,,Veum823,M,black,nonhispanic,F,Waltham  Massachusetts  US,995 Casper Lane Suite 25,Springfield,Massachusetts,Hampden County,25013,01103,42.11323206659002,-72.49667538131168,619062.85,590801.56,44956
a8cee1dd-227d-021e-478a-3fbbf7858c94,1957-06-19,2014-03-18,999-74-8674,S99918465,X15836641X,Mr.,Werner409,Troy560,Berge125,,,M,white,nonhispanic,M,Springfield  Massachusetts  US,809 Fritsch Bay Unit 21,Boston,Massachusetts,Suffolk County,25025,02127,42.311043322195566,-71.0106754728299,166941.41,130579.99,30282
0d0f4347-b280-7649-5b23-a2597dd5e7a7,2009-05-24,,999-42-1254,S99988591,,,Inés791,Sara501,Vásquez905,,,,white,hispanic,F,Puebla  Puebla  MX,677 Batz View Unit 87,Duxbury,Massachusetts,Plymouth County,25023,02332,42.0928251372928,-70.72923002240945,50678.10,5374.10,54081
ebf523a2-3092-4f02-155a-acd411247213,2018-09-10,,999-72-8930,,,,Chia293,Georgianna701,Stracke611,,,,white,nonhispanic,F,Fall River  Massachusetts  US,202 Becker Mall,Dover,Massachusetts,Norfolk County,25021,02030,42.22564422194324,-71.24498418856228,20092.30,1017.51,77526
7cdb3950-b5f8-b451-7abf-196c0c28a8b7,1965-03-12,2025-01-11,999-61-9889,S99938909,X62753027X,Mrs.,Neta452,Annabelle638,Turcotte120,,Hahn503,M,white,hispanic,F,Belchertown  Massachusetts  US,741 Hoeger Course Unit 77,Williamstown,Massachusetts,Berkshire County,25003,01267,42.697719593363175,-73.28694021405782,657591.05,395057.06,58425
562fc99f-a2d2-458a-bda4-878b41a69993,1961-04-07,,999-80-2072,S99949693,X51855946X,Mrs.,Dorcas534,Karyn217,Cassin499,,Greenholt190,M,asian,nonhispanic,F,Dunstable  Massachusetts  US,233 Haley Mall,Milton,Massachusetts,Norfolk County,25021,02186,42.21053127978745,-71.12651978224177,551821.29,1320440.74,134932
b9bbe3a9-bd3f-3162-dc79-ae662b711773,1966-08-26,,999-20-5391,S99964893,X44866419X,Mr.,Darren774,Justin359,Cummings51,,,M,white,nonhispanic,M,Dover  Massachusetts  US,465 Bednar Throughway Unit 13,Fall River,Massachusetts,Bristol County,25005,02721,41.73042688547865,-71.07099235982291,146900.61,124806.27,23795
83d47088-2d44-41cf-56bb-9808e03c50ce,2014-07-03,,999-23-9648,,,,Kristine579,Stephen891,Koelpin146,,,,white,nonhispanic,F,Haverhill  Massachusetts  US,1072 Hamill Trail,Arlington,Massachusetts,Middlesex County,25017,02476,42.42951592466793,-71.14918323082216,40576.94,0.00,76818
1d1dd686-1def-90da-2c46-777193b8ae09,2023-05-06,,999-22-2307,,,,Barbara209,,Castañeda925,,,,white,hispanic,F,Wesley  Saint Andrew Parish  DM,270 Kunde Pathway,Brockton,Massachusetts,Plymouth County,25023,02351,42.13682671637286,-71.01737960907782,450.00,9506.02,6661
9f72ab27-459a-6867-1726-025b2dd8e12c,1962-11-12,,999-92-5337,S99926961,X41247522X,Mr.,Chung121,Emery884,Grady603,,,M,white,nonhispanic,M,Boston  Massachusetts  US,663 Price Stravenue Unit 24,Springfield,Massachusetts,Hampden County,25013,01105,42.157537135884276,-72.47559438591892,183488.43,33217.49,83822
61e022df-22b6-c0e9-fc11-e38ab658634f,1962-08-30,,999-76-5502,S99941164,X73845678X,Mrs.,Roma9,Lekisha909,Powlowski563,,Wisoky380,M,asian,nonhispanic,F,Cantho  Cần Thơ  VN,1069 Cummerata Burg Apt 43,Leicester,Massachusetts,Worcester County,,00000,42.2074838574583,-71.92895342799892,328952.30,554.78,52665
73cfa0ad-f0db-beb3-0d47-ed9e47615b3f,1933-02-04,1956-05-07,999-87-1816,S99984043,X51784046X,Mr.,Tracy345,Jacinto644,Buckridge80,,,,white,nonhispanic,M,Boston  Massachusetts  US,331 Waters Vista,Agawam,Massachusetts,Hampden County,25013,01001,42.0702288843883,-72.57820625221713,44055.46,15640.23,32025
7cfdb5e0-7ff6-922c-5830-be5d707c849f,1918-09-04,,999-12-9828,S99949981,X25784342X,Ms.,Leticia253,Ai120,Eichmann909,,,S,white,nonhispanic,F,Somerville  Massachusetts  US,207 Pacocha Trafficway,Randolph,Massachusetts,Norfolk County,25021,02368,42.17624227168136,-71.01231366041682,631821.88,301294.20,43617
43569658-f1de-0015-3dcf-8d58f1ab9822,1927-10-06,2012-02-06,999-93-9430,S99986037,X22312895X,Ms.,Reena181,Olevia458,Heaney114,,,S,white,nonhispanic,F,Boston  Massachusetts  US,537 Hessel Drive,Worcester,Massachusetts,Worcester County,25027,01609,42.286443708826674,-71.69715666450534,301704.34,1315863.28,33775
0efbf985-cedc-59f0-5df9-0d2cf0ba813f,1992-09-08,,999-48-6942,S99978245,X66345960X,Mrs.,Maria750,,Johnson679,,Kutch271,M,white,hispanic,F,New Bedford  Massachusetts  US,219 Runolfsdottir Stravenue,Westport,Massachusetts,Bristol County,,00000,41.59445326884103,-71.11636039894589,170257.43,421865.78,171293
a2004329-4c05-d991-c491-2500aa4a4ba4,1922-09-12,,999-26-6419,S99975987,X45365702X,Mrs.,Nena266,Arcelia945,Friesen796,,Altenwerth646,M,white,nonhispanic,F,Brockton  Massachusetts  US,111 Treutel Gardens,Barnstable,Massachusetts,Barnstable County,25001,02675,41.60042356731099,-70.40249370687533,974133.79,1337805.32,75904
f62cef70-5387-d3e6-6e8d-5ddbc414d550,1999-07-04,,999-42-9884,S99927661,X97363001X,Mr.,Norbert530,Burt293,Reichert620,,,,asian,nonhispanic,M,Lincoln  Massachusetts  US,377 Schmitt Landing,Boston,Massachusetts,Suffolk County,25025,02124,42.295587848426116,-71.00492792175017,49492.09,1577.55,39937
10a4e879-db36-e1e0-8d77-d08571924d98,1995-09-09,,999-47-6624,S99979559,X68662768X,Mr.,Jesse626,Royal919,Kozey370,,,M,white,nonhispanic,M,Winchendon  Massachusetts  US,751 Williamson Spur,North Pembroke,Massachusetts,Plymouth County,25023,02358,42.1024406666576,-70.73830759545493,64556.01,125668.45,113837
68b3a714-8113-e5db-fc01-964cbea2bc86,2007-01-06,,999-61-9607,S99975412,,Ms.,Dixie159,Jeane173,Rowe323,,,,white,nonhispanic,F,Warren  Massachusetts  US,1049 Kerluke Forge Apt 19,Needham,Massachusetts,Norfolk County,25021,02492,42.31722411056843,-71.22368295843278,53466.32,5966.18,40229
4e7b9a8f-6eac-66c1-f4d7-ad81f7a17467,1972-04-01,,999-47-9319,S99914093,X84602804X,Mrs.,Christin490,Alejandra902,Weissnat378,,Ritchie586,M,white,nonhispanic,F,Princeton  Massachusetts  US,594 Simonis Hollow Suite 25,Wareham,Massachusetts,Plymouth County,,00000,41.750564741736305,-70.7175135837918,1015654.61,182413.03,46783
274310aa-e707-56f7-3985-ff7b4771712c,2023-10-10,,999-77-2645,,,,Paris331,King743,Mohr916,,,,white,nonhispanic,M,Weston  Massachusetts  US,852 MacGyver Tunnel,Newton,Massachusetts,Middlesex County,25017,02465,42.37814864369491,-71.27579957180933,5679.35,533.52,60941
20e543a6-4497-fbd2-2017-d31c35786d66,1965-07-17,2021-04-17,999-13-8609,S99989189,X30139795X,Mrs.,Louetta798,,Cormier289,,Weimann465,D,black,nonhispanic,F,Medford  Massachusetts  US,253 Gottlieb Promenade,Bedford,Massachusetts,Middlesex County,25017,01730,42.50636521897225,-71.25299230222244,201845.55,1186489.95,28006
c62bf7a9-6d84-48d1-b9c5-58f88a524805,1947-12-16,,999-81-2296,S99980875,X34564808X,Mrs.,Robbi844,Marcell728,Blick895,,Kreiger457,M,white,nonhispanic,F,Franklin  Massachusetts  US,448 Heaney Mall,Oxford,Massachusetts,Worcester County,25027,01540,42.11226440218252,-71.82560726948769,366545.33,787079.40,126477
fe84226c-0967-8a0c-4ac9-68c7948400d9,1981-07-18,,999-39-7865,S99916780,X60016726X,Mr.,Salvatore257,Jefferson174,Kreiger457,,,D,white,nonhispanic,M,Falmouth  Massachusetts  US,1020 Denesik Branch,Falmouth,Massachusetts,Barnstable County,25001,02540,41.638108195326076,-70.58630616966877,10735.27,674006.65,22379
4f907ee1-10d6-842d-24c9-9452076df0e3,1950-12-09,,999-91-7598,S99992474,X45173571X,Mrs.,Toby274,Nilsa143,Bogisich202,,Rosenbaum794,D,white,nonhispanic,F,Attleboro  Massachusetts  US,745 Conroy Dale,Webster,Massachusetts,Worcester County,25027,01570,42.01124153894091,-71.82924044346116,62286.48,1892709.09,21497
d8312350-4908-bcfe-9167-6079ddf31e57,1991-02-05,,999-69-2248,S99917804,X84223563X,Mr.,Rolland302,,Schmeler639,,,M,white,nonhispanic,M,Southborough  Massachusetts  US,303 Effertz Ferry,Newton,Massachusetts,Middlesex County,25017,02466,42.27061087314786,-71.20048686079228,51465.20,3328.66,184780
d1cca758-5981-3081-f1af-ee44869a5828,1971-12-08,2013-05-31,999-52-6544,S99990457,X96756608X,Mrs.,Leeanne840,Felicidad691,Kilback373,,Kuvalis369,M,white,nonhispanic,F,Cochituate  Massachusetts  US,809 Kunde Trafficway Unit 83,Pittsfield,Massachusetts,Berkshire County,25003,01201,42.489874304170776,-73.30193420785022,207777.57,948092.45,33737
8483f749-a4b2-77af-b8b2-2c8386aa1eda,2023-08-28,,999-65-6885,,,,Clarence5,Lemuel304,Kirlin939,,,,white,nonhispanic,M,Warren  Massachusetts  US,458 Haley Landing,Medford,Massachusetts,Middlesex County,25017,02145,42.44580719440245,-71.11606179744071,6991.53,0.00,106005
3708ef6f-eb52-efdd-281b-2f095ebed9a1,1996-09-11,,999-61-7648,S99981712,X12900010X,Mrs.,Ángela136,,Rosas160,,Raya927,M,white,hispanic,F,Santo Domingo  National District  DO,383 Smitham Run,Worcester,Massachusetts,Worcester County,25027,01607,42.34174800325472,-71.82186450822051,8854.39,650085.38,7783
4fa63077-a161-cece-9e31-666598753094,1974-07-02,,999-15-7680,S99950704,X76329426X,Mr.,Bo157,Toby274,Bernier607,,,M,white,nonhispanic,M,Danvers  Massachusetts  US,392 Boyle Landing Apt 49,Somerset,Massachusetts,Bristol County,25005,02726,41.703629568370296,-71.18314800602028,108887.76,10231.65,121349
d5455d72-517c-d8f5-5535-f57fcf36289a,1978-12-14,,999-21-2356,S99912319,X01687298X,Ms.,Curtis94,Maxie520,Schulist381,,,S,white,nonhispanic,F,Waltham  Massachusetts  US,902 Bogan Alley,Springfield,Massachusetts,Hampden County,25013,01108,42.144752016180774,-72.63451196729815,689369.54,338906.09,49573
001edd23-0cc8-515b-e97b-29a59eff7b95,1965-03-12,,999-11-4347,S99951798,X52920638X,Mrs.,Leonila462,Jason347,Pfeffer420,,Hackett68,W,white,hispanic,F,Springfield  Massachusetts  US,110 Hessel Passage Suite 42,Williamstown,Massachusetts,Berkshire County,25003,01267,42.66965785082888,-73.22984339855844,514688.98,141229.87,58425
ddc8ff0c-0846-2bfd-95fe-a6254a30df19,2000-11-15,,999-24-7498,S99979623,X17828800X,Ms.,Tandy422,Tyler508,Nicolas769,,,,white,nonhispanic,F,Paxton  Massachusetts  US,865 Heidenreich Dam,Needham,Massachusetts,Norfolk County,25021,02494,42.26406157592897,-71.2815880857561,88660.36,155451.23,98588
8b384272-14d3-cce5-a48b-e090240fa048,2023-05-05,,999-70-3228,,,,Maximo817,Brandon214,Stroman228,,,,white,nonhispanic,M,Boston  Massachusetts  US,763 Armstrong Meadow Apt 73,Boston,Massachusetts,Suffolk County,25025,02119,42.28171953383462,-71.14761739335037,845.86,9483.44,24583
3c3cc9e5-8329-b23a-658a-763a56934c36,1957-06-19,,999-19-7979,S99932462,X07378793X,Mr.,Donny470,Israel728,Maggio310,,,D,white,nonhispanic,M,Boston  Massachusetts  US,528 D'Amore Underpass,Boston,Massachusetts,Suffolk County,25025,02111,42.410298881095,-71.00653931182671,233787.65,178737.12,30282
07bb3591-14a0-2ca2-d9c6-b314d4f64ca5,2000-04-30,,999-16-2984,S99997060,X76780990X,Mr.,Óscar156,Diego848,Barrios478,,,,white,hispanic,M,San Juan  Puerto Rico  PR,141 Klein Frontage road,Amherst,Massachusetts,Hampshire County,,00000,42.31539703518206,-72.4942823796733,60038.27,21198.48,33891
b3b28cf3-a40b-feb7-7835-b395f2adf3ff,1958-12-24,,999-97-8874,S99997703,X35959979X,Mr.,Curtis94,Brice635,Beier427,,,D,white,nonhispanic,M,Boston  Massachusetts  US,372 Nader Fork Apt 21,Taunton,Massachusetts,Bristol County,25005,02767,41.98612593344487,-71.07499364629606,97929.78,125445.45,76681
be5d3335-cd76-efad-e854-7ca25dc4944a,1986-11-30,,999-35-3578,S99983071,X83570956X,Mrs.,May125,Retta782,Dickens475,,D'Amore443,D,white,nonhispanic,F,Webster  Massachusetts  US,889 Yundt Ranch Unit 5,Cambridge,Massachusetts,Middlesex County,25017,02140,42.3347158739651,-71.10255027674673,162873.68,353417.10,690442
b2efc7d5-f266-d177-366b-56244ffa1acc,1988-10-16,,999-39-9064,S99927498,X51594315X,Mrs.,Maegan141,Edward499,Schumm995,,Flatley871,M,white,nonhispanic,F,Cambridge  Massachusetts  US,272 Hickle Byway Apt 42,Sterling,Massachusetts,Worcester County,,00000,42.440276853091525,-71.81332256295451,136740.52,341310.63,28934
8c5084de-3085-e286-5f9c-8d8606ddfb63,1985-11-18,,999-32-5368,S99967657,X56784253X,Ms.,Ara96,Leona665,Grimes165,,,S,white,nonhispanic,F,Acton  Massachusetts  US,740 Hauck Fork Suite 11,Rutland,Massachusetts,Worcester County,25027,01543,42.41571969032546,-71.97669073491485,264556.46,745266.28,130801
2c5b6eee-a7c8-ad06-154a-a23c3af31e84,1972-07-02,,999-91-8056,S99925750,X44072258X,Mr.,Karl184,Jefferey580,Kulas532,,,M,white,nonhispanic,M,Framingham  Massachusetts  US,219 Medhurst Harbor Suite 30,Saugus,Massachusetts,Essex County,25009,01906,42.48033689264892,-71.00387480588947,126918.45,15824.95,97575
60c50ad2-5165-02f5-4e4a-59c7c17d4e43,1982-03-10,,999-26-5080,S99914780,X83465388X,Mrs.,Loraine318,Krissy321,Lind531,,Schultz619,M,white,nonhispanic,F,North Westport  Massachusetts  US,1009 Mosciski Mall Unit 8,Chicopee,Massachusetts,Hampden County,25013,01013,42.21585580814918,-72.52903767297423,429297.91,556795.94,63578
be41fccf-84e7-76e9-c12d-676ecf48a864,2012-12-11,,999-38-7941,,,,Ignacio928,Clemente531,Palomino953,,,,white,hispanic,M,Portsmouth  Saint John Parish  DM,1013 Anderson Dam,Grafton,Massachusetts,Worcester County,,00000,42.23535857365682,-71.685936599818,26117.91,14705.90,57975
362bbe5b-3e10-91ab-8027-4db91fdb3ed6,1967-09-13,,999-79-5938,S99918932,X92373699X,Mr.,Jeremiah751,Sterling124,Hodkiewicz467,,,M,white,nonhispanic,M,Brockton  Massachusetts  US,669 Gerhold Orchard,Boston,Massachusetts,Suffolk County,25025,02119,42.3342618413256,-71.08288037615175,64163.08,61664.60,419116
d4900391-1abf-496c-f2bb-2dce61ff9c50,2025-07-29,,999-95-6986,,,,Leon728,Sulema841,Toy286,,,,white,nonhispanic,F,Westport  Massachusetts  US,871 Stiedemann Orchard,South Yarmouth,Massachusetts,Barnstable County,25001,02664,41.66136200323955,-70.15852771397567,4356.36,0.00,53341
34a2c8b5-0834-a0b7-ee0d-d43db2df9289,1962-09-30,,999-71-8862,S99921506,X08145119X,Mrs.,Sophie40,Otilia736,Hettinger594,,Pollich983,M,hawaiian,nonhispanic,F,Plymouth  Massachusetts  US,918 Leffler Corner Apt 26,Marblehead,Massachusetts,Essex County,25009,01945,42.52203235437144,-70.82104079287879,966534.53,704315.29,40904
934b88c5-c78e-7d71-6c82-06c776c491e9,1985-10-30,,999-85-5620,S99956766,X73558791X,Mrs.,Felicitas300,Lenora887,Tremblay80,,Luettgen772,M,white,nonhispanic,F,Barnstable  Massachusetts  US,215 Maggio Stravenue Unit 17,Fall River,Massachusetts,Bristol County,25005,02720,41.656216444904224,-71.15780819795259,17826.16,862893.40,17937
15be5b77-3013-a6d9-78bd-491cd7ac34b0,1933-02-04,2002-04-13,999-19-5147,S99975830,X91037350X,Mr.,Shayne60,Aurelio227,Labadie908,,,M,white,nonhispanic,M,Medford  Massachusetts  US,1076 Breitenberg Dale,Agawam,Massachusetts,Hampden County,25013,01001,42.077420403236985,-72.66803554266173,272911.30,843005.02,32025
c2455e1e-fb46-2dc6-acf4-e0164fba7a76,2008-04-05,,999-69-6718,S99945147,,Mr.,Reid278,Joe656,Wisoky380,,,,white,nonhispanic,M,Springfield  Massachusetts  US,223 Gutmann Extension Suite 21,Ashland,Massachusetts,Middlesex County,,00000,42.247640331952724,-71.43571387766471,56873.83,6641.80,457754
593f9b91-2784-a7ec-60d5-82f087b68848,1967-03-31,,999-14-1872,S99963223,X48517089X,Mr.,Byron202,Virgilio529,Schuppe920,,,D,white,nonhispanic,M,Holyoke  Massachusetts  US,879 Rau Esplanade,Haverhill,Massachusetts,Essex County,25009,01832,42.76951518688184,-71.08784962925326,81043.40,275470.59,99373
5780ea9b-68b3-cd5e-1a47-cf9cb5b6605b,1968-11-18,,999-31-3828,S99922220,X54345994X,Mrs.,Salome647,Clora637,Upton904,,Wyman904,M,black,nonhispanic,F,Ludlow  Massachusetts  US,492 Rau Extension,Boston,Massachusetts,Suffolk County,25025,02108,42.2430609533682,-71.13548767242061,20286.62,1990914.66,22351
0282d27f-cec6-ce05-93dc-70f1d4be7989,2008-11-04,,999-35-2568,S99921441,,,Arlena205,Sydney660,Abbott774,,,,white,nonhispanic,F,Beverly  Massachusetts  US,787 Wehner Bypass Apt 40,Woburn,Massachusetts,Middlesex County,25017,01801,42.446176801859565,-71.13397376875974,55554.31,1291.50,130721
4c53a75f-009e-c2a3-c772-0f5ede7df8b3,1927-10-06,,999-17-3629,S99953709,X56780117X,Mrs.,Yun266,Albina13,McCullough561,,Friesen796,W,white,nonhispanic,F,Swampscott  Massachusetts  US,338 Gorczany Gateway,Worcester,Massachusetts,Worcester County,25027,01610,42.239027056878626,-71.83544307082671,357711.22,1238185.93,33775
fb3c51b4-9de0-d8d1-b8e1-0ba86d2e2b53,1978-05-08,,999-97-9296,S99977041,X60702002X,Ms.,Flossie205,Caryl47,Harris789,,,S,white,nonhispanic,F,Ashland  Massachusetts  US,893 Lang Route,Malden,Massachusetts,Middlesex County,25017,02155,42.40638153565285,-71.08399754868958,620743.83,52457.72,74148
23fd9a51-642a-66f9-c7ab-16ad4c8512b9,1971-12-08,,999-81-1307,S99925794,X31368113X,Mrs.,Albertina684,Eleni953,Stanton715,,O'Connell601,M,white,nonhispanic,F,Webster  Massachusetts  US,618 Ward Forge Suite 33,Pittsfield,Massachusetts,Berkshire County,25003,01201,42.47282212246395,-73.25060119212135,206715.56,1662801.81,33737
ab7d527b-719b-473f-ba3d-4f606b0d8ccb,2013-07-23,,999-81-7942,,,,Mike230,,Ernser583,,,,white,nonhispanic,F,Waltham  Massachusetts  US,779 Herman Way Suite 25,Attleboro,Massachusetts,Bristol County,44007,02861,41.95191294582208,-71.27242035439083,27006.09,10896.06,41789
37d14bac-0bbe-bb7c-36bc-587e5b605dfc,1993-08-22,,999-80-7422,S99996463,X95935437X,Mr.,Parker433,Russ979,Wiegand701,,,S,white,nonhispanic,M,Worcester  Massachusetts  US,158 Buckridge Bay,Haverhill,Massachusetts,Essex County,25009,01830,42.77493735181279,-71.08865707859023,74088.65,16936.80,47477
c958a888-722b-71b3-90e4-cc3ce279900b,1985-10-10,,999-21-6792,S99942414,X37574067X,Mrs.,Rossie247,Nena266,Ratke343,,Rogahn59,D,white,nonhispanic,F,Holyoke  Massachusetts  US,270 Maggio Byway Unit 3,Marshfield,Massachusetts,Plymouth County,25023,02050,42.155685822470275,-70.75590853924992,264004.57,652399.91,120782
24087321-662e-84fc-75ec-f4f0de661ee5,1987-12-17,,999-72-9452,S99968061,X94341385X,Mrs.,Imogene688,Delia459,Wisozk929,,Gottlieb798,M,asian,nonhispanic,F,Billerica  Massachusetts  US,713 McGlynn Glen Suite 52,Cambridge,Massachusetts,Middlesex County,25017,02472,42.435464924865904,-71.14637215767951,107409.57,171172.64,97263
4d2a9338-ca06-88f5-6f11-7d91bc9875dd,1950-03-26,,999-24-6059,S99979243,X66436648X,Mrs.,Ladawn167,Kenna183,Yost751,,O'Hara248,M,white,nonhispanic,F,Hudson  Massachusetts  US,681 Harber Avenue,Bourne,Massachusetts,Barnstable County,25001,02532,41.78284151238807,-70.64543780043714,393342.53,774458.17,137149
ea1a9265-c124-3784-ee0d-93727fddacd8,1940-11-22,,999-44-8671,S99946932,X49424433X,Mrs.,Regina408,Anisa442,Watsica258,,Franecki195,W,white,nonhispanic,F,Littleton  Massachusetts  US,402 Bahringer Village,Cambridge,Massachusetts,Middlesex County,25017,02142,42.39559933980166,-71.10336098109111,216827.58,889315.44,149660
6d40008f-6ed3-dfdc-298b-2ec771ddfb94,1979-11-01,,999-14-3706,S99967444,X53295011X,Mrs.,Wava789,Claire652,Bailey598,,Kiehn525,M,other,nonhispanic,F,Salisbury  Massachusetts  US,596 Hilpert Dale,Greenfield,Massachusetts,Franklin County,25011,01301,42.601026983376784,-72.60415746406657,21556.63,837002.77,21447
986edfef-5852-cc75-1b11-4fe44f9c4bbc,1953-06-03,,999-98-4363,S99944168,X63995775X,Mr.,Luis923,,Dueñas839,,,M,white,hispanic,M,Santiago  Santiago Province  CL,277 Homenick Byway Suite 29,Boston,Massachusetts,Suffolk County,25025,02199,42.26824178158872,-71.09838525672428,19628.31,936657.95,9399
3551c352-1b59-0eaa-b1af-cc69dc3aa25e,1978-10-10,,999-98-5077,S99935373,X92651001X,Mrs.,Nobuko304,Tommy814,Boyle917,,Kuphal363,M,white,nonhispanic,F,Holyoke  Massachusetts  US,1002 Mueller Crossing,Pittsfield,Massachusetts,Berkshire County,25003,01201,42.489099472823575,-73.31161254627727,17710.00,819883.79,20646
e8c81d15-4b4a-4f2d-b374-922f730e9e4d,1970-09-29,,999-70-9171,S99913891,X70647552X,Ms.,Verdell500,Margurite588,Kiehn525,,,S,white,nonhispanic,F,Boston  Massachusetts  US,235 Prohaska Brook,Orleans,Massachusetts,Barnstable County,25001,02653,41.77841497833815,-69.92778798762298,803083.00,226717.99,63339
6b2174f2-49c2-9eb6-eb1d-3340a81793e1,2012-03-01,,999-53-4698,,,,Geoffrey157,Glen190,Marks830,,,,white,nonhispanic,M,South Yarmouth  Massachusetts  US,234 Kunde Arcade,Rockland,Massachusetts,Plymouth County,,00000,42.17804035443697,-70.9213766858014,42531.61,10781.69,108426
02240ae4-d747-c41d-df37-f7e73af5781f,2021-04-12,,999-67-6940,,,,Azalee124,Vernice968,Robel940,,,,black,nonhispanic,F,Middleton  Massachusetts  US,205 Cartwright Frontage road,New Bedford,Massachusetts,Bristol County,25005,02747,41.7492074157117,-70.9174107695324,3468.55,9010.17,26342
eb7a7403-43c4-7480-2e3a-9a66583491df,2018-01-18,,999-62-4140,,,,Loree183,,Hackett68,,,,white,nonhispanic,F,Cambridge  Massachusetts  US,1013 Shields Stravenue,Newburyport,Massachusetts,Essex County,25009,01950,42.80632906483527,-70.86722813771148,15903.14,16502.98,682502
1c441c5e-a3dd-a7e6-0985-c7e644db43f9,2010-12-09,,999-24-4514,,,,Ramiro608,Rolf983,Mills423,,,,white,nonhispanic,M,Medford  Massachusetts  US,1030 Quitzon Dale Unit 34,Plymouth,Massachusetts,Plymouth County,25023,02360,41.91752350374643,-70.62186353639245,49778.13,0.00,64806
5a9d0b9e-0bfb-7dce-385b-8a5134503584,1983-12-19,2004-12-03,999-33-1454,S99976076,X05725569X,Ms.,Suzy993,Nobuko304,Lakin515,,,,white,nonhispanic,F,Lynn  Massachusetts  US,222 Beier Parade Unit 53,Worcester,Massachusetts,Worcester County,25027,01607,42.23064754283141,-71.76463074941633,86117.86,0.00,56531
610d65e9-56ba-af38-4849-fe6835926093,2011-06-20,,999-39-8058,,,,Armando772,Tomas436,Olson653,,,,white,nonhispanic,M,Worcester  Massachusetts  US,840 Bergnaum Fork Apt 4,Lowell,Massachusetts,Middlesex County,25017,01852,42.67286624411847,-71.27379419983829,33813.03,0.00,93327
b654415f-d149-34e0-cd6b-983249042a8a,2006-02-24,,999-71-6393,S99940705,X63147573X,Ms.,Melodee943,,Kemmer137,,,,white,nonhispanic,F,Marlborough  Massachusetts  US,916 Schoen Camp,Harvard,Massachusetts,Worcester County,,00000,42.53221836610788,-71.59236891542808,102675.03,47416.47,158589
61a89203-0533-2f2f-2ff2-e1597df7e9ad,1979-05-03,,999-18-1378,S99949238,X06411986X,Mrs.,Lashonda618,Sharonda198,Klein929,,Fadel536,M,white,nonhispanic,F,St Petersburg  St Petersburg  RU,1087 Heathcote Street,Hatfield,Massachusetts,Hampshire County,25015,01038,42.3419548325268,-72.55681878499082,285715.31,0.00,69569
0f822f68-6a86-d9b4-9eff-5c92d9d6d591,1950-07-12,2024-12-27,999-13-7108,S99924192,X88734327X,Mrs.,Tiffany303,Shirlene698,Hickle134,,VonRueden376,D,white,nonhispanic,F,Norfolk  Massachusetts  US,406 Weber Branch,Tewksbury,Massachusetts,Middlesex County,,00000,42.57147589003527,-71.20313667683915,202191.03,1502255.55,142764
1e23dd3c-e4d4-ae95-9325-ac526777a032,1969-09-17,,999-56-5977,S99959662,X84689069X,Mr.,Ashley34,Edmond919,Barton704,,,S,white,nonhispanic,M,Holyoke  Massachusetts  US,976 Walter Bypass,Shrewsbury,Massachusetts,Worcester County,,00000,42.32317050960883,-71.76415739266221,134302.98,774392.64,522277
dacb7083-eed2-fa8e-e9f9-3c114eed36e6,1962-01-27,,999-71-2773,S99948413,X73255857X,Mrs.,Collette420,Deloise241,Prosacco716,,Keebler762,D,white,nonhispanic,F,Springfield  Massachusetts  US,934 Fisher Boulevard Unit 34,Walpole,Massachusetts,Norfolk County,25021,02081,42.09722819539114,-71.26929192621128,788936.93,45303.88,89473
8830dd16-7beb-f682-beba-ac2b698bda47,2015-07-23,,999-84-6230,,,,Carl856,Aaron697,Harber290,,,,white,nonhispanic,M,Plymouth  Massachusetts  US,931 Schinner Orchard,Walpole,Massachusetts,Norfolk County,25021,02081,42.09848217412811,-71.26216051965258,53348.83,8995.65,79082
998c1659-949f-25fd-5057-5622f0d22070,1961-08-26,,999-76-2115,S99994327,X92851912X,Mrs.,Ryan260,Alita891,Bartoletti50,,Kulas532,D,white,hispanic,F,Boston  Massachusetts  US,960 Bogisich Hollow Unit 85,Winthrop,Massachusetts,Suffolk County,25025,02152,42.35889173841856,-70.95119771870556,57561.12,1021133.80,86257
8e6df946-c0aa-f4f0-77d9-e072b353aec3,1942-06-11,2005-05-29,999-44-6219,S99993203,X19076011X,Mrs.,Lekisha909,Patty600,Swift555,,Gusikowski974,D,white,nonhispanic,F,Saugus  Massachusetts  US,159 Olson Loaf Suite 47,Methuen,Massachusetts,Essex County,25009,01841,42.73336131809168,-71.12972943338443,1680604.90,2290532.67,46630
b8bb2fb9-12cc-469e-3f65-8beaf7397c0f,2009-05-03,,999-26-5972,S99925721,,,Gerda633,Georgann131,Cole117,,,,white,nonhispanic,F,Rutland  Massachusetts  US,987 Gaylord Meadow Apt 9,Leominster,Massachusetts,Worcester County,25027,01453,42.56595122919203,-71.80408447976096,37391.45,9265.91,48285
5c157f0e-7c94-1312-ccf2-21439a996648,1987-11-30,,999-76-6785,S99927424,X53270746X,Ms.,Rosalia943,Lilia791,Marroquín624,,,S,white,hispanic,F,La Paz  Baja California  MX,428 Schuppe Rapid Suite 65,Stockbridge,Massachusetts,Berkshire County,,00000,42.27134755276223,-73.33018277023446,22954.15,1404507.98,14844
2cf8c751-88d6-2b64-2c46-2e850e36a3b3,1966-12-21,,999-28-6086,S99971120,X22278028X,Mrs.,Amie520,Marcie463,Romaguera67,,Keeling57,D,white,nonhispanic,F,Worcester  Massachusetts  US,1024 Koepp Light,Ware,Massachusetts,Hampshire County,25015,01082,42.308974605191686,-72.31017110519468,390969.09,558513.41,145930
20b329d1-4a72-29b8-5954-5684424113bd,2008-08-21,,999-88-9220,S99960930,,Mr.,Elwood28,Josef103,Reynolds644,,,,white,nonhispanic,M,Boston  Massachusetts  US,873 Kihn Dale Apt 89,Pittsfield,Massachusetts,Berkshire County,25003,01201,42.4318926920735,-73.27851261344964,29089.73,666611.78,102407
e555679a-8907-9a11-2f3f-4589d80d0e3a,1993-11-10,,999-71-6027,S99944020,X72249504X,Mrs.,Emilia403,María Luisa888,Benavídez820,,Valdés907,M,white,hispanic,F,Tegucigalpa  Francisco Morazán  HN,972 Frami Well,Boston,Massachusetts,Suffolk County,25025,02122,42.33866109255537,-71.07277694347206,105568.85,185410.45,66415
2ecf7e55-9c20-01d8-0049-1b48874116f6,1975-09-11,,999-34-1894,S99953689,X25072858X,Ms.,Madeline975,,Johnson679,,,S,white,nonhispanic,F,Ashburnham  Massachusetts  US,1067 Collier Harbor Apt 63,Malden,Massachusetts,Middlesex County,25017,02155,42.38568753261083,-71.05868510128064,268642.86,1018881.28,523130
8a045e4d-e399-9fb6-146f-0b9b5b615049,1983-12-19,,999-80-2907,S99990014,X58426232X,Mrs.,Lacie818,,Moore224,,Jerde200,M,white,nonhispanic,F,Worcester  Massachusetts  US,1019 Kreiger Spur Unit 86,Worcester,Massachusetts,Worcester County,25027,01602,42.27353839553724,-71.76950623993572,562261.07,3745.90,56531
cdfdb4fb-3c68-8e8a-affd-0b129151f4fe,1968-01-22,,999-50-8340,S99921570,X31119131X,Mr.,Javier97,Hung902,Schroeder447,,,S,white,nonhispanic,M,Boston  Massachusetts  US,113 Zboncak Lock,Fall River,Massachusetts,Bristol County,25005,02723,41.65894983547351,-71.10794545905766,181220.19,18327.69,93663
234ee2c5-add7-6abe-c18b-834b40aef0dc,1965-07-17,,999-73-9232,S99993467,X17750778X,Mrs.,Vallie201,Alisa860,Sporer811,,Erdman779,D,black,nonhispanic,F,Northbridge  Massachusetts  US,1089 Hodkiewicz Frontage road Unit 78,Bedford,Massachusetts,Middlesex County,25017,01730,42.541202586163735,-71.28639333694741,120527.84,469346.08,28006
4b4e7322-44cc-51b2-bb3f-714cbee3a053,2009-11-13,,999-35-4014,S99950166,,,Shawn523,Ezra452,Casper496,,,,white,nonhispanic,M,Somerville  Massachusetts  US,821 Welch Tunnel Apt 76,Taunton,Massachusetts,Bristol County,25005,02767,41.918153382280956,-71.10814199410407,51641.24,9618.11,60432
20e83b19-a5c3-a756-1994-277e14e8afd6,2016-02-08,,999-81-9815,,,,Destiny774,Minda79,Little434,,,,black,nonhispanic,F,Quincy  Massachusetts  US,325 Ebert Ranch,Westfield,Massachusetts,Hampden County,25013,01085,42.10385199895797,-72.70940627847588,1812.82,46845.76,18405
b2c587c5-11f7-ad92-685b-2e10f5f9c3a3,2004-09-24,,999-80-8330,S99931295,X99622356X,Ms.,Lynette631,,Hodkiewicz467,,,,white,nonhispanic,F,Everett  Massachusetts  US,729 Mraz Corner Unit 75,Adams,Massachusetts,Berkshire County,25003,01220,42.6040500052656,-73.09485507514421,61994.65,107663.18,42615
90108e60-e927-0751-bb4b-d2f83df34409,1916-03-11,,999-90-2761,S99966057,X20604084X,Mrs.,Roselia779,,Hagenes547,,Oberbrunner298,M,white,nonhispanic,F,Pittsfield  Massachusetts  US,495 Ortiz Stravenue,Mashpee,Massachusetts,Barnstable County,,00000,41.59779975294211,-70.54208006854763,304774.08,1758293.91,42863
7dfd2104-cfc7-9256-0dc4-abacddd9768b,2024-01-30,,999-57-9813,,,,Lamont867,,Klocko335,,,,black,nonhispanic,M,Attleboro  Massachusetts  US,907 D'Amore Fork,Quincy,Massachusetts,Norfolk County,25021,02169,42.22340121056897,-71.07940888822264,6304.88,0.00,188871
785ad1e5-7861-ff14-a35c-81772b4e1a0e,1971-05-25,2015-01-19,999-75-6880,S99968414,X03951840X,Mrs.,Kara173,Charisse42,Stoltenberg489,,Runolfsdottir785,M,white,nonhispanic,F,Boston  Massachusetts  US,235 Klein Gateway,Attleboro,Massachusetts,Bristol County,44007,02861,41.93066349930729,-71.28930363690554,16865.97,1599405.82,11479
54e5aef1-df86-f723-c4ef-e89c3f2ed64f,1953-01-12,2013-12-25,999-67-7152,S99945079,X31781442X,Mr.,Otha286,Raleigh478,Braun514,,,M,white,nonhispanic,M,Merrimac  Massachusetts  US,593 Dietrich Branch Apt 71,Winchester,Massachusetts,Middlesex County,25017,01890,42.5017882508361,-71.13443427530541,152981.21,145773.31,573318
d80fbb53-53a9-d0aa-1e02-f552de8c542b,1975-02-18,,999-16-5944,S99975222,X82511593X,Mrs.,Carina240,Sherie778,Swift555,,Moen819,M,white,nonhispanic,F,Worcester  Massachusetts  US,526 Weber Orchard Apt 56,Lowell,Massachusetts,Middlesex County,25017,01851,42.64363340027334,-71.2973639649422,450158.62,416750.29,61234
c3168773-8ddd-8aa2-240c-6c4b6dceb408,2019-07-23,,999-39-4444,,,,Charlie254,Taneka590,Torp761,,,,white,nonhispanic,F,Plymouth  Massachusetts  US,977 Schuppe Village,Medford,Massachusetts,Middlesex County,25017,02145,42.40339122524727,-71.07226545112003,8939.61,5052.43,31172
f23c929a-50ff-500f-f044-84fca2b71548,1993-03-16,,999-98-1832,S99977069,X16183356X,Mrs.,Irena775,Apolonia139,Parker433,,Bayer639,M,white,nonhispanic,F,North Scituate  Massachusetts  US,148 Kuhic Bridge,Melrose,Massachusetts,Middlesex County,25017,02176,42.442175401624425,-71.06748500220945,426219.14,446577.12,38907
9dcd018a-b679-0944-0ee1-2a2c1155a9de,1933-02-04,,999-87-9829,S99945213,X92598894X,Mr.,Coleman27,Alonso270,Wilkinson796,,,M,white,nonhispanic,M,Lunenburg  Massachusetts  US,935 Dietrich Center Unit 81,Agawam,Massachusetts,Hampden County,25013,01001,42.05757218335601,-72.66611950101536,219387.09,362496.45,32025
08eb3649-e9dd-c24c-73d7-a8ec360126dd,2011-05-29,,999-11-6662,,,,Alane21,Ela754,Funk324,,,,hawaiian,nonhispanic,F,Lawrence  Massachusetts  US,740 Cassin Street Suite 85,Quincy,Massachusetts,Norfolk County,25021,02171,42.28748250728031,-71.06339735391765,61345.41,12674.28,53426
a9de06e6-bbcc-3973-5266-04fd1cc7f905,1975-01-15,,999-96-2216,S99914218,X89378141X,Mr.,Miquel905,Evan94,Boehm581,,,S,white,hispanic,M,South Dennis  Massachusetts  US,1061 Schroeder Boulevard Unit 90,Marblehead,Massachusetts,Essex County,25009,01945,42.54152183187334,-70.85589874757878,30696.65,1091494.74,18669
33dba2f6-b482-5053-f062-7b3867be4ab6,2012-08-13,,999-57-9534,,,,Johnnie679,Charolette797,Schiller186,,,,white,nonhispanic,F,Lynn  Massachusetts  US,909 Bartoletti Mews,Fall River,Massachusetts,Bristol County,25005,02721,41.72391540721494,-71.13003473857275,2400.88,123580.61,21427
9226dee5-0a7b-2f24-611b-1c7da94b8e73,2012-08-26,,999-94-7264,,,,Rima243,Mindy103,Mraz590,,,,white,nonhispanic,F,Warren  Massachusetts  US,909 Hane Heights,Wellesley,Massachusetts,Norfolk County,25021,02457,42.33910111453201,-71.3242159702108,34406.81,9010.07,304170
41f0572b-4471-6b92-7a63-ef5d1a45fd32,1976-10-19,,999-84-2149,S99995729,X48020264X,Ms.,Juana825,Inés791,Calderón210,,,S,white,hispanic,F,Tegucigalpa  Francisco Morazán  HN,669 Schuppe Glen,Boston,Massachusetts,Suffolk County,25025,02121,42.407188689802545,-71.07617379899567,16480.04,1060565.26,23244
568ed8c2-469f-1ba9-bb2b-2a9aff345925,1973-05-02,,999-89-9632,S99953594,X15368928X,Mrs.,Season349,Kristle148,Bergstrom287,,Zieme486,M,white,nonhispanic,F,Worcester  Massachusetts  US,188 Runolfsson Frontage road Suite 37,Waltham,Massachusetts,Middlesex County,25017,02472,42.434821187391954,-71.26684971966317,850799.09,534863.05,97259
eb4053c0-d38a-08a0-cd7f-4329f517d175,1945-04-28,2003-06-22,999-15-7258,S99933041,X17402719X,Mr.,Laurence43,Hershel911,Bednar518,,,M,white,nonhispanic,M,Marshfield  Massachusetts  US,166 Corkery Ramp,Boston,Massachusetts,Suffolk County,25025,02203,42.31360190600355,-71.03268570177455,115636.95,905023.97,109637
b6999943-036a-6984-ce3d-e4661743b889,1953-01-12,1991-04-14,999-63-6803,S99937654,X48688069X,Mr.,Alfonzo975,Jeremy766,Zboncak558,,,M,white,nonhispanic,M,Boston  Massachusetts  US,522 Waelchi Byway Unit 94,Winchester,Massachusetts,Middlesex County,25017,01890,42.41772679835328,-71.09828656281627,89877.72,37212.36,573318
01324037-3581-5014-610e-f179007e209d,1916-10-18,,999-67-8944,S99994293,X23653012X,Mr.,Isidro558,Leif534,Cormier289,,,M,white,nonhispanic,M,Winthrop  Massachusetts  US,1032 Jakubowski Park,Brockton,Massachusetts,Plymouth County,25023,02302,42.10396130423574,-70.99581400649956,252232.06,361714.02,45508
c30e0cb1-d0ea-364f-cfff-c89f4468b9bc,2005-12-08,,999-77-1179,S99992028,X03619016X,Ms.,Tenesha164,Dyan186,Von197,,,,white,nonhispanic,F,Boston  Massachusetts  US,1050 Orn Glen,North Amherst,Massachusetts,Hampshire County,25015,01059,42.35506629615467,-72.55976053189967,13810.44,825803.71,12379
eb2355e5-26e5-7cbf-790e-22d144569f74,1975-07-15,,999-41-3757,S99922916,X39595265X,Mrs.,Cher186,Delaine470,Quitzon246,,Lindgren255,D,white,nonhispanic,F,Waltham  Massachusetts  US,181 Hodkiewicz Wynd Suite 68,Haverhill,Massachusetts,Essex County,25009,01832,42.81877092368124,-71.0346297028423,175126.75,945595.60,34158
5cacd918-787d-5a5c-91ea-151b42bab767,1991-09-25,,999-84-3364,S99970630,X51062542X,Mrs.,Kathern391,Emogene884,Roob72,,Huel628,M,white,nonhispanic,F,Georgetown  Massachusetts  US,754 Stoltenberg Way,Malden,Massachusetts,Middlesex County,25017,02155,42.44559178019237,-71.13333615544025,177003.20,259408.44,65264
5248b09d-f167-8da3-82c3-91adfe2e9039,2016-05-07,,999-47-6339,,,,Chas63,Christoper325,Hamill307,,,,white,nonhispanic,M,Easthampton  Massachusetts  US,270 Ritchie Wall,Fall River,Massachusetts,Bristol County,25005,02790,41.70204221741498,-71.04810285884268,1566.96,21209.00,21219
95bd22f6-a81f-c989-2af9-529b00ab3f38,1968-01-07,,999-32-1713,S99941156,X89565054X,Mrs.,Zola306,Lindsy319,Keeling57,,Franecki195,M,white,nonhispanic,F,Abington  Massachusetts  US,303 Shields Junction,Halifax,Massachusetts,Plymouth County,,00000,42.00848816857265,-70.86779004637539,749973.90,263400.13,106480
da53d09a-3764-ec7a-a82f-5872ee250227,1950-07-12,,999-53-9247,S99914388,X70193031X,Mrs.,Shanita956,Monet875,Hessel84,,Deckow585,D,white,nonhispanic,F,Marlborough  Massachusetts  US,899 Schroeder Drive Apt 37,Tewksbury,Massachusetts,Middlesex County,,00000,42.62518694474087,-71.22024836170094,373590.84,808683.22,142764
73e0b136-1b56-c4fd-4188-f9fae866ae18,1972-10-31,,999-54-4943,S99956386,X53383987X,Mr.,Fred155,,Mann644,,,D,asian,nonhispanic,M,West Springfield  Massachusetts  US,799 Emard Fort Unit 13,Stoneham,Massachusetts,Middlesex County,25017,02180,42.47826914445236,-71.10271076581763,116185.72,679857.66,192747
0c8b5246-123d-cc72-ebba-9c40eb0faeed,1994-12-03,,999-41-6395,S99988336,X52141685X,Mrs.,Whitney250,Lanelle105,Brekke496,,Carroll471,M,white,nonhispanic,F,Pittsfield  Massachusetts  US,181 Goldner Run,Boston,Massachusetts,Suffolk County,25025,02127,42.38203111618344,-71.07022282480082,9282.06,493387.25,12226
9984c609-ef15-7b15-2105-b2dddbec9cdb,2017-04-06,,999-70-8531,,,,Dusty207,,Blanda868,,,,white,nonhispanic,M,Fairhaven  Massachusetts  US,796 Glover Throughway,Worcester,Massachusetts,Worcester County,25027,01583,42.2045894378508,-71.85074812474403,17371.44,17044.59,153616
46b0cc18-4393-9946-7d4e-b089ff5b8005,2016-04-03,,999-60-2023,,,,Efren426,,O'Reilly797,,,,white,nonhispanic,M,North Adams  Massachusetts  US,567 Langworth Trace Suite 92,Fall River,Massachusetts,Bristol County,25005,02724,41.7753275045833,-71.07738700448196,26443.38,7789.85,38278
bb9fa3b9-c0be-151a-1e4f-2d52c760079c,1971-05-25,,999-83-5386,S99977634,X32016470X,Mrs.,Marcela739,,Robel940,,Quitzon246,M,white,nonhispanic,F,Cohasset  Massachusetts  US,1056 Bergnaum Trafficway,Attleboro,Massachusetts,Bristol County,25005,02703,41.94597844336708,-71.30801717266066,17442.92,1244126.14,11479
bd8d4ec2-c05a-edb0-1a68-86690bf744b6,1953-01-12,1964-07-05,999-26-3356,,,,Hobert364,Kermit56,Berge125,,,,white,nonhispanic,M,Boston  Massachusetts  US,694 Considine Skyway,Winchester,Massachusetts,Middlesex County,25017,01890,42.40938798367941,-71.13855637363618,28769.29,13949.07,573318
f2e85d7d-226b-69a1-6a2e-b5cc7792194b,1981-08-22,,999-30-5642,S99984204,X54234067X,Mrs.,Lee268,Mozelle144,Jerde200,,Kerluke267,M,white,nonhispanic,F,East Longmeadow  Massachusetts  US,880 Hammes Lane,Medford,Massachusetts,Middlesex County,25017,02145,42.40208045465995,-71.07775265516327,581315.51,730925.43,46041
da3df15f-70aa-8537-6bed-81d78ebd81c4,1961-01-20,,999-97-7662,S99916169,X02765518X,Ms.,Maribel82,Tiffaney302,Feest103,,,S,white,nonhispanic,F,Webster  Massachusetts  US,310 O'Kon Manor Suite 43,Springfield,Massachusetts,Hampden County,25013,01109,42.07925510573621,-72.47642730931801,1103784.54,408898.10,89127
e6cb5f70-eba3-b2e5-a703-1d6a24477080,2018-02-25,,999-84-7358,,,,Pete38,,Gutkowski940,,,,white,nonhispanic,M,Boston  Massachusetts  US,939 Hartmann Well,Marlborough,Massachusetts,Middlesex County,25017,01752,42.37265140872145,-71.54531744218946,20367.38,3562.45,198265
836dbf4e-0d97-f826-0e57-7929086a1578,1970-07-25,,999-70-2445,S99917920,X03128506X,Ms.,Alla648,Evelyne208,Blick895,JD,,S,white,nonhispanic,F,Paxton  Massachusetts  US,136 Collier Neck,Worcester,Massachusetts,Worcester County,25027,01545,42.23872607631203,-71.74927617698191,160544.41,910457.06,25708
c0833164-92d3-1af1-8377-b7b12eb48180,2019-06-29,,999-90-9825,,,,Lesha323,Marhta321,Kassulke119,,,,black,nonhispanic,F,Lynn  Massachusetts  US,422 Ortiz Junction,Wrentham,Massachusetts,Norfolk County,,00000,42.036739494096985,-71.36642728394388,31284.40,29686.62,68072
a9d7456d-53e1-874c-9fff-5a3b41b5df95,2023-08-12,,999-57-4443,,,,Conrad619,Marvin195,Kreiger457,,,,white,nonhispanic,M,Waltham  Massachusetts  US,453 Lesch Drive,Marshfield Hills,Massachusetts,Plymouth County,25023,02051,42.15190410015786,-70.70385927159809,13073.67,182.21,44168
af33dfce-f380-649a-81d8-99cc59821418,2007-07-23,,999-62-6479,S99978583,,Mr.,Kent912,Carmine137,MacGyver246,,,,white,nonhispanic,M,Winthrop  Massachusetts  US,269 Parker Bridge Suite 87,Westford,Massachusetts,Middlesex County,,00000,42.55026539876162,-71.45260524428676,45928.41,587.93,671403
880ce108-9a8f-296e-6eba-fb59ebdca9d7,1978-08-17,,999-79-7641,S99916376,X58135035X,Ms.,Lael572,Donnetta255,Kemmer137,,,S,white,nonhispanic,F,Dennis Port  Massachusetts  US,578 Konopelski Hollow,Marshfield,Massachusetts,Plymouth County,25023,02050,42.09316238652457,-70.70823862636024,312293.86,948864.35,146567
c456e49d-95bb-05b0-5f9c-c53577eb8f30,1993-01-12,,999-87-5912,S99961597,X84985491X,Mr.,Gordon377,,Schamberger479,,,M,white,nonhispanic,M,Worcester  Massachusetts  US,573 Effertz Vista,Winthrop,Massachusetts,Suffolk County,25025,02128,42.393298964920774,-70.98807991149313,74932.83,21854.19,170907
6e7845b1-454b-8c48-f454-6d38e23cab44,1955-06-21,,999-18-5626,S99976445,X88473601X,Mrs.,Tracee120,,Barton704,,Gorczany269,M,asian,nonhispanic,F,Beijing  Beijing Municipality  CN,556 Windler Gardens,Malden,Massachusetts,Middlesex County,25017,02155,42.45480229611256,-71.03025709576114,307793.50,603293.30,47121
daf5a2a8-ef7d-4f6c-b377-12be7aad904c,2010-12-09,,999-56-5026,,,,Débora815,Sara501,Reynoso837,,,,white,hispanic,F,Salisbury  Saint Joseph Parish  DM,565 Crooks Knoll Apt 95,Lynnfield,Massachusetts,Essex County,25009,01940,42.56201410220675,-71.06937121341115,43470.53,516.78,79162
00321e08-3787-2337-197b-7f0d92b7a38c,2009-10-20,,999-72-2340,S99983436,,,Reagan466,Minerva230,Tromp100,,,,white,nonhispanic,F,Springfield  Massachusetts  US,551 Quigley Lock Unit 50,Quincy,Massachusetts,Norfolk County,25021,02171,42.310653395379816,-71.04286254954637,6140.10,561993.29,17812
d5679156-6ae4-e0a1-ff71-877ddba9a191,1946-01-19,2015-12-13,999-20-5094,S99979665,X30596290X,Mr.,Rigoberto443,Patrick786,Hammes673,,,M,white,nonhispanic,M,Worcester  Massachusetts  US,890 Kilback Flat,Hull,Massachusetts,Plymouth County,25023,02045,42.244996595518344,-70.96772590998874,258972.94,64295.59,69802
bb7b24b9-1f25-d28f-5f8d-7c16edb11dcd,1916-05-22,2006-11-23,999-20-4375,S99943236,X69745386X,Mrs.,Elvia127,Dallas143,Altenwerth646,,Kohler843,M,white,nonhispanic,F,Belmont  Massachusetts  US,143 Carroll Dam,Wakefield,Massachusetts,Middlesex County,25009,01940,42.498141452250835,-71.0489531226586,697608.91,402757.37,109670
a142b3bb-5d85-4e23-f1ae-494310826aeb,1984-04-16,,999-34-4833,S99998930,X55329852X,Mr.,Reid278,Edgar153,Quigley282,,,S,white,nonhispanic,M,Revere  Massachusetts  US,802 Schmidt Street Unit 41,Fall River,Massachusetts,Bristol County,25005,02724,41.754503251887535,-71.08622090487802,65698.20,21862.53,33341
89c0b449-ed6f-7e82-9af0-0cb3d8220e9d,1976-08-06,,999-23-9312,S99910930,X39032980X,Mr.,Man114,Chi716,Howe413,,,M,white,nonhispanic,M,Boylston  Massachusetts  US,280 Skiles Bay Suite 23,Brockton,Massachusetts,Plymouth County,25023,02301,42.11099882503777,-70.97099424541467,205235.16,43346.47,136709
f35e80c0-753d-7e7a-a4fd-ceb37262059b,1979-06-02,,999-60-7309,S99982257,X50166637X,Ms.,Analisa263,Danyel335,Nicolas769,,,S,white,nonhispanic,F,Bridgewater  Massachusetts  US,587 Roberts Port,Fitchburg,Massachusetts,Worcester County,25027,01420,42.56101685848348,-71.76668573012196,345922.25,823792.95,149856
e91e627a-0e43-384c-4e9d-53dc3d012f3f,2025-12-06,,999-60-1674,,,,Jan231,Fredrick998,Collins926,,,,white,nonhispanic,M,Brockton  Massachusetts  US,840 Shanahan Lodge,West Chatham,Massachusetts,Barnstable County,25001,02669,41.632284860208806,-69.96603607208962,4126.97,0.00,145732
1e56b6ce-f861-a1e9-8efa-2a0ab00139e8,1983-03-14,,999-94-3350,S99992240,X29462375X,Mr.,Dillon740,,Stanton715,,,M,white,nonhispanic,M,North Attleborough  Massachusetts  US,300 Hane Road Apt 50,New Bedford,Massachusetts,Bristol County,25005,02744,41.600520675931435,-70.94367414195676,153043.32,20748.75,48464
241fc98c-b50b-3722-7f48-6e94a36c9c9a,2006-08-22,,999-13-6539,S99917278,,Ms.,Margene509,Lasandra232,Oberbrunner298,,,,white,nonhispanic,F,Boston  Massachusetts  US,845 McGlynn Orchard Unit 70,Springfield,Massachusetts,Hampden County,25013,01105,42.137640628158756,-72.52474163393889,5475.24,260491.99,17524
05bd41b3-8383-37f6-56d8-9b985866087f,1980-08-25,,999-52-5815,S99946723,X92345568X,Mrs.,Denese626,Cristine925,Green467,,Gottlieb798,M,white,nonhispanic,F,Leominster  Massachusetts  US,746 Jaskolski Way,Cordaville,Massachusetts,Worcester County,,00000,42.247151084945116,-71.50315164392796,168368.37,171677.40,135795
baf8295e-6792-3420-1314-e50d43bfeedf,1969-09-04,,999-66-6313,S99939565,X44845240X,Mrs.,Myrle831,Meaghan273,Greenfelder433,,Cummerata161,M,white,nonhispanic,F,Andover  Massachusetts  US,737 Veum Forge,Templeton,Massachusetts,Worcester County,,00000,42.570069646900336,-72.048161622816,137869.28,323104.65,121325
f5b82f9e-46c6-0f43-a114-669a9fa7999e,1973-02-27,,999-15-7074,S99991701,X67809603X,Mr.,Lowell343,Danilo179,Jacobs452,,,S,hawaiian,nonhispanic,M,Mansfield  Massachusetts  US,888 Goyette Parade Apt 83,Templeton,Massachusetts,Worcester County,,00000,42.579180857294574,-72.11198981506755,148329.56,0.00,93956
8f5f5a07-8fe9-b216-df84-507652aec373,2021-08-24,,999-33-4689,,,,Reinaldo138,Normand813,Bruen238,,,,white,nonhispanic,M,Saugus  Massachusetts  US,745 Bednar Hollow,Middleborough,Massachusetts,Plymouth County,,00000,41.82967270306533,-70.88664095233895,9949.99,44.66,65325
7929f456-1fee-08e1-14f4-b80a8bccabe4,1970-12-25,,999-32-6534,S99924968,X18791024X,Mr.,Augustine565,Keven605,Russel238,,,M,white,nonhispanic,M,Revere  Massachusetts  US,125 Bailey Knoll,Melrose,Massachusetts,Middlesex County,25017,02176,42.429819574691145,-71.05661937044941,159930.08,0.00,74813
34d3f713-66f6-ebf0-93ef-4ff82f174446,2000-03-31,,999-89-9773,S99930367,X73234443X,Mr.,August363,,Hayes766,,,,white,nonhispanic,M,Framingham  Massachusetts  US,608 Kris Byway Unit 16,Ipswich,Massachusetts,Essex County,25009,01938,42.6564676845976,-70.80650370488698,81447.46,592806.21,951312
a3ad54eb-f250-e049-a47e-c1ffc72816bd,1971-10-21,,999-71-7295,S99920253,X68537738X,Ms.,Jacque955,,Corkery305,,,S,white,nonhispanic,F,Boston  Massachusetts  US,843 Quitzon Forge Unit 33,Beverly,Massachusetts,Essex County,25009,01915,42.59466210383065,-70.84983902871181,297532.43,1727386.50,183157
dc2efe30-72a6-1690-9ce3-410ebd5a7760,1974-04-21,,999-10-1618,S99997128,X35388539X,Mrs.,Katharine125,Myrtie622,Hudson301,,Rogahn59,M,white,nonhispanic,F,Maynard  Massachusetts  US,927 Padberg Gateway Unit 76,Boston,Massachusetts,Suffolk County,25025,02128,42.37004096887303,-71.05771344311097,1033654.09,425017.04,75720
9df654d3-5727-183d-255a-15deeed6ca0f,2023-07-01,,999-77-5670,,,,Bernardo699,Dirk334,Fritsch593,,,,white,nonhispanic,M,Wrentham  Massachusetts  US,788 Fritsch Park Unit 99,Newton,Massachusetts,Middlesex County,25017,02459,42.348264690946166,-71.21992718790949,9152.92,0.00,146755
f20743c5-7bfa-541a-8215-9a0ac656a643,2022-10-15,,999-48-6238,,,,Bennie663,,Gulgowski816,,,,white,nonhispanic,M,Dudley  Massachusetts  US,1069 Rippin Arcade Unit 90,Pembroke,Massachusetts,Plymouth County,,00000,42.042128276523,-70.83318739294778,6412.96,0.00,196712
c923ae30-9f55-8aa0-3035-0000b4b06b9f,1962-06-11,,999-88-9519,S99915086,X04690382X,Mr.,Raymon366,Hiram237,Muller251,,,W,native,nonhispanic,M,Braintree  Massachusetts  US,285 Schmidt Fort Suite 55,Marlborough,Massachusetts,Middlesex County,25017,01752,42.313385919732724,-71.58578594462044,447153.84,120763.83,35861
2f1d8d20-b4f4-8b7e-981b-3e131ef4b557,1967-04-03,,999-90-6062,S99994986,X04903301X,Mrs.,Shan714,,Conn188,,Reilly981,M,white,nonhispanic,F,Quincy  Massachusetts  US,169 O'Connell Gardens Suite 57,Cambridge,Massachusetts,Middlesex County,25017,02138,42.328677685099315,-71.15002720322907,160925.49,726790.46,182501
b9b59cfe-5808-fcb0-0f06-854d99ffe9b7,1968-09-14,,999-13-2577,S99916981,X66442944X,Mrs.,Lilli892,Elane105,Padberg411,,Rowe323,M,white,nonhispanic,F,Shrewsbury  Massachusetts  US,538 Orn Frontage road,Natick,Massachusetts,Middlesex County,,00000,42.334537415126796,-71.36487187746859,330254.28,51498.88,41530
8407fab6-d0cf-65b4-59f0-51adb26a6947,1979-11-26,,999-44-2571,S99977193,X67401347X,Mr.,Robin66,Mohammad578,Jaskolski867,,,S,white,nonhispanic,M,Mashpee  Massachusetts  US,286 MacGyver Hollow,Norton Center,Massachusetts,Bristol County,,00000,41.95603828664239,-71.19464924847507,142687.64,9298.82,43311
f5a8febf-3764-08de-1ea4-1daf6e94de31,1996-09-12,,999-35-7687,S99974954,X17523301X,Mrs.,Deandrea896,Cornelia505,Anderson154,,Rutherford999,M,white,nonhispanic,F,Plymouth  Massachusetts  US,644 Rosenbaum Club,West Bridgewater,Massachusetts,Plymouth County,,00000,42.06040867588071,-71.02122897113617,10685.46,591747.45,21267
be5aed4b-7b54-823f-9c41-51b2e1c2f5a0,2022-01-25,,999-46-3842,,,,Elroy493,Monroe732,Pagac496,,,,white,nonhispanic,M,Brookfield  Massachusetts  US,309 Stanton Esplanade,Wareham,Massachusetts,Plymouth County,,00000,41.719802806410264,-70.70874648526538,22054.14,8683.24,82049
50c97c87-8d02-91f7-a44b-d051001f3564,1945-01-30,2003-05-31,999-44-7339,S99990818,X56699126X,Mr.,Wayne846,Stevie682,Dickens475,,,M,white,nonhispanic,M,Arlington  Massachusetts  US,911 Quigley Harbor,Arlington,Massachusetts,Middlesex County,25017,02474,42.37693251630645,-71.2099529351272,158752.53,243612.84,28850
f7d13639-d7cc-f3d4-1e34-f95e4f389325,1980-08-11,,999-51-2457,S99943262,X91710630X,Ms.,Carleen42,Nam74,Robel940,PhD,,S,white,nonhispanic,F,Chicopee  Massachusetts  US,1051 Ritchie Stravenue,Malden,Massachusetts,Middlesex County,25017,02148,42.47038510610304,-71.14398508841309,488866.25,262229.46,85531
c74b364d-0831-ff40-9cbd-a12b819fa881,1950-07-02,,999-30-7345,S99969982,X28232731X,Mrs.,Adelaida985,Pamelia915,Sawayn19,,Oberbrunner298,M,white,nonhispanic,F,Everett  Massachusetts  US,1026 Steuber Course,Springfield,Massachusetts,Hampden County,25013,01105,42.11516145290641,-72.55377647092112,1064066.80,847525.12,66541
e4b27198-b228-f768-ee0a-15cd06f97a56,2006-03-15,,999-63-9314,S99940231,X10149360X,Ms.,Angelita915,Annalisa973,Kuhlman484,,,,white,nonhispanic,F,Fairhaven  Massachusetts  US,625 Hand Gardens Apt 76,Wellesley,Massachusetts,Norfolk County,25021,02482,42.2370343751889,-71.28497569770182,60198.47,144002.59,54894
bf32f9e9-cbc5-7261-26bc-00e098fc61c1,2002-11-25,,999-94-5088,S99962062,X05436364X,Mr.,Ellsworth48,,Conn188,,,,black,nonhispanic,M,Belmont  Massachusetts  US,142 Lind Fort Unit 73,Boston,Massachusetts,Suffolk County,25025,02210,42.245699662869626,-71.09706656765755,5030.50,123017.39,1422
5cf303ea-3332-f103-59e2-6edf29bdb47e,1945-04-28,,999-85-6458,S99967537,X91918751X,Mr.,Jerrell6,,Hilpert278,,,M,white,nonhispanic,M,Melrose  Massachusetts  US,370 Langosh Annex Suite 1,Boston,Massachusetts,Suffolk County,25025,02108,42.361824267152166,-71.04887452737408,211516.58,136780.96,109637
5da67b5e-075f-51f0-9db8-81793a6cbcd0,2018-03-11,,999-86-9586,,,,Yesenia104,Edward499,Lueilwitz711,,,,white,nonhispanic,F,Walpole  Massachusetts  US,288 Gerlach Gardens,Palmer,Massachusetts,Hampden County,25013,01080,42.25237535126885,-72.3221965702695,12982.60,15381.58,82089
758a11ec-e1e4-2bc2-9e55-10baea3b07f8,2015-09-29,,999-26-1467,,,,Camie739,Adina377,Wunsch504,,,,white,nonhispanic,F,Boston  Massachusetts  US,230 Fay Quay,Boston,Massachusetts,Suffolk County,25025,02127,42.34528660469333,-71.0142545989097,2300.00,33613.57,22717
a0ec81bb-bde7-34ac-c4eb-3e97e2066c9a,1953-01-12,2020-01-21,999-27-7738,S99929573,X39474855X,Mr.,Guillermo498,Antwan357,Hartmann983,,,D,white,nonhispanic,M,Lowell  Massachusetts  US,356 Friesen Track Suite 62,Winchester,Massachusetts,Middlesex County,25017,01890,42.45142892933805,-71.17016087894504,189317.55,2293827.26,573318
ecc93e76-1e03-863a-2039-88779b2e1102,1970-11-03,,999-36-8881,S99967799,X65498627X,Mrs.,Anja508,,O'Connell601,,Kris249,M,white,nonhispanic,F,Weymouth  Massachusetts  US,342 Ruecker Approach Unit 4,Boston,Massachusetts,Suffolk County,25025,02113,42.33726695423066,-71.13360905950724,40816.55,1256720.54,193420
2b18b444-7011-06ad-0c1f-d51239437916,2006-03-26,,999-37-4855,S99982796,X75525712X,Ms.,Mitsuko474,,Parisian75,,,,white,nonhispanic,F,Stoneham  Massachusetts  US,566 Rath Extension Suite 45,Peabody,Massachusetts,Essex County,25009,01960,42.5206467743111,-71.00881733183408,73893.79,120404.72,165811
bf54fb26-3ece-1ee9-5247-c7a40f3d175f,1977-10-21,,999-99-3303,S99985455,X86696369X,Mr.,Cliff504,,Feil794,,,M,white,nonhispanic,M,Amherst  Massachusetts  US,772 Greenfelder Alley Apt 58,Boston,Massachusetts,Suffolk County,25025,02127,42.42976663295263,-70.99508351289006,36634.15,953237.12,8877
a366ff28-780b-1857-12ae-7e499bdd4789,1946-01-19,,999-88-8061,S99927522,X38271503X,Mr.,Stevie682,Nicolas769,Hessel84,,,M,white,nonhispanic,M,Chatham  Massachusetts  US,878 Becker Haven,Hull,Massachusetts,Plymouth County,25023,02045,42.29736296890074,-70.94516076817736,168057.75,185404.98,69802
af45578a-98d1-c534-95c9-e78cf8a4dbc6,1966-10-24,,999-96-2223,S99972818,X85174703X,Mrs.,Aracelis412,Marti99,Hackett68,,Rohan584,W,white,nonhispanic,F,Brockton  Massachusetts  US,739 Heathcote Gateway,Tewksbury,Massachusetts,Middlesex County,,00000,42.64165233174446,-71.18241131752576,1065354.76,321946.87,116068
c3ab12e9-3103-0b1b-5e50-f8152972298f,1973-10-14,,999-19-1871,S99943372,X69443728X,Mrs.,Babara869,Bulah832,Grady603,,Funk324,M,white,nonhispanic,F,Newton  Massachusetts  US,1032 O'Reilly Avenue Apt 50,Brockton,Massachusetts,Plymouth County,25023,02301,42.07299912439345,-70.96876580692344,687997.71,897281.85,58316
27044301-b746-d062-ff04-b40cffb52aab,1967-10-22,,999-12-8177,S99962902,X84974095X,Mrs.,Lucie638,,Ledner144,,Thompson596,M,white,nonhispanic,F,Westwood  Massachusetts  US,476 Quitzon Mission Apt 68,Westfield,Massachusetts,Hampden County,25013,01086,42.128554278826016,-72.72009325924309,25722.02,1011154.27,8631
3eb3325b-099b-74f0-a55e-a6e37eee593d,2014-06-24,,999-75-4165,,,,Barrett790,Kendall673,Ruecker817,,,,white,nonhispanic,M,Waltham  Massachusetts  US,882 Aufderhar Union,Lowell,Massachusetts,Middlesex County,25017,01851,42.62536630440306,-71.30612254886744,32993.38,0.00,73297
1e74055e-4588-428f-ba62-7552d7678f8d,1970-09-18,,999-27-2556,S99976809,X56406322X,Mr.,Emilio417,Francis500,Jacobi462,,,D,white,nonhispanic,M,Peabody  Massachusetts  US,845 Feeney Parade,Wareham,Massachusetts,Plymouth County,,00000,41.79715291185861,-70.70385963112622,221152.17,74542.81,134163
73ff01f0-9edc-f00d-a705-cb370ad1ca45,2006-07-08,,999-59-6040,S99995361,X60675577X,Mr.,Werner409,Clair921,Corwin846,,,,asian,nonhispanic,M,Beijing  Beijing Municipality  CN,1045 Breitenberg Bypass Apt 91,Randolph,Massachusetts,Norfolk County,25021,02368,42.177865972765254,-71.09613973467047,66769.49,35736.79,145484
da7b3ce9-4003-fae0-265b-0ac2fcb553b1,2025-08-02,,999-42-2148,,,,Stevie682,Alberto639,Thompson596,,,,black,nonhispanic,M,Raynham  Massachusetts  US,996 Greenholt Rapid,Boston,Massachusetts,Suffolk County,25025,02109,42.450892308810616,-71.03623638796581,3854.48,0.00,148818
9d2d68f0-5d9b-4ac3-ad81-ea4c8e9ac628,2000-01-06,,999-25-1472,S99939888,X34590936X,Mr.,Rufus33,King743,Toy286,,,,white,nonhispanic,M,Brockton  Massachusetts  US,1006 Hahn Village,Everett,Massachusetts,Middlesex County,25017,02148,42.44467999113453,-71.07387831726022,4841.72,68374.30,20651
107ff463-8a8a-c62b-bce0-f4210f070af7,1974-07-28,,999-91-7695,S99983391,X10626808X,Mr.,Martín25,Marco Antonio298,Porras535,,,M,other,hispanic,M,Guatemala City  Guatemala  GT,607 Schulist Route Apt 84,Boston,Massachusetts,Suffolk County,25025,02116,42.269374101390035,-71.12450778066143,200779.66,14782.62,57672
6522ded6-3ebc-1df6-6b9b-66d6dfd437b8,1981-08-04,,999-17-6530,S99948423,X90572578X,Mr.,Quincy153,Fidel864,Brakus656,,,M,white,nonhispanic,M,Mashpee  Massachusetts  US,155 Gorczany Spur,Norfolk,Massachusetts,Norfolk County,,00000,42.10869724963975,-71.33006456572828,86268.44,4189.37,129783
ac86fedf-3631-08c4-db76-95b0e6a79b3e,1998-10-11,,999-90-3936,S99952120,X39133328X,Mr.,Darin74,,Goodwin327,,,,white,nonhispanic,M,West Boylston  Massachusetts  US,557 Hills Skyway,Boston,Massachusetts,Suffolk County,25025,02131,42.38509244859785,-71.01169803581148,62175.13,11664.67,12
5f3d425a-2d73-fbf5-2dab-f6ea79062ca2,1966-06-26,,999-35-2443,S99994248,X81908744X,Mr.,Britt177,Hosea56,Moore224,,,S,black,hispanic,M,Waltham  Massachusetts  US,810 Reichert Ville Suite 71,Everett,Massachusetts,Middlesex County,25017,02148,42.431355492752175,-71.05980720125717,52108.92,149039.14,26073
320a3516-26ec-45fb-e55d-597df0771fbb,1966-02-27,,999-70-5774,S99982624,X67267423X,Mrs.,Quyen270,Marvis190,Gulgowski816,,Halvorson124,M,white,nonhispanic,F,Lunenburg  Massachusetts  US,190 Ankunding Gateway Suite 89,Boston,Massachusetts,Suffolk County,25025,02151,42.32558019699104,-71.09777137549749,732856.61,206741.31,44650
e0564626-4ce3-c311-693e-a0175f5e205d,1989-10-14,,999-46-1976,S99956742,X20323275X,Mrs.,Nancey580,Meryl421,Runolfsdottir785,,Mertz280,M,white,hispanic,F,Northampton  Massachusetts  US,1041 Kub Mall Suite 92,Winchester,Massachusetts,Middlesex County,25017,01890,42.409747605015404,-71.13504056807189,210274.36,1011213.34,718387
5e2bc812-0607-084f-d1ce-ebe6000b47f7,1982-09-28,,999-34-2281,S99936858,X27904834X,Mrs.,Catalina187,Carmelina668,Larson43,,Heller342,M,asian,nonhispanic,F,Everett  Massachusetts  US,1043 Greenholt Brook Apt 95,Lowell,Massachusetts,Middlesex County,25017,01854,42.64508560570883,-71.31354167913481,307574.59,566230.73,101426
7fc35f04-5ab0-19f3-f319-c116be2fe9f0,2008-07-01,,999-12-1605,S99990382,,Ms.,Dee580,Rozella39,Casper496,,,,black,nonhispanic,F,Sturbridge  Massachusetts  US,653 Ward Throughway Unit 14,Franklin,Massachusetts,Norfolk County,25021,02038,42.06135943450126,-71.42306859662891,27083.71,20878.51,100817
98ba8ce9-7682-6fe4-49b4-797d4db5a4c2,2015-03-05,,999-43-6490,,,,Wilber603,Walton167,Kunde533,,,,white,nonhispanic,M,Boston  Massachusetts  US,201 Parisian Byway,North Attleborough,Massachusetts,Bristol County,,00000,41.99684916685791,-71.29136427214696,29542.01,1491.71,90394
b4c78a2b-2e84-60d5-1f09-1c18ef96339a,2000-06-13,,999-94-4887,S99912040,X42046564X,Ms.,Diedra595,Moira454,Runte676,,,,white,nonhispanic,F,Amesbury  Massachusetts  US,756 Sipes Green,Boston,Massachusetts,Suffolk County,25025,02132,42.275331708022655,-71.03239510797589,215510.36,4001.00,80280
410d6165-3a5e-bb7c-af68-b35d9ce84f5c,1972-09-02,2009-06-29,999-98-6642,S99994645,X86647211X,Mr.,Renato359,Tuan998,Gottlieb798,,,M,white,nonhispanic,M,West Springfield  Massachusetts  US,454 Jast Dam Unit 8,Cambridge,Massachusetts,Middlesex County,25017,02139,42.362656733476065,-71.12410863251974,148179.38,160975.32,94894
58f6251e-df88-07df-ed9e-e7f02a051482,2008-12-31,,999-53-8163,S99961284,,,Meagan221,Margarite168,Homenick806,,,,asian,nonhispanic,F,North Andover  Massachusetts  US,1057 Rohan Mill Unit 60,Westwood,Massachusetts,Norfolk County,,00000,42.20253640639622,-71.20608119375275,9220.70,748646.23,22317
cd4d9dd3-2612-f171-32b1-a74e92f6d36b,2014-02-27,,999-73-2543,,,,Trish512,Belinda283,Herzog843,,,,white,nonhispanic,F,Lowell  Massachusetts  US,822 Stark Highlands,Plymouth,Massachusetts,Plymouth County,25023,02360,41.89982035926036,-70.64638757660033,84717.81,0.00,39833
5b853b5e-8cf2-877e-74e9-42c5027854ba,1987-04-19,,999-10-2939,S99952046,X32848190X,Mr.,Todd315,Bradly656,Jacobi462,,,M,black,nonhispanic,M,Northwest Harwich  Massachusetts  US,324 West Lock Suite 75,Webster,Massachusetts,Worcester County,25027,01570,42.02059549374089,-71.81527321791336,72844.66,555.04,70332
c2629963-7a71-45aa-e952-71fd51c87ca8,1982-12-25,,999-17-5462,S99957149,X17319115X,Mrs.,Hermine424,Sherie778,Bode78,,Schiller186,M,asian,nonhispanic,F,Ocean Grove  Massachusetts  US,523 Leuschke Union Apt 46,Wayland,Massachusetts,Middlesex County,,00000,42.326155154555686,-71.40494446017729,224039.91,619699.89,948682
85440608-9790-8d15-6f77-bca048e97444,2013-10-01,,999-73-2574,,,,Cecelia952,Ivelisse712,Hirthe744,,,,white,nonhispanic,F,Beverly  Massachusetts  US,852 Lesch Mill,Northbridge,Massachusetts,Worcester County,,00000,42.150338436980164,-71.63370413200866,17622.94,18351.53,104498
ed0995e1-3423-a6d6-0103-1b3aecdbf10e,2005-10-13,,999-54-1717,S99993160,X79473663X,Mr.,Timothy142,,Jacobi462,,,,black,nonhispanic,M,Forestdale  Massachusetts  US,721 Mueller Crossing,Boston,Massachusetts,Suffolk County,25025,02122,42.412603696163714,-71.02901494514076,3598.53,53115.90,1941
d70a14bc-c4ce-f304-954a-c149aa98e2c6,1994-09-14,,999-27-5563,S99926080,X11896345X,Mrs.,Florene115,Peg114,Hills818,,Casper496,M,white,nonhispanic,F,Weymouth  Massachusetts  US,436 Morissette Skyway,Raynham,Massachusetts,Bristol County,,00000,41.89301887592071,-71.07540436611183,65288.57,161524.15,58945
34639e13-e43e-591b-3977-33d150bfb999,1979-04-09,,999-26-2683,S99988495,X83418041X,Mr.,Carroll471,Jan231,Barrows492,,,M,white,nonhispanic,M,West Wareham  Massachusetts  US,377 Schuppe Mission,Otis,Massachusetts,Berkshire County,,00000,42.245939560071214,-73.07654713764546,153275.58,61977.26,67387
fd58d5b9-529a-05d9-d90b-41e901883506,1953-01-12,,999-48-3907,S99961091,X01529287X,Mr.,Edwin773,Ulysses632,Osinski784,,,S,white,nonhispanic,M,North Andover  Massachusetts  US,754 Macejkovic Ferry,Winchester,Massachusetts,Middlesex County,25017,01890,42.43728813042638,-71.14932810875062,150048.09,81527.06,573318
574dca5b-b706-059d-bbb7-d0bb2a6f058b,1995-06-08,,999-27-5259,S99958384,X93071613X,Mrs.,Marlene554,,Hansen121,,Carroll471,M,white,nonhispanic,F,Salisbury  Massachusetts  US,824 Veum Quay,Lynn,Massachusetts,Essex County,25009,01907,42.47332892332728,-70.90265654460252,145448.67,383059.90,43359
a7717600-44f4-4f2b-c49c-a65e102a6974,1975-03-02,,999-40-5307,S99952120,X57805218X,Mr.,Valentin929,Sandy901,Dicki44,,,M,white,nonhispanic,M,Wareham  Massachusetts  US,1011 Hoppe Crossing Unit 68,South Duxbury,Massachusetts,Plymouth County,,00000,42.03128920160361,-70.72260787054147,20810.93,202862.69,20349
9b9bb14f-6620-5ea1-4c24-2e7937c84bd7,1960-03-06,,999-14-4197,S99958450,X88247399X,Mrs.,Shaunte610,,Corwin846,,Towne435,D,white,nonhispanic,F,Boston  Massachusetts  US,1048 Weber Landing,Salisbury,Massachusetts,Essex County,25009,01952,42.832650892339,-70.88504840276126,102361.36,281986.05,180536
912629cf-ebcf-ac46-f2cc-a0eedcd6034e,1968-06-01,,999-92-1212,S99998336,X10808536X,Mrs.,Daisey627,,White193,,Bailey598,D,white,nonhispanic,F,Duxbury  Massachusetts  US,293 Hintz Mission,Chelmsford,Massachusetts,Middlesex County,,00000,42.618214067957126,-71.33871623104469,239994.47,1257110.57,184692
dae5a6fd-ca5f-7958-9bc2-a2d15e87dd37,1966-10-22,,999-15-1933,S99972436,X85375817X,Ms.,Melvina326,Glayds212,Mosciski958,,,S,black,nonhispanic,F,Taunton  Massachusetts  US,459 Leuschke Vista,Boston,Massachusetts,Suffolk County,25025,02129,42.35674892504688,-71.11169370142954,250465.94,140380.61,852963
7546b742-fd81-05ae-376b-ffbf55e715a1,1999-07-12,,999-54-9109,S99922205,X04572275X,Ms.,Emelina469,Lashonda618,Upton904,,,,white,nonhispanic,F,Worcester  Massachusetts  US,147 Schaefer Ranch,Acton,Massachusetts,Middlesex County,,00000,42.50764159401924,-71.47553195678543,127849.92,229417.88,136138
0c6f21f4-0aa3-d8e9-5a80-687b940c1cb9,2011-06-02,,999-46-5266,,,,Jaquelyn689,Beula159,Hauck852,,,,white,nonhispanic,F,Mansfield  Massachusetts  US,390 Ondricka Wall Apt 7,Marshfield,Massachusetts,Plymouth County,25023,02050,42.16509679354399,-70.7459581065866,50372.97,21957.20,122452
5317cb5a-755d-a1ff-0578-e318b30708e8,1952-10-26,,999-37-3294,S99966013,X44018613X,Mr.,Burt293,Eli762,Littel644,,,M,white,nonhispanic,M,Hubbardston  Massachusetts  US,193 Cole Mall Unit 73,Boston,Massachusetts,Suffolk County,25025,02111,42.28061383187556,-71.02542758056258,184664.57,177829.74,36949
97bb3223-2796-6fe0-a454-495d10c9c8f1,2014-04-12,,999-37-8295,,,,Gilbert263,,Schneider199,,,,asian,nonhispanic,M,Hyderabad  Andhra Pradesh  IN,754 Kuhn Harbor,Bourne,Massachusetts,Barnstable County,25001,02532,41.678533277036934,-70.62484679052125,38025.92,21714.33,185608
af451d17-ccd9-91f4-a17c-002a942818c3,1943-09-28,2023-06-30,999-38-9647,S99967307,X31109577X,Mrs.,Edris973,Reginia455,McGlynn426,,Simonis280,M,white,nonhispanic,F,Taunton  Massachusetts  US,147 Rodriguez Orchard,West Boylston,Massachusetts,Worcester County,,00000,42.32869876019853,-71.82096114297539,134939.07,3750160.95,62515
7112ed9a-7111-8584-b138-0dd19fa2ed88,1983-12-03,,999-74-2543,S99995863,X41612602X,Mr.,Garland107,,Borer986,,,S,white,nonhispanic,M,Haverhill  Massachusetts  US,194 Kris Parade,Westfield,Massachusetts,Hampden County,25013,01085,42.13232740944703,-72.84234785496845,77234.18,26021.02,49306
14bdaed2-88bd-f86f-c1cd-5a865daff83b,2025-10-03,,999-75-8145,,,,Jeremy766,,Gleason633,,,,white,nonhispanic,F,Lanesborough  Massachusetts  US,411 Schoen Rue Apt 82,Melrose,Massachusetts,Middlesex County,25017,02176,42.45408899732884,-71.03200820432338,3663.38,0.00,195078
663aa02b-b8b6-3017-e6ae-10ad0ffc8a38,1972-09-02,,999-74-4373,S99942381,X69170948X,Mr.,Jerald662,,Bins636,,,D,white,nonhispanic,M,Woburn  Massachusetts  US,255 Greenfelder Corner Apt 21,Cambridge,Massachusetts,Middlesex County,25017,02138,42.364980919881766,-71.14134090435564,131550.41,17854.06,94894
0d646a5f-2509-2256-8845-3569d1084535,2007-02-08,,999-16-5839,S99914867,,Mr.,Kurt412,Jan231,Kub800,,,,white,nonhispanic,M,Revere  Massachusetts  US,939 Bernhard Harbor Apt 91,Ludlow,Massachusetts,Hampden County,,00000,42.19302654404637,-72.47865116996935,64478.05,42316.09,54545
585ed89d-258d-4a93-aec0-20bd2a546bb3,2002-12-14,,999-83-6773,S99957636,X03760701X,Mr.,Rocco842,Lionel365,Goodwin327,,,,white,nonhispanic,M,West Wareham  Massachusetts  US,1018 Frami Village Apt 33,Watertown,Massachusetts,Middlesex County,25017,02472,42.354275149312386,-71.17663201559692,90132.46,181.89,51231
3935a0bb-8dd0-1b27-ac00-37495cb69e8b,2020-12-31,,999-21-2242,,,,Tuyet839,Ranee391,Marquardt819,,,,white,hispanic,F,Hingham  Massachusetts  US,965 Cartwright Key,Granville,Massachusetts,Hampden County,,00000,42.038544727772205,-72.92426203759655,1409.92,18470.20,17285
783c27ea-dbe9-f7d4-896e-d74dc05bf6b9,1996-12-04,,999-15-6905,S99962700,X91580290X,Mrs.,Elene949,Collene784,Ritchie586,,Bailey598,M,black,nonhispanic,F,Framingham  Massachusetts  US,689 Gottlieb Lodge,Douglas,Massachusetts,Worcester County,,00000,42.051513170146215,-71.70892189735098,7924.34,287850.96,11400
9eac5eaf-dc22-1148-6c40-9c6830846466,2001-06-07,2014-08-14,999-73-6767,,,,Francine922,Karolyn830,Goodwin327,,,,white,nonhispanic,F,New Bedford  Massachusetts  US,585 Hudson Corner,Boston,Massachusetts,Suffolk County,25025,02119,42.236031175733594,-71.09412934370697,39283.55,35995.83,48710
bca924d9-4102-bb36-3609-41b30c002644,2021-06-14,,999-24-9458,,,,Garfield38,Gerald181,Hilll811,,,,white,nonhispanic,M,Stoughton  Massachusetts  US,1085 Beier Branch,Springfield,Massachusetts,Hampden County,25013,01105,42.12770246904779,-72.55516890972228,1166.25,16612.73,13881
6d3738f4-ef26-b5c5-f292-52943c5d8255,1916-05-22,,999-67-4776,S99961988,X39813991X,Mrs.,Dierdre747,Alysia661,Schmeler639,,Rippin620,M,white,nonhispanic,F,Millbury  Massachusetts  US,886 Hintz Union Apt 93,Wakefield,Massachusetts,Middlesex County,25017,01880,42.53392338711847,-71.0465979756956,1216614.26,1266847.57,109670
31250903-e504-d052-e836-e948bbbb5330,1977-06-21,,999-75-6906,S99949532,X03278464X,Mr.,Ivan258,Rick943,Senger904,,,M,white,nonhispanic,M,Fitchburg  Massachusetts  US,864 Adams Gate,Mansfield Center,Massachusetts,Bristol County,,00000,42.05020696322832,-71.2355677581693,8469.59,105134.46,18623
d3c99723-2355-a6cd-6fd7-ee707995c1da,1966-06-16,,999-33-2546,S99944924,X98268200X,Mrs.,Brigette230,Taylor21,Becker968,,Adams676,M,white,nonhispanic,F,Monson Center  Massachusetts  US,765 Bruen Track Apt 64,Oxford,Massachusetts,Worcester County,25027,01540,42.103445968179486,-71.9034500137175,459244.65,294555.81,65925
2542df3e-ff3c-0df5-34da-e2c81c778b8b,2013-02-17,,999-98-5948,,,,Trinidad33,Tisha655,Lubowitz58,,,,white,nonhispanic,F,Clinton  Massachusetts  US,958 Waters Wall,Freetown,Massachusetts,Bristol County,,00000,41.800062482036026,-71.06577126128242,25941.94,13360.91,26734
9e96a225-90a7-337d-687c-ce6a398e3f03,1947-06-22,2015-01-31,999-32-3985,S99917427,X14167707X,Mrs.,Kizzie166,Patrina117,Murray856,,Batz141,M,white,nonhispanic,F,Framingham  Massachusetts  US,384 Metz Station,Wrentham,Massachusetts,Norfolk County,,00000,42.05231592423841,-71.39928269735915,341120.54,4164326.72,124596
59fe938e-8202-2574-a1db-e41631227792,2002-02-15,,999-68-3406,S99993764,X36680556X,Mr.,Homer307,Clint766,Kihn564,,,,white,nonhispanic,M,Hingham  Massachusetts  US,894 Grady Alley Suite 74,Leominster,Massachusetts,Worcester County,25027,01453,42.472845289990815,-71.79682075626735,4802.65,40474.20,14325
e1bfb619-78b8-653e-050c-753bf83aeceb,1983-10-27,,999-46-5046,S99950986,X24885515X,Ms.,Valery629,Darla154,Mertz280,,,S,white,nonhispanic,F,Spencer  Massachusetts  US,302 Beier Forge Apt 84,Falmouth,Massachusetts,Barnstable County,25001,02540,41.59046162807164,-70.59971042672095,465372.88,85257.21,59959
03fa8640-69d9-aca1-9326-781d6957e47b,2014-01-09,,999-24-5943,,,,Taren286,Nathalie366,McCullough561,,,,white,nonhispanic,F,Brookline  Massachusetts  US,732 Ortiz View,Dedham,Massachusetts,Norfolk County,25021,02026,42.23167117067748,-71.20075666688005,26146.23,8494.16,27900
14f80a15-b80c-a050-ef14-ba9468222939,2004-10-12,,999-67-7758,S99932273,X67441860X,Mr.,Loren192,Delmer311,Moen819,,,,white,nonhispanic,M,Sudbury  Massachusetts  US,286 Wiegand Bridge Apt 55,Framingham,Massachusetts,Middlesex County,25017,01702,42.35704069448357,-71.39979226108596,46513.78,20571.74,39248
5feb84d4-b384-72ff-c24c-52840422e38d,2006-10-05,,999-10-5351,S99945454,,Ms.,Jeanne553,Tatyana394,Swift555,,,,black,nonhispanic,F,Chelmsford  Massachusetts  US,1069 Lind Dale Apt 57,Athol,Massachusetts,Worcester County,25027,01331,42.5940375307471,-72.17332693584324,63420.42,16483.33,96994
2421475d-1e57-c21c-5b9a-797bf0292c08,1996-12-05,,999-55-8499,S99956087,X27343266X,Mrs.,Robbie31,Denna536,Parisian75,,Gislason620,M,white,nonhispanic,F,Framingham  Massachusetts  US,1089 Bauch Corner,Quincy,Massachusetts,Norfolk County,25021,02169,42.22848603451102,-71.04205650988011,248924.40,699132.83,48894
90224abe-76de-6121-ac4e-54fd525a021c,2002-10-12,,999-57-9986,S99983667,X84450774X,Ms.,Yoshiko258,,Schumm995,,,,black,nonhispanic,F,Dartmouth  Massachusetts  US,972 Smitham Bridge Unit 86,Boston,Massachusetts,Suffolk County,25017,02467,42.318041566677195,-71.01229412943414,81669.02,41423.91,193448
95f72811-fc9c-5176-cc15-2a6544cfac23,2000-04-14,,999-48-7023,S99913101,X65498856X,Ms.,Leonor133,Rosa195,Rodríquez611,,,,white,hispanic,F,Mexico City  Mexico City  MX,101 Wilderman Green,Northborough,Massachusetts,Worcester County,25027,01532,42.306586050061,-71.67800906722921,98512.44,157276.87,33683
b70e1420-eb14-fd6a-7ca5-2342273be5dd,1958-04-22,,999-61-1754,S99930613,X89335736X,Mr.,Alva958,Pasquale620,Ullrich385,,,M,asian,nonhispanic,M,Marlborough  Massachusetts  US,108 Mayer Union Apt 96,Norwood,Massachusetts,Norfolk County,25021,02062,42.19551067724278,-71.24169905746535,257039.97,240829.76,77283
5b747107-0554-0826-139a-848ed62a624d,1975-08-11,2020-11-13,999-71-7899,S99939961,X37989669X,Mr.,Weldon459,,Stroman228,,,M,white,nonhispanic,M,Fall River  Massachusetts  US,893 Pfeffer Camp,Greenfield,Massachusetts,Franklin County,25011,01301,42.62802416898283,-72.62981865893428,290424.70,486251.86,43873
14c1f877-c962-d955-d634-645258dbb3ba,1982-01-13,,999-35-1206,S99971431,X36464144X,Mrs.,January966,Veronique514,Bogisich202,,Bartoletti50,D,white,nonhispanic,F,Hanson  Massachusetts  US,269 Will Heights Apt 1,Attleboro,Massachusetts,Bristol County,25005,02703,41.97246913998816,-71.31230084497906,83068.66,687827.18,24116
7183a9ce-93b9-d9fc-0d1f-b8a1f9783a91,1936-11-24,,999-68-1476,S99928532,X99895938X,Mrs.,Lashandra868,Chrissy459,Zieme486,,Collier206,M,white,nonhispanic,F,Wilmington  Massachusetts  US,142 Bernier Gardens,Saugus,Massachusetts,Essex County,25009,01906,42.50261592922713,-70.98855546774153,76384.87,2112880.61,12293
1ab87f96-192e-ddf7-6ebd-ef38ddc5502d,2001-06-07,,999-54-3487,S99957974,X73500390X,Ms.,Charmain607,,Klein929,,,,white,nonhispanic,F,Easton  Massachusetts  US,337 Towne Parade,Boston,Massachusetts,Suffolk County,25017,02467,42.3763393080159,-71.06862584238544,83642.06,161272.50,48710
fd63997b-fc48-b1c1-18e9-68f2720a8033,2021-06-11,,999-75-3290,,,,Gonzalo160,Alec433,Labadie908,,,,white,nonhispanic,M,Boston  Massachusetts  US,235 Blanda Neck,Lowell,Massachusetts,Middlesex County,25017,01850,42.64118881937232,-71.30045248010194,5809.16,59051.13,124993
65491a9e-601e-6a6f-193a-0333ceab3881,2020-04-17,,999-43-9782,,,,Archie818,Sidney996,Larkin917,,,,white,nonhispanic,M,North Attleborough  Massachusetts  US,526 Cummings Track,Acton,Massachusetts,Middlesex County,,00000,42.518115077283646,-71.47901675850821,6480.54,1627.22,208182
421ce127-11a2-af91-96ae-88495fc8231b,1965-04-08,,999-66-5730,S99930279,X44296980X,Mr.,Kory651,Irwin931,Fahey393,,,M,white,nonhispanic,M,Winchendon  Massachusetts  US,1006 Kertzmann Spur Suite 52,Billerica,Massachusetts,Middlesex County,,00000,42.57497510532855,-71.27425485015124,197149.95,82627.69,67835
3ae464fa-2255-bc6e-bacd-41432035db27,1963-02-07,,999-23-2299,S99965314,X33556812X,Mrs.,Mayra756,Antoinette709,White193,,Fay398,D,white,nonhispanic,F,Fairhaven  Massachusetts  US,268 Wisozk Viaduct Apt 69,Dracut,Massachusetts,Middlesex County,,00000,42.70333256840628,-71.33338050552804,349895.08,586006.89,148432
3013865d-0d08-d80a-0412-43061551b9ce,2017-11-11,,999-93-7609,,,,Morgan564,Chadwick722,Gutmann970,,,,white,hispanic,M,Boston  Massachusetts  US,598 Goodwin Bypass,Dartmouth,Massachusetts,Bristol County,,00000,41.58915584634778,-70.9211898961206,28592.01,0.00,65910
0cb5a2db-95d3-ba79-9a03-cc9300aff033,1983-05-17,,999-72-8828,S99981553,X67646656X,Mrs.,Noel608,Dorotha379,Brown30,,Ritchie586,M,white,hispanic,F,East Bridgewater  Massachusetts  US,648 Grimes Camp Unit 21,Tyngsborough,Massachusetts,Middlesex County,,00000,42.67593798473219,-71.40995036472327,238560.91,1491211.76,28624
a99262ab-f5b9-aa77-231c-19d0488178bb,2016-11-08,,999-55-4949,,,,Nieves278,Cari853,Borer986,,,,white,nonhispanic,F,Westport  Massachusetts  US,504 Daniel Trafficway,Worcester,Massachusetts,Worcester County,25027,01583,42.24894594840122,-71.77849505817727,12697.13,8957.98,104936
593cdc3a-5796-4a28-e469-30823c3d4d6d,2004-10-16,,999-40-5709,S99993416,X46539011X,Ms.,Lavone763,Hien98,Casper496,,,,white,nonhispanic,F,North Andover  Massachusetts  US,796 Gaylord Extension Suite 73,Hingham,Massachusetts,Plymouth County,25023,02043,42.260969848138814,-70.83573622739748,117575.34,113199.44,79454
b99406fb-17f8-b560-afe8-7d457e7d8d19,1998-10-17,,999-79-6942,S99991768,X22893745X,Mr.,Ira784,Buck819,Sanford861,,,,hawaiian,nonhispanic,M,Woburn  Massachusetts  US,367 Botsford Crossroad,Andover,Massachusetts,Essex County,25009,01810,42.666253532903944,-71.11328482455009,94936.61,8435.10,76038
16f3fc14-1738-9cfe-27fa-adf43612c74d,2011-11-10,,999-53-1654,,,,Cecila397,Alease857,Kuphal363,,,,white,nonhispanic,F,Lynn  Massachusetts  US,164 Corwin Route,Provincetown,Massachusetts,Barnstable County,25001,02657,42.026366169790165,-70.17099146827668,58709.41,59308.80,39541
c3a66023-c2a7-3d90-010f-0f1fbefc0e7d,1974-12-01,,999-37-6639,S99945736,X85596475X,Mr.,Davis923,Antione404,Johnson679,,,M,white,nonhispanic,M,Revere  Massachusetts  US,181 Douglas Dale Suite 25,Hingham,Massachusetts,Plymouth County,25023,02043,42.18237980811535,-70.92533038240302,119789.82,25994.64,948813
c78b3818-f366-52f0-dd92-7788f9ebce86,1953-06-27,,999-83-8352,S99919448,X47056825X,Mr.,Nelson403,Ian270,Mann644,,,S,white,nonhispanic,M,Middleborough  Massachusetts  US,123 McKenzie Bridge Suite 26,Worcester,Massachusetts,Worcester County,25027,01609,42.28777184420741,-71.72985585801824,135332.75,175696.21,71778
2cb0bd95-b53e-a55a-4b34-f2475e45bfc6,1957-06-23,,999-72-8333,S99981460,X72223415X,Mr.,Cortez851,Jean712,Gaylord332,,,M,white,nonhispanic,M,Lee  Massachusetts  US,164 Gerhold Trafficway Unit 45,Shrewsbury,Massachusetts,Worcester County,,00000,42.281560296516034,-71.74448911962733,109343.22,65045.67,128973
f9a3c18c-69ea-09e1-1fee-3825f81c3b78,2014-05-09,,999-46-8408,,,,Alonso270,,Larkin917,,,,white,nonhispanic,M,Boston  Massachusetts  US,981 Green Esplanade,Holyoke,Massachusetts,Hampden County,25013,01040,42.18583611942119,-72.66131044880052,2200.00,35274.12,3290
790dac2c-d401-8734-8997-1606760043e2,1987-02-15,,999-61-8414,S99935797,X99977707X,Mr.,Emory494,Humberto482,Roob72,,,S,white,nonhispanic,M,Billerica  Massachusetts  US,874 Dickens Parade Suite 90,West Chatham,Massachusetts,Barnstable County,25001,02669,41.65624012507145,-69.99091312371283,91072.42,880.37,57371
b20d728b-0ff1-ce0a-67e7-8be799089fd3,1975-08-11,,999-52-9848,S99961001,X43075598X,Mr.,Mose244,,Greenfelder433,,,M,white,nonhispanic,M,Boston  Massachusetts  US,146 Kuhn Alley,Greenfield,Massachusetts,Franklin County,25011,01301,42.65608471070559,-72.60325863862506,124118.72,68287.82,43873
f6f7220b-c281-9ca3-a625-d856eef3dbae,1972-05-17,,999-25-6325,S99990280,X66045278X,Mrs.,Joselyn874,Brandee895,Parker433,,Cummerata161,M,white,nonhispanic,F,Springfield  Massachusetts  US,229 Mann Junction Apt 9,Framingham,Massachusetts,Middlesex County,25017,01702,42.25641747260271,-71.42826736007649,609842.72,681934.15,99578
14f78d10-4dfa-bac5-2cac-e7c84cfbe133,1996-02-10,,999-70-5295,S99992581,X35611785X,Mr.,Merrill415,,Ratke343,,,M,white,nonhispanic,M,Lowell  Massachusetts  US,387 Mante Annex,Northbridge,Massachusetts,Worcester County,,00000,42.13682802196153,-71.70440203923073,117188.69,566886.57,177404
dc08d7cc-e44a-149d-8a54-5ac675e50dba,1991-09-21,,999-21-5342,S99948635,X83743001X,Ms.,Doria135,,Walsh511,,,S,white,nonhispanic,F,Watertown  Massachusetts  US,957 Pfeffer Manor Unit 26,Bellingham,Massachusetts,Norfolk County,25021,02019,42.1009965191857,-71.49316505795134,127195.88,153535.41,156297
3a8778db-2ba0-c1f5-3188-8b1a68bc46e1,1977-05-23,,999-86-7688,S99956707,X95246813X,Mrs.,Paulina892,,Braun514,,Rodriguez71,M,white,nonhispanic,F,Springfield  Massachusetts  US,205 Windler Alley Unit 60,Lawrence,Massachusetts,Essex County,25009,01843,42.70408296055916,-71.18725512260706,15121.49,835609.05,9478
d107e0bb-768d-a3e6-3ff9-21eed24e6b6a,1963-01-15,,999-61-2468,S99977985,X02843949X,Mrs.,Olene159,Helene803,Hintz995,,Mayert710,D,black,hispanic,F,Sterling  Massachusetts  US,558 Nolan Trailer Apt 78,Boston,Massachusetts,Suffolk County,25025,02126,42.38841341362258,-71.0540610489785,840784.36,632417.86,36763
b18cec19-dca6-6465-4186-a60099a6b58c,1994-10-22,,999-72-8526,S99955140,X87416006X,Mr.,Edmond919,,Ratke343,,,M,white,nonhispanic,M,Tewksbury  Massachusetts  US,1091 Koss Tunnel Suite 50,Boston,Massachusetts,Suffolk County,25025,02120,42.37517817430019,-71.08289031279519,10376.01,187902.61,2589
38b0c577-83cd-5538-d929-29eddec491a3,1976-11-21,,999-93-3518,S99945371,X67861581X,Ms.,Therese102,Tracie996,Kerluke267,,,S,white,nonhispanic,F,Maynard  Massachusetts  US,1029 Nitzsche Approach,Bridgewater,Massachusetts,Plymouth County,25023,02324,41.92560402981528,-70.98472995994742,201810.18,587650.18,33521
ff850834-487a-73d1-5609-4fe12ce9977e,1954-11-09,,999-96-9253,S99942235,X26877553X,Ms.,Patrica776,Doretha289,O'Kon634,,,S,white,nonhispanic,F,Worcester  Massachusetts  US,896 Turner Dam Suite 79,Dedham,Massachusetts,Norfolk County,25021,02026,42.219737450004665,-71.19847395147603,1444552.59,469657.25,115503
374b0122-6b3f-ea93-5974-b8a1faef3966,1973-03-04,,999-51-9346,S99960934,X73291953X,Mr.,Amos720,,Schumm995,,,M,white,nonhispanic,M,South Yarmouth  Massachusetts  US,1099 Botsford Village Unit 7,Rochester,Massachusetts,Plymouth County,,00000,41.785092122024494,-70.82605528172186,169555.10,539440.84,806776
4ae2ba6e-2600-67ec-e4a6-a35af166e498,1952-07-07,,999-82-1087,S99926607,X05399559X,Ms.,Darnell564,Telma919,Sanford861,,,S,white,nonhispanic,F,Northfield  Massachusetts  US,1064 Graham Station Unit 25,Lexington,Massachusetts,Middlesex County,25017,02420,42.4322022604484,-71.20881115724796,349516.83,779007.11,127904
b45a129c-76b5-dffc-0d7a-b44fd2799174,1990-03-12,,999-45-9127,S99914521,X41509790X,Mr.,Lamar193,Fritz267,Treutel973,,,S,white,nonhispanic,M,Barnstable  Massachusetts  US,256 Swift Avenue Suite 89,Medford,Massachusetts,Middlesex County,25017,02155,42.42751325819524,-71.06887225441702,96406.98,3733.17,115826
d17a920d-e0da-9dc9-f1b6-3a8a5dd6a2a5,1968-11-05,,999-50-9571,S99975338,X87222378X,Mr.,Terrance440,Jamaal34,Rice937,,,M,white,nonhispanic,M,Springfield  Massachusetts  US,242 Jaskolski Fort,Attleboro,Massachusetts,Bristol County,44007,02861,41.83916926170432,-71.33554050222611,198422.53,57395.26,45848
fa0e1930-ef05-3dd9-587b-5ce569738988,1999-03-15,,999-92-6491,S99972079,X22960322X,Ms.,Lilla884,Hertha832,Littel644,,,,white,nonhispanic,F,Scituate  Massachusetts  US,807 Homenick Parade,Peabody,Massachusetts,Essex County,25009,01940,42.50529045097741,-70.94724938358176,87678.04,6558.80,67002
e0248086-18c0-1423-0cf3-af56f36b0e6c,1947-06-22,,999-12-3111,S99953775,X58348459X,Ms.,Rolande819,Elza246,Gerhold939,,,S,white,nonhispanic,F,Beverly  Massachusetts  US,887 Goyette Camp,Wrentham,Massachusetts,Norfolk County,,00000,42.09338220386799,-71.33837573256928,220084.65,318534.47,124596
2826ca7f-1840-869a-0de7-71b4b82addb2,1975-06-28,,999-15-9734,S99948154,X34770711X,Mr.,Randell912,,Feil794,,,S,white,nonhispanic,M,Southbridge  Massachusetts  US,410 Nicolas Avenue Suite 19,North Scituate,Massachusetts,Plymouth County,25023,02060,42.19626722831332,-70.76115921913103,142669.40,3522.66,166206
4decb9f6-de21-8ef8-f56d-562140950ec4,1942-06-11,,999-55-5674,S99960729,X78413070X,Mrs.,Verla696,Madeline975,Erdman779,,Ebert178,M,white,nonhispanic,F,Clinton  Massachusetts  US,554 Roberts Burg Unit 73,Methuen,Massachusetts,Essex County,25009,01841,42.703192137794304,-71.15993337503407,1383742.56,990222.42,46630
a23bc950-1e99-cdaa-21e1-23bce211af69,1999-01-11,,999-60-7070,S99975618,X08954430X,Mr.,Guillermo498,,Schamberger479,,,,black,nonhispanic,M,Sturbridge  Massachusetts  US,738 Gleichner Street,Chicopee,Massachusetts,Hampden County,25013,01020,42.12681167802934,-72.64324286738996,15854.93,359105.39,1095
08549c9d-962a-0cc0-3d52-5fd7de5c447a,2021-03-23,,999-36-4643,,,,Lavonia8,Shaunda110,Nikolaus26,,,,white,nonhispanic,F,Fall River  Massachusetts  US,860 Hartmann Wynd,Medford,Massachusetts,Middlesex County,25017,02155,42.47180060929164,-71.06524545085395,13806.10,0.00,73787
76938102-6751-4e60-506b-753c995fca92,1989-12-28,,999-42-7321,S99961889,X93060481X,Mrs.,Kattie846,Young120,Green467,,Flatley871,D,other,nonhispanic,F,Springfield  Massachusetts  US,421 Adams Haven Unit 20,Springfield,Massachusetts,Hampden County,25013,01105,42.1159785481705,-72.51316908818717,151769.93,321767.05,29680
1bbaea58-bbd2-65c5-9e1d-c54707cc4292,1988-10-30,,999-77-7976,S99999040,X16479392X,Mr.,Kyle55,Leland44,Reynolds644,,,M,white,nonhispanic,M,Yarmouth  Massachusetts  US,142 Dietrich Dale Unit 70,Brockton,Massachusetts,Plymouth County,25023,02351,42.10048197327051,-71.0665754413252,59368.61,785012.08,26027
54acfdda-8fba-f2f2-13fe-75c195df56e5,1994-05-24,,999-19-2405,S99986345,X49934234X,Mrs.,Mallory926,,Fahey393,,Grant908,M,white,nonhispanic,F,Oxford  Massachusetts  US,245 Treutel Dale,Newton,Massachusetts,Middlesex County,25017,02466,42.32010113965483,-71.17508384316463,204143.61,868298.40,615552
9222ae35-65fd-d826-d63d-7ac0be3b6334,1982-12-06,,999-67-1572,S99929710,X72921776X,Mrs.,Jaye603,Verline727,Schinner682,,Mills423,M,white,nonhispanic,F,Brockton  Massachusetts  US,718 Sipes Bay Suite 67,Westfield,Massachusetts,Hampden County,25013,01086,42.12269461495641,-72.7883155897044,353679.80,582786.77,61246
81110002-0da5-1edb-8ff4-efaded794cef,2004-02-20,,999-28-4049,S99958538,X22702837X,Ms.,Rebecca981,,Dicki44,,,,white,nonhispanic,F,Brookline  Massachusetts  US,895 Stracke Promenade Unit 73,Cambridge,Massachusetts,Middlesex County,25017,02140,42.325130790034564,-71.13727051188444,108180.60,169282.88,593
a3ae8ee0-2f56-16f3-e284-f1add709e4bb,1945-01-30,,999-85-2971,S99979641,X31891245X,Mr.,Buddy254,,O'Connell601,,,W,white,nonhispanic,M,Auburn  Massachusetts  US,996 Hartmann View Unit 92,Arlington,Massachusetts,Middlesex County,25017,02474,42.40295914731048,-71.20032970289238,116618.61,927655.70,28850
a4103760-cab0-a732-7e10-676b4f127970,1962-11-13,,999-18-1085,S99982135,X18590755X,Ms.,Johnie961,Palma671,Kuhic920,,,S,hawaiian,nonhispanic,F,Waltham  Massachusetts  US,648 Stark Byway Unit 39,North Andover,Massachusetts,Essex County,,00000,42.64209199968419,-71.0413744841878,54924.78,1741514.56,21461
7618bc4b-d7ff-c826-4142-6105fe256493,2010-01-09,,999-22-5946,S99977419,,,Ashlee14,Timika369,Bernier607,,,,white,nonhispanic,F,Ocean Bluff-Brant Rock  Massachusetts  US,1086 Kunze Brook Suite 25,Millbury,Massachusetts,Worcester County,,00000,42.16048843588427,-71.81840202140097,19314.36,28694.14,53780
0770fc7b-f3b7-5244-9b42-0e3473451bc9,2000-05-03,,999-23-4479,S99914929,X47906433X,Mr.,Alberto639,Jorge Luis88,Candelaria844,,,,white,hispanic,M,Havana  Havana  CU,471 Cummerata Grove,Lawrence,Massachusetts,Essex County,25009,01840,42.67411166276093,-71.17284573228206,35472.55,691240.35,31957
d5da6319-5b1a-bb66-afe2-689cf2101c0b,1998-03-07,,999-13-8051,S99981093,X93617839X,Mr.,Edmundo94,Wilfredo622,Keeling57,,,S,white,nonhispanic,M,Methuen  Massachusetts  US,273 Reilly Neck,Lynn,Massachusetts,Essex County,25009,01940,42.49212806428941,-70.9421212910871,72090.33,31780.02,58641
7654f04a-f5be-0dd1-49dd-2cecc76ee56a,1960-04-18,,999-86-5699,S99945285,X42911389X,Mrs.,Marshall526,Freda902,Conn188,,Simonis280,M,white,nonhispanic,F,Newton  Massachusetts  US,591 Bergnaum Park Suite 94,Worcester,Massachusetts,Worcester County,25027,01608,42.258739986491584,-71.82285089618225,408909.72,1228618.21,127201
71de4623-e41c-1ee3-77bc-4f4241a20b05,1951-06-10,,999-14-2551,S99914560,X19566851X,Mr.,Leandro563,,Kuhic920,,,S,white,nonhispanic,M,Wellesley  Massachusetts  US,495 Kunze Wynd Unit 64,Dedham,Massachusetts,Norfolk County,25021,02090,42.2314418066966,-71.18502359968365,22126.67,301140.98,791
3197fe5c-6c61-f69f-96f9-84d44515f997,1953-09-29,,999-65-9793,S99913802,X62761210X,Mrs.,Vanna750,Johnetta529,Hand679,,Mohr916,M,white,nonhispanic,F,Springfield  Massachusetts  US,257 O'Connell Run Suite 82,Holbrook,Massachusetts,Norfolk County,25021,02343,42.156537760481605,-71.0846399840586,96213.03,1182934.63,23695
c9928e83-03c7-5132-be2f-5990a6e44906,1977-08-18,,999-77-9478,S99965065,X30653214X,Mr.,Hal307,,Collier206,,,M,white,nonhispanic,M,Cambridge  Massachusetts  US,850 Bogisich Fort Suite 60,Easthampton,Massachusetts,Hampshire County,25015,01027,42.28363590577322,-72.65681706461253,114332.51,0.00,45866
3e53abe2-fc07-fd26-af22-4f058e869f77,1945-11-23,,999-44-7725,S99987890,X44205928X,Mrs.,Hillary281,,Jaskolski867,,Wintheiser220,D,white,nonhispanic,F,Holden  Massachusetts  US,279 Raynor Heights Suite 36,Needham,Massachusetts,Norfolk County,25021,02494,42.250933240827024,-71.24782032774748,355493.96,1253082.67,184140
ea29518b-cad4-45d2-053d-24ae2109078d,1975-07-07,,999-86-4439,S99983862,X68171552X,Ms.,Mui729,Shakira391,Oberbrunner298,,,S,white,nonhispanic,F,Peabody  Massachusetts  US,446 Cormier Center Apt 21,Stoneham,Massachusetts,Middlesex County,25017,02180,42.45990581816174,-71.06711274136744,411093.81,1542979.20,123531
59e332a7-9786-572f-2d76-6fe83ddb7dc4,2007-01-29,,999-61-6673,S99934031,,Mr.,Kurt412,Reuben327,Kulas532,,,,white,nonhispanic,M,Cambridge  Massachusetts  US,734 Mann Wall Suite 81,North Pembroke,Massachusetts,Plymouth County,25023,02358,42.054204757699516,-70.83026409886477,53078.23,8397.65,68021
5cf938d9-aa61-4aad-58bf-4599577cbf5c,1999-02-05,,999-39-4630,S99964055,X78711359X,Mr.,Fletcher87,Blake449,Hagenes547,,,,black,nonhispanic,M,Marlborough  Massachusetts  US,597 Jakubowski Wall,Boston,Massachusetts,Suffolk County,25025,02215,42.37847909754147,-71.0630428004809,86068.58,10389.10,41978
2890924b-f6b6-b7dc-2478-4455fd0b3c44,1952-08-18,,999-39-9355,S99923115,X21741550X,Mrs.,Margarita164,Yolanda648,Mateo562,,Gallardo890,M,black,hispanic,F,Bayamon  Puerto Rico  PR,704 Pacocha Camp Apt 88,Revere,Massachusetts,Suffolk County,25025,02151,42.46444060026061,-70.99568556294429,1227653.97,586931.97,61998
21a4c5c5-38f4-48a1-3ffc-c8f595a27f42,1981-12-04,,999-56-7355,S99922781,X90240884X,Mrs.,Nickie321,Donette997,Batz141,,Hand679,M,white,nonhispanic,F,Agawam  Massachusetts  US,524 Renner Station Apt 80,Norwood,Massachusetts,Norfolk County,25021,02090,42.2335822178851,-71.1645987136192,444872.25,354622.44,45515
4d4a27fb-5e0e-2775-2fb9-32d413b5ef6d,1999-04-02,,999-66-3103,S99956314,X84481029X,Mr.,Virgil85,Jame231,Lakin515,,,,white,nonhispanic,M,Taunton  Massachusetts  US,532 Brakus Mews,Boston,Massachusetts,Suffolk County,25025,02199,42.409254854543306,-70.95654389986608,5116.35,100377.33,11498
09fca1d7-669e-a50a-82e7-960c7d82f50d,2009-11-08,,999-38-9956,S99913241,,,Celia938,,Reynolds644,,,,white,nonhispanic,F,Palmer  Massachusetts  US,322 Waelchi Bridge,Taunton,Massachusetts,Bristol County,25005,02780,41.946821067144974,-71.02251352491491,57688.72,25087.03,35772
56070c85-0f68-fcc8-dfad-5c01f7f8e5e9,1959-10-02,,999-94-1992,S99990826,X46215181X,Mrs.,Sumiko254,Frank378,Bogisich202,,Beer512,M,white,nonhispanic,F,Weston  Massachusetts  US,166 Corkery Crossing Apt 9,Sharon,Massachusetts,Norfolk County,25021,02067,42.073137263772324,-71.20576646700898,515528.39,150198.21,106284
1e1b43b7-524c-1332-1e9b-d972a205b0d6,1983-12-18,,999-97-8195,S99943199,X90174402X,Mrs.,Alpha246,Viviana350,Blick895,,Hodkiewicz467,M,white,nonhispanic,F,Haverhill  Massachusetts  US,662 Gusikowski Skyway Suite 84,Hopkinton,Massachusetts,Middlesex County,25017,01748,42.2296791082043,-71.56329224176793,103278.56,23869.27,145003
eaaaac9a-a689-67d9-a0f1-b656996bce12,2017-01-10,,999-40-2170,,,,Era940,,Reinger292,,,,white,nonhispanic,F,Stoughton  Massachusetts  US,386 Ziemann Arcade,Sandwich,Massachusetts,Barnstable County,25001,02563,41.69659145683699,-70.50483115882815,34074.51,2981.22,166499
e14187be-b56a-e78c-ca55-4e9c0ae1a147,2020-07-10,,999-53-5406,,,,Alec433,Clifton91,Pacocha935,,,,white,nonhispanic,M,Rockport  Massachusetts  US,356 Bernhard Route,Fitchburg,Massachusetts,Worcester County,25027,01420,42.637825708319966,-71.84251867655638,28107.68,26588.97,84382
fddb1f32-a432-061e-0c52-da3285316611,2024-11-08,,999-28-2910,,,,Frederick289,Kyle55,Terry864,,,,white,nonhispanic,M,Haverhill  Massachusetts  US,331 Satterfield Highlands,Hopedale,Massachusetts,Worcester County,25027,01747,42.080577227628226,-71.49975752219243,7282.09,0.00,102209
fa7ea8d5-5046-732e-64c7-a02e9e70c077,1979-09-12,,999-36-9297,S99920488,X19669168X,Mr.,Normand813,Joshua658,Stark857,,,S,white,nonhispanic,M,Marlborough  Massachusetts  US,902 Reilly Course,Everett,Massachusetts,Middlesex County,25017,02149,42.412467697787534,-71.00852353122356,115970.33,9499.99,93314
eb460f5f-bc08-2d82-062c-9d6b80c341a8,1964-11-14,,999-92-9391,S99924806,X52839903X,Mr.,Wilmer32,Carol737,Macejkovic424,,,M,black,nonhispanic,M,North Attleborough  Massachusetts  US,846 Gutmann Club Unit 55,Westborough,Massachusetts,Worcester County,25027,01581,42.24718564192751,-71.6192632437422,133957.00,0.00,65043
2ae09f3f-d085-c83f-dfbb-00a1dfbdd397,1982-05-30,,999-79-4540,S99983640,X08344725X,Mr.,Robin66,,Hermiston71,,,M,white,nonhispanic,M,Nantucket  Massachusetts  US,382 Kemmer Terrace Suite 55,Mansfield,Massachusetts,Bristol County,,00000,42.026413096756826,-71.18770150579077,145598.29,573207.69,158259
b60446d4-d0be-5678-76ec-ccadd0dd935f,1977-02-22,,999-30-7396,S99936224,X77255388X,Mr.,Austin578,Manuel446,Gaylord332,,,D,white,nonhispanic,M,Harvard  Massachusetts  US,579 Carroll Parade,Marblehead,Massachusetts,Essex County,25009,01945,42.542388531085564,-70.86534984389156,42555.50,640754.57,25565
79ee50ca-9649-b3be-39ef-a8dfae07b56b,1993-08-26,,999-94-8839,S99930754,X57740428X,Mrs.,Ila598,Bobby524,Schmidt332,,Huels583,M,white,nonhispanic,F,Brookline  Massachusetts  US,883 Little Ferry,Taunton,Massachusetts,Bristol County,25005,02780,41.90294250066906,-71.00219698110203,99288.24,83032.70,66376
b50ece18-6eec-757b-ccf8-08b5cf33ae50,1959-07-02,,999-48-8843,S99954344,X75305093X,Mr.,Royal919,,Veum823,,,M,white,nonhispanic,M,Dighton  Massachusetts  US,206 Hilpert Club Apt 94,Wenham,Massachusetts,Essex County,,00000,42.641373505346195,-70.8986425997928,249417.76,149519.32,176006
f088b554-48eb-9376-daad-b2674606d65e,2021-05-23,,999-32-2338,,,,Arica110,Annie941,Swift555,,,,asian,nonhispanic,F,Marion Center  Massachusetts  US,1085 Robel Trail,Leominster,Massachusetts,Worcester County,25027,01420,42.49475106544054,-71.77994557772637,9165.14,10829.33,128733
c5970267-83b1-0ee6-c9f9-c7e4749cfc35,1991-07-23,,999-56-2781,S99989153,X30702367X,Mr.,Mason910,Jessie665,Walker122,,,M,white,nonhispanic,M,Everett  Massachusetts  US,1010 Oberbrunner Rue Apt 55,North Attleborough,Massachusetts,Bristol County,,00000,41.98406494485835,-71.30091554145747,61184.40,32454.80,34985
77566ef1-cc20-875e-b254-c7a468d99d22,1975-04-28,,999-32-7753,S99913210,X32733294X,Mr.,Orlando897,,Marquardt819,,,M,asian,nonhispanic,M,Winchendon  Massachusetts  US,814 Green Viaduct,Boston,Massachusetts,Suffolk County,25025,02215,42.347554575165525,-71.09713432976142,126004.42,22608.32,186561
c57cf9f1-7f22-fe7e-89df-27a67107620c,2006-05-15,,999-13-5042,S99986330,X81886765X,Ms.,Suellen60,Pilar644,Christiansen251,,,,white,nonhispanic,F,Boston  Massachusetts  US,1000 Labadie Annex Suite 58,Westfield,Massachusetts,Hampden County,25013,01086,42.15420104797496,-72.80379326726604,72907.53,556079.80,130028
5c1d158e-0f46-f79c-ffb1-188217e97ebc,2003-01-14,,999-89-2409,S99924413,X43869509X,Ms.,Zelda766,Keila316,Kessler503,,,,white,nonhispanic,F,Brockton  Massachusetts  US,988 Donnelly Boulevard Unit 3,Boston,Massachusetts,Suffolk County,25025,02128,42.35134619983519,-71.06946179161885,72144.78,25759.58,40769
773db33f-ea40-eb47-2724-8070b5db7ab3,1962-05-23,,999-48-6566,S99947531,X40626832X,Mrs.,Inell560,Cristie97,Steuber698,,Hettinger594,M,other,nonhispanic,F,Gloucester  Massachusetts  US,569 Schultz Arcade Suite 66,Methuen,Massachusetts,Essex County,25009,01844,42.72954491943649,-71.17080422534569,938109.72,318389.67,83856
e47389e1-e9e5-67aa-7d1d-0d8248f1b7ae,1953-11-12,,999-35-1628,S99911904,X57623409X,Mrs.,Stephaine613,Francoise850,Glover433,,Herzog843,M,white,nonhispanic,F,Framingham  Massachusetts  US,517 Beier Branch Suite 75,Amesbury,Massachusetts,Essex County,25009,01913,42.864063042838964,-71.00207066278091,367385.98,597044.73,139571
a50227c0-a314-1b8b-6eac-044e1c20cf26,1997-08-21,,999-97-6010,S99966936,X56532296X,Mrs.,Elissa919,Belia417,Bogisich202,,MacGyver246,M,white,nonhispanic,F,Medford  Massachusetts  US,644 Goldner Rapid,Reading,Massachusetts,Middlesex County,25017,01801,42.449035381142735,-71.137265397451,131489.81,367208.00,26390
dc359658-67f4-fecf-0a7c-8f6f5a845ef3,1986-04-22,,999-56-8587,S99976435,X83105932X,Mrs.,Margert370,Leslee214,Hoeger474,,Runolfsdottir785,M,asian,nonhispanic,F,Seoul  Seoul  KR,180 Doyle Ferry Apt 72,Westwood,Massachusetts,Norfolk County,,00000,42.19920243214403,-71.25149802513953,231409.49,655497.53,64436
9a5cc497-0518-ef01-51ca-95e190e39ae0,1990-05-24,,999-69-8798,S99998024,X67069214X,Ms.,Amelia635,Billye739,Kuhlman484,,,S,white,nonhispanic,F,Quincy  Massachusetts  US,231 Legros Parade Apt 39,Belchertown,Massachusetts,Hampshire County,25015,01007,42.26596230871257,-72.3773976352295,98968.02,145820.98,60724
f711f904-241e-1bde-6b78-b5803ad0a7ae,2012-01-03,,999-91-5220,,,,Shelby741,Eddy900,Zulauf375,,,,white,nonhispanic,M,North Attleborough  Massachusetts  US,479 Hand Flat,Brockton,Massachusetts,Plymouth County,25023,02301,42.0439112033057,-71.06309576364217,3183.19,55242.75,14669
7d70d760-9744-8e63-f282-b667152d4aba,1992-08-17,,999-42-9133,S99998026,X98718108X,Mrs.,Blanca837,Tamesha39,Ratke343,,Zulauf375,M,white,nonhispanic,F,Dartmouth  Massachusetts  US,539 Jenkins Approach,Brookline,Massachusetts,Norfolk County,25021,02446,42.34692813771479,-71.08433880491157,149430.28,237644.37,568424
5ac535cb-6345-e8f1-2c48-937fb6b8853d,2015-03-17,,999-75-4832,,,,Nicolas769,Michal596,Botsford977,,,,white,nonhispanic,M,Cohasset  Massachusetts  US,1041 Rolfson Park,Marshfield,Massachusetts,Plymouth County,25023,02050,42.15944087399836,-70.67562299162776,37342.56,8952.46,27952
931dcd63-1a22-e6a5-acad-49b2c47e81b3,1995-05-15,,999-98-4548,S99946161,X81694496X,Ms.,Fallon874,Tonda472,Becker968,,,S,white,nonhispanic,F,Somerville  Massachusetts  US,661 Wisozk Green,Springfield,Massachusetts,Hampden County,25013,01129,42.05418812122372,-72.54656295563895,113466.51,210254.59,137514
71988361-18fb-d8dd-40e3-33a5aa188dc4,2007-06-13,,999-46-4398,S99967282,,Ms.,Hilma831,,Klein929,,,,asian,nonhispanic,F,Salisbury  Massachusetts  US,965 VonRueden Pathway Apt 13,Lexington,Massachusetts,Middlesex County,25017,02421,42.40374712009945,-71.27602040791409,74276.18,45597.08,917920
d5f2bce6-5dcc-6d64-8d1c-57c13eea760c,1994-01-23,2017-09-19,999-25-1862,S99966050,X07363629X,Ms.,Xenia801,Amalia471,Prohaska837,,,,black,nonhispanic,F,Barnstable  Massachusetts  US,532 Hodkiewicz Terrace,Chicopee,Massachusetts,Hampden County,25013,01020,42.17180766254222,-72.56936332089283,140347.56,425817.56,68044
47016a0c-bbcd-6cbd-0a25-8ff21f3b0397,2011-05-15,,999-90-3360,,,,Jacques50,Justin359,Buckridge80,,,,white,nonhispanic,M,Worcester  Massachusetts  US,520 Tillman Brook Apt 6,Methuen,Massachusetts,Essex County,25009,01841,42.746930305031974,-71.13463475230724,55780.46,326365.12,53588
18b90cba-6c3a-749d-9cba-18561023c0d7,1957-06-05,,999-75-4208,S99959544,X59093474X,Mrs.,Joellen497,,Rowe323,,Schamberger479,M,white,nonhispanic,F,Spencer  Massachusetts  US,278 Larson Junction,Falmouth,Massachusetts,Barnstable County,25001,02540,41.53209711469037,-70.64021218854161,516022.30,821418.36,39791
67c155f4-5273-fd78-eddf-becfa8d33ef0,1987-11-12,,999-72-5235,S99988040,X28863659X,Mr.,Houston994,Wilford267,Leuschke194,,,S,white,nonhispanic,M,Waltham  Massachusetts  US,753 Lowe Promenade Apt 63,Fall River,Massachusetts,Bristol County,25005,02747,41.66267220405322,-71.15739094056012,62856.13,226367.11,23688
47445342-cad5-4112-99c7-dfeb077daccb,1982-11-22,,999-17-8619,S99914032,X64498747X,Ms.,Mike230,Shalanda398,Robel940,,,S,white,nonhispanic,F,Concord  Massachusetts  US,608 Howell Landing Unit 83,Westport,Massachusetts,Bristol County,,00000,41.580938318402815,-71.07269652251853,29839.05,779487.80,80057
3821af6a-2588-98bd-07b8-9ce4f5f98ca8,1988-10-28,,999-44-8382,S99979954,X27111986X,Mr.,Nestor901,Alec433,Braun514,,,M,white,nonhispanic,M,Boston  Massachusetts  US,372 Kozey Skyway Unit 64,Brookline,Massachusetts,Norfolk County,25017,02467,42.3936834618372,-71.06022729787868,42273.18,41909.91,548925
22a870b9-563d-c69f-2ede-cdccfa7bc99e,2016-04-27,,999-28-4813,,,,Letty680,Eloise59,Treutel973,,,,white,nonhispanic,F,Sharon  Massachusetts  US,805 Stracke Crossroad,Shrewsbury,Massachusetts,Worcester County,,00000,42.29271202965867,-71.74986637889955,19273.16,10809.67,38026
4b7b9101-965d-bd33-8e4a-620f9fc21aa1,1979-07-10,2025-08-14,999-22-3046,S99920520,X31802155X,Mr.,Neville893,,Quitzon246,,,S,white,nonhispanic,M,Quincy  Massachusetts  US,861 Hartmann Pathway,Ipswich,Massachusetts,Essex County,25009,01938,42.707458473486085,-70.86216084616869,101011.15,21357.20,815742
48130833-1635-07dc-6d77-b811546119ae,1990-01-23,,999-79-8967,S99967959,X05544316X,Mr.,Werner409,Broderick767,Raynor401,,,D,white,nonhispanic,M,Peabody  Massachusetts  US,316 Bogan Way Suite 27,North Reading,Massachusetts,Middlesex County,,00000,42.56726269170119,-71.09963319907895,77977.79,3477.67,90963
81dba8e2-bf90-6d97-9356-79407083b324,1949-12-19,,999-11-9762,S99939390,X10862112X,Mrs.,Mickie472,,Yundt842,,Beahan375,D,white,nonhispanic,F,Springfield  Massachusetts  US,915 Kertzmann Camp Suite 88,Saugus,Massachusetts,Essex County,25009,01906,42.44544082909956,-71.01607952638889,465926.03,1421616.61,48407
e2ced17f-8f9c-24c8-1d26-9f85842f6ab6,2004-06-27,,999-22-5300,S99981316,X07759613X,Ms.,Kirby843,Vernita491,Keebler762,,,,white,nonhispanic,F,Waltham  Massachusetts  US,142 Reichert Forge Apt 68,Fall River,Massachusetts,Bristol County,25005,02720,41.70980804402805,-70.99675600311116,4893.73,197402.18,18658
7cd88e34-d20f-b0b5-9756-04d97705f735,2010-09-08,,999-76-8603,,,,Arden380,Cedrick207,Durgan499,,,,black,nonhispanic,M,Agawam  Massachusetts  US,130 Torphy Course Unit 88,Wareham,Massachusetts,Plymouth County,,00000,41.733455863639676,-70.70187278988743,52898.89,4716.05,136874
9e749614-4344-20f9-1ca9-bdf1bcd3a8e9,1982-09-26,,999-92-4744,S99919804,X85948843X,Mrs.,Shantelle354,Irma773,Keebler762,,Hermiston71,M,white,nonhispanic,F,Brockton  Massachusetts  US,1098 Koch Stravenue Apt 44,Westborough,Massachusetts,Worcester County,25027,01581,42.27738188062656,-71.60450792604107,72211.69,214943.66,26239
0a9c8bcf-b56c-e9ee-e44a-ad9dd42236a8,1964-04-01,,999-15-7342,S99956057,X84341150X,Mr.,Diego848,Salvatore257,Quigley282,,,D,white,nonhispanic,M,Boston  Massachusetts  US,437 Goldner Key Apt 11,Cambridge,Massachusetts,Middlesex County,25017,02472,42.39130446233236,-71.13673071956572,284976.54,713600.64,80544
8f78eae7-0d40-8325-14e5-f744d9f407ec,1986-06-13,,999-54-9927,S99933157,X63035577X,Mrs.,Tommie457,Alicia629,Zieme486,,Hahn503,M,white,nonhispanic,F,Cambridge  Massachusetts  US,325 Dietrich Walk Suite 68,Melrose,Massachusetts,Middlesex County,25017,02176,42.45178867452199,-71.05610921370487,89164.92,263303.06,24747
9b737d79-0956-5ae6-8a6c-94adcac83439,1979-09-08,2018-05-16,999-76-4958,S99979639,X61670286X,Mr.,Clyde817,Royce974,Satterfield305,,,D,white,nonhispanic,M,Acushnet  Massachusetts  US,352 Wunsch Stravenue,Stow,Massachusetts,Middlesex County,,00000,42.4211952688537,-71.4886006955075,129156.76,128667.99,129626
5054f4e7-2f20-7a19-ff7d-3e436a61aa8b,1972-04-13,,999-60-3925,S99980584,X10473835X,Mrs.,Pricilla716,Alita891,Nolan344,,Hegmann834,D,white,nonhispanic,F,Hudson  Massachusetts  US,1054 Osinski Grove Apt 12,Leominster,Massachusetts,Worcester County,25027,01420,42.509072119220136,-71.81273663827453,395437.91,199202.48,84319
4719b662-6c7d-03e0-49c7-ef45a0cc512a,2007-08-12,,999-42-7103,S99995865,,Ms.,Deborah357,Roxanne257,Price929,,,,white,nonhispanic,F,Billerica  Massachusetts  US,224 Ankunding Grove Suite 23,Gloucester,Massachusetts,Essex County,25009,01930,42.620378597730465,-70.67217237373967,50125.48,0.00,87672
96cc64fd-e70d-0c02-5a50-310d9eb1bce2,1988-12-06,,999-97-7329,S99981371,X64581581X,Mr.,Marcellus830,Barton704,Wilkinson796,,,S,white,nonhispanic,M,Boston  Massachusetts  US,882 Hilpert Rue Apt 81,Lowell,Massachusetts,Middlesex County,25017,01851,42.66626365775041,-71.30643205878968,74918.43,5452.79,44115
0f9a3fd9-011e-3bf3-5bce-a38e1beec5ff,1942-12-19,1999-09-11,999-32-9393,S99965281,X50629692X,Mr.,Eldridge510,Claud279,Davis923,,,M,white,hispanic,M,Millis-Clicquot  Massachusetts  US,148 Terry Vista,Hardwick,Massachusetts,Worcester County,,00000,42.39852609472429,-72.24484438234259,9831.38,152876.80,11875
172385fb-6f0d-395a-22fe-681d21d7f783,2003-07-06,,999-38-5871,S99950074,X93918445X,Mr.,Son314,Jean712,Spencer878,,,,white,nonhispanic,M,Melrose  Massachusetts  US,648 Douglas Parade Apt 78,Orange,Massachusetts,Franklin County,25011,01364,42.5868447828786,-72.3090840199383,2965.98,50302.30,18000
71b44395-88d7-5b76-d0b7-b371d763dadf,1944-11-15,,999-21-5604,S99974621,X40717071X,Ms.,Thersa321,,Goldner995,,,S,white,nonhispanic,F,Lakeville  Massachusetts  US,161 Schulist Rest,North Attleborough,Massachusetts,Bristol County,,00000,42.002071359763164,-71.34001893722336,440349.68,1451473.19,174562
492d4b4d-b4cd-820f-245f-3a1c56e26146,1994-01-23,,999-22-8758,S99969561,X07523429X,Mrs.,Reginia455,Terrilyn343,Jacobi462,,Bergnaum523,M,black,nonhispanic,F,Braintree  Massachusetts  US,802 Cormier Port,Chicopee,Massachusetts,Hampden County,25013,01013,42.20889077429287,-72.58646512306474,179085.90,587075.24,68044
1b587bf7-8807-a4a9-28a9-3f92c252ce09,1993-07-09,,999-58-4424,S99953177,X41870883X,Mr.,Jimmie93,Kent912,Gerhold939,,,M,white,nonhispanic,M,South Hadley  Massachusetts  US,583 Bradtke Vista,Boston,Massachusetts,Suffolk County,25017,02467,42.30758215852623,-71.1414253735129,87822.36,6353.27,74958
21a1fd1b-124a-5645-ef57-2948c95b6dab,1979-07-10,,999-81-8545,S99925841,X19108481X,Mr.,Zachariah133,Bill567,Beer512,,,M,white,nonhispanic,M,Haverhill  Massachusetts  US,661 Douglas Dale Unit 94,Ipswich,Massachusetts,Essex County,25009,01938,42.717288943818396,-70.82631260610184,90221.68,8639.91,815742
6698f13b-9939-a131-d12d-b214726c4fd0,1977-02-04,,999-49-7603,S99967696,X20760540X,Ms.,Merideth332,Robbyn526,Connelly992,,,S,white,nonhispanic,F,New Salem  Massachusetts  US,414 Morissette Annex,Westwood,Massachusetts,Norfolk County,,00000,42.252919904946225,-71.22918741278227,37484.00,1044352.20,95695
218f599d-14f1-dcc8-5cd8-5599940ae539,1988-11-15,,999-34-7210,S99960323,X16342785X,Mrs.,Nellie325,Lisa683,Walter473,,Maggio310,M,white,nonhispanic,F,Franklin  Massachusetts  US,282 Ritchie Parade Unit 56,Easthampton,Massachusetts,Hampshire County,25015,01027,42.29332924536354,-72.78717099100605,191032.89,380771.27,85438
162cb50a-8bd6-9dea-b957-b6eed712ebfa,2006-01-15,,999-59-9036,S99994031,X38697527X,Ms.,Emerita401,Maud851,Bahringer146,,,,white,nonhispanic,F,Revere  Massachusetts  US,190 Bashirian Avenue Apt 40,Leominster,Massachusetts,Worcester County,25027,01420,42.49954216994117,-71.81231087642166,87940.07,107628.08,73589
aa70232a-8c78-9c91-df08-a07e1ce9035b,1996-01-27,,999-65-4314,S99968785,X96009467X,Mr.,Javier97,Armando772,Ceja441,,,S,white,hispanic,M,Santo Domingo  National District  DO,555 Rutherford Branch,Quincy,Massachusetts,Norfolk County,25021,02170,42.26933683167896,-70.98380237507027,67827.25,24856.22,68122
5d9fe29a-2227-6278-5d37-cec48e09c4c0,1976-06-18,,999-38-6034,S99942586,X99384254X,Mr.,Faustino767,Sandy901,Beahan375,,,D,white,nonhispanic,M,Brookline  Massachusetts  US,910 Schulist Green Apt 19,Hingham,Massachusetts,Plymouth County,25023,02043,42.25729406561827,-70.90255518577776,394081.55,304958.28,53953
31f2b53b-a5bf-0128-4c7c-e94549f6fff2,1972-10-03,,999-17-1475,S99938165,X92620725X,Mrs.,Marcella377,Kaye394,MacGyver246,,Schulist381,D,white,nonhispanic,F,Sterling  Massachusetts  US,623 Swift Green Apt 62,Rockland,Massachusetts,Plymouth County,,00000,42.08356491667378,-70.90090182602633,469645.40,108997.08,85627
9eba6151-d2d7-afa6-da56-b69c2fa69998,2022-04-25,,999-70-7875,,,,Katheleen349,Emelia239,Brekke496,,,,white,hispanic,F,Great Barrington  Massachusetts  US,959 D'Amore Dale Suite 48,Whitinsville,Massachusetts,Worcester County,25027,01588,42.16145648830496,-71.71216804098644,13137.36,2668.06,61364
e318bb47-7157-c5e6-5368-a47a77c567fd,2021-02-16,,999-61-1347,,,,Loree183,Shela13,Hayes766,,,,white,nonhispanic,F,Revere  Massachusetts  US,215 Pfannerstill Mews,Peabody,Massachusetts,Essex County,25009,01960,42.539892071746344,-70.96143743634087,999.15,13994.51,12599
775f2107-6e76-4b60-140c-f67c866db6f0,1946-02-03,,999-90-3208,S99969054,X96747017X,Mrs.,Mercedez75,,Mohr916,,Ebert178,D,white,nonhispanic,F,Worcester  Massachusetts  US,402 Mertz Landing,Quincy,Massachusetts,Norfolk County,25021,02186,42.26540443507905,-71.06340809096277,619197.27,806764.72,44516
d8c97a35-1b7b-adce-7568-a6d62ca87cf4,1978-12-26,,999-88-1203,S99992617,X14466339X,Mrs.,Odelia236,Debrah72,Tillman293,,Larson43,D,white,nonhispanic,F,Boston  Massachusetts  US,397 Kunze Rue,Plymouth,Massachusetts,Plymouth County,25023,02360,41.92403098333543,-70.62671733508839,345788.42,335418.87,35160
566ad011-f827-9244-f98c-4eced016a62d,1918-10-02,,999-52-4762,S99936444,X44708874X,Mr.,Preston275,Bart73,Walsh511,,,S,white,nonhispanic,M,Clinton  Massachusetts  US,472 Block Landing,Norfolk,Massachusetts,Norfolk County,,00000,42.12381865025974,-71.29130306655266,161833.10,432140.54,837563
7e86f9e2-fe16-e8da-7356-a3e2354745bc,1981-07-25,,999-80-3589,S99928785,X55928862X,Mr.,Ira784,Guillermo498,O'Hara248,,,D,white,nonhispanic,M,Amherst Center  Massachusetts  US,660 Schmitt Lane,Attleboro,Massachusetts,Bristol County,25005,02703,41.87631450716441,-71.31537239066036,466696.60,283030.65,46260
e0052607-a687-43af-1410-0453f526bf9b,1978-12-27,,999-89-6848,S99987438,X27677526X,Mrs.,Brandi2,Geralyn932,Fay398,,Miller503,W,white,nonhispanic,F,Scituate  Massachusetts  US,647 Dach Frontage road,Egremont,Massachusetts,Berkshire County,,00000,42.19908744073893,-73.440458768991,265928.27,539892.63,129689
36e34127-13b1-5c83-66e9-60b527c1f4c4,2026-08-10,,999-70-8476,,,,Laverne101,Saul605,Gutmann970,,,,white,nonhispanic,M,Beverly  Massachusetts  US,205 Waelchi Lock Suite 23,Hopkinton,Massachusetts,Middlesex County,25017,01748,42.17807729822634,-71.50759809646738,347.38,0.00,128787
2a8c8492-9069-6b57-bfae-ca354305a8e1,2004-06-16,,999-63-2848,S99985604,X06012440X,Mr.,Fred155,,Reilly981,,,,white,nonhispanic,M,Braintree  Massachusetts  US,739 Gorczany Meadow,Acton,Massachusetts,Middlesex County,,00000,42.47953927493706,-71.46582508757574,35152.26,31736.30,196559
1ec5fc85-cecf-068e-d81d-28f2cccea121,1986-04-16,,999-37-8328,S99927366,X39189696X,Mr.,Jesus702,Raleigh478,Jacobson885,,,M,white,hispanic,M,Medford  Massachusetts  US,555 McClure Flat Apt 36,Boston,Massachusetts,Suffolk County,25025,02122,42.37363908190073,-71.01764693144118,115178.51,634416.34,990223
b2650150-9fe1-18af-fcb9-2b10d5fe86fe,1969-10-27,,999-62-1485,S99931401,X04733357X,Mrs.,Josefina523,Ester635,Almonte426,,Pineda243,M,white,hispanic,F,Juarez  Chihuahua  MX,1046 Rutherford Plaza,Swansea,Massachusetts,Bristol County,,00000,41.73742190162632,-71.24294518979966,697453.31,222992.44,97143
d2d75c67-142f-44e7-b0f1-90cd74e90b95,2001-04-11,,999-77-9551,S99915565,X11068845X,Ms.,Ilse197,Melony418,Kris249,,,,white,nonhispanic,F,Westford  Massachusetts  US,970 Considine Forge,Lowell,Massachusetts,Middlesex County,25017,01851,42.621535456838,-71.32318852246028,71939.78,177956.10,27728
7f212a4b-699a-d170-92b8-b5ab4b871aa2,1988-01-31,,999-55-9748,S99991468,X79854250X,Mr.,Lewis216,Rolland302,Buckridge80,,,M,white,nonhispanic,M,Westfield  Massachusetts  US,778 Stroman Annex Unit 86,Needham,Massachusetts,Norfolk County,25021,02494,42.32041583542164,-71.26564372143153,55732.61,701939.01,50303
16ab3c49-41fa-817f-9a81-0e09e526acdb,1973-01-23,,999-61-6957,S99987390,X83098429X,Mr.,Luciano237,Randy380,Gutmann970,,,M,white,nonhispanic,M,Newton  Massachusetts  US,533 Gutkowski Rapid Suite 2,Everett,Massachusetts,Middlesex County,25017,02149,42.365461949636185,-71.04465452239447,11848.77,149627.50,20747
47c2d3da-bc92-f551-7d13-c2ce96f128c5,2015-12-01,,999-64-1118,,,,Isabel214,Carlota980,Frías523,,,,asian,hispanic,F,Kingston  Kingston  JM,695 Kuhlman Forge,Melrose,Massachusetts,Middlesex County,25017,02176,42.47263826654832,-71.04907974065947,29475.46,0.00,74588
958efc17-1c4e-73db-fe10-c98877c37475,2000-04-29,,999-85-2672,S99994377,X36732724X,Ms.,Shavon903,Lorilee250,Stamm704,,,,black,hispanic,F,Brookline  Massachusetts  US,871 Mayer Track,Chelsea,Massachusetts,Suffolk County,25025,02151,42.413535780619036,-70.95221414394031,174458.20,952805.02,47063
c1ddda66-8ee9-3057-77a7-fa43505225bf,1979-09-08,,999-46-1787,S99943429,X34687144X,Mr.,Clint766,Sheldon401,Frami345,,,M,white,nonhispanic,M,Swansea  Massachusetts  US,337 Pagac Plaza Suite 39,Stow,Massachusetts,Middlesex County,,00000,42.40540115209618,-71.54104754042115,141701.55,14256.38,129626
fcc95918-bf77-f064-bde6-e5f357f80471,1987-10-28,,999-74-1845,S99997402,X50897919X,Mr.,Reinaldo138,Gerald181,Spencer878,,,M,white,nonhispanic,M,Peabody  Massachusetts  US,508 Champlin Fork Suite 1,Fairhaven,Massachusetts,Bristol County,,00000,41.652642129887155,-70.90768922830672,91772.72,10610.82,144651
6b994e3b-b71b-1096-27ca-8eb4f51439ed,1985-06-16,,999-75-7520,S99958390,X44030975X,Mrs.,Hortense60,Charita800,Keebler762,,Wilderman619,M,black,nonhispanic,F,Worcester  Massachusetts  US,346 Leannon Trafficway Apt 93,Boston,Massachusetts,Suffolk County,25017,02467,42.329099807627735,-71.03562675585951,14113.54,864942.83,15079
fb89ee6b-88db-d0b2-1ff9-92ff44f3afd1,1970-12-15,,999-64-9165,S99918106,X97933318X,Mr.,Sylvester827,Modesto621,Glover433,,,M,white,nonhispanic,M,Dartmouth  Massachusetts  US,635 Raynor Camp,Whitinsville,Massachusetts,Worcester County,25027,01588,42.095372620725485,-71.67424293752494,145331.21,17931.13,144540
9056f29f-921e-796d-204c-107b6eb82d83,1962-07-23,,999-57-5175,S99940169,X49608504X,Mr.,Kieth891,Bradford382,Langworth352,,,M,white,nonhispanic,M,Boston  Massachusetts  US,149 Schaefer Landing Suite 6,Easton,Massachusetts,Bristol County,,00000,42.04897552821975,-71.11465762437855,392956.56,360308.98,55396
17ef6d33-751f-4eb2-8d1d-babcc11e2583,2022-04-04,,999-61-9726,,,,Cyrus914,,VonRueden376,,,,white,nonhispanic,M,Randolph  Massachusetts  US,1033 White Mews Suite 32,Lawrence,Massachusetts,Essex County,25009,01843,42.70904082149703,-71.21048805341958,817.65,15556.92,7913
cdcd431d-70b5-56ff-d9bf-7e3a57685874,1984-08-05,1986-12-15,999-96-9564,,,,Janna498,,Kris249,,,,white,nonhispanic,F,East Sandwich  Massachusetts  US,496 O'Hara Trafficway Unit 62,Haverhill,Massachusetts,Essex County,25009,01830,42.770245277773064,-71.05763133083613,42055.90,734.67,40273
f22948f6-dab1-1af7-cb57-3e35ba88aecd,1942-12-19,,999-36-9005,S99970839,X95416268X,Mr.,Denis399,Ernesto186,Jerde200,,,S,white,hispanic,M,Longmeadow  Massachusetts  US,742 Hand Mews,Hardwick,Massachusetts,Worcester County,,00000,42.347024620752755,-72.1755140288385,16418.02,344704.28,11875
8bf67464-e774-bcce-5a83-c4ca2db2d558,2016-09-20,,999-46-1664,,,,Ernesto186,Miguel Ángel46,Irizarry542,,,,white,hispanic,M,Ponce  Puerto Rico  PR,559 Mosciski Highlands,Worcester,Massachusetts,Worcester County,25027,01606,42.316488841222736,-71.74211212207986,14875.26,12369.66,127219
0fee6909-a339-101d-9393-0a168767e091,1999-04-25,,999-69-7662,S99962189,X96674094X,Mr.,Robert854,Tom274,Willms744,,,,black,nonhispanic,M,Brookline  Massachusetts  US,937 Armstrong Underpass,Hudson,Massachusetts,Middlesex County,25017,01749,42.3941191031022,-71.57170054303519,103250.78,0.00,45522
51019021-dce7-1610-529d-23c17dc194e9,1963-03-22,,999-94-4696,S99984024,X00353586X,Mr.,Leif534,Orlando897,Yost751,,,M,white,nonhispanic,M,Methuen  Massachusetts  US,173 Simonis Track Suite 65,Taunton,Massachusetts,Bristol County,25005,02780,41.86896696960601,-71.02010363393549,159089.77,32386.65,105409
da20b940-1bd3-1932-929d-d7fd062eef67,2013-09-04,,999-75-3471,,,,Collin529,,Cartwright189,,,,white,nonhispanic,M,Watertown  Massachusetts  US,378 Swaniawski Boulevard,Worcester,Massachusetts,Worcester County,25027,01605,42.31476319200381,-71.80533439410092,25811.49,21199.28,41635
15884a09-9d80-f44d-f771-74d8870b374c,1990-05-09,,999-68-2768,S99962601,X31917571X,Mrs.,Diedre599,Ashlea10,Torp761,,Bashirian201,M,white,nonhispanic,F,Peabody  Massachusetts  US,1096 Mueller Track Unit 84,Newton,Massachusetts,Middlesex County,25017,02458,42.30884646244585,-71.28618216598707,135134.25,705958.19,955009
645b519b-617a-33d1-d6ec-1e75f22ca48a,1968-08-21,,999-40-7820,S99960225,X95466422X,Mrs.,Alejandra902,Emilia403,Menchaca276,,Valverde277,M,black,nonhispanic,F,Gaudalajara  Jalisco  MX,1063 Maggio Vista,Boston,Massachusetts,Suffolk County,25017,02467,42.32662238150184,-71.0755368230896,580470.68,153665.41,75502
1f7decf4-d254-10eb-df5d-f75697547ee6,1986-02-13,,999-62-9723,S99914180,X18821461X,Mr.,Dwain139,Augustus49,Boyer713,,,M,white,nonhispanic,M,Millbury  Massachusetts  US,770 Hilll Park Suite 94,Wakefield,Massachusetts,Middlesex County,25009,01940,42.48752497894391,-71.06387884791874,78159.43,8656.26,54718
0b91bb49-4ba9-e26e-2300-1d1e648db803,2015-11-25,,999-50-2218,,,,Nestor901,Vito638,Haag279,,,,white,nonhispanic,M,Dracut  Massachusetts  US,305 Kshlerin Light,Pinehurst,Massachusetts,Middlesex County,25017,01866,42.51860941701515,-71.26711223342899,23927.25,22918.80,64433
fd27c5c4-c0ce-b1dc-b0ea-e4646ad01c6d,1962-06-29,,999-27-4881,S99912538,X73852109X,Mrs.,Phylis163,Sabina296,Bins636,,Klein929,M,black,nonhispanic,F,Amherst Center  Massachusetts  US,709 Mosciski Fork Apt 41,Boston,Massachusetts,Suffolk County,25025,02113,42.338617067366215,-71.12782545205538,646715.89,251145.35,67436
366f8266-0eb5-e0cd-8c71-c0a0999f334f,1979-04-29,,999-66-3156,S99967723,X31250465X,Mr.,Garret233,Randolph418,McCullough561,,,D,black,nonhispanic,M,Wrentham  Massachusetts  US,767 Willms Alley,Attleboro,Massachusetts,Bristol County,44007,02861,41.974944990529465,-71.27082603998012,137146.54,180.75,75643
2485e82f-cda0-cc2d-3c75-03e955725bca,1952-09-01,2011-02-02,999-24-2254,S99993982,X99796328X,Ms.,Sandy901,,Bashirian201,,,S,white,nonhispanic,F,Bridgewater  Massachusetts  US,830 Okuneva Pathway,Amherst Center,Massachusetts,Hampshire County,,00000,42.3714066079484,-72.52725854322493,986762.43,3435276.66,5055
239c2536-b092-aece-ec3e-3b35b745d6bb,1989-04-29,,999-28-7707,S99920455,X86781370X,Mrs.,Florrie453,,Nolan344,,Smitham825,M,white,nonhispanic,F,Springfield  Massachusetts  US,501 Sanford Well Apt 18,Cambridge,Massachusetts,Middlesex County,25017,02141,42.38189182887832,-71.1178157432448,11273.58,658058.39,9395
617201d9-13b2-269d-3d4c-4b21401e8a48,1983-03-01,,999-95-4479,S99983123,X04454025X,Mr.,Gilberto712,Julio255,Bechtelar572,,,M,white,nonhispanic,M,Boston  Massachusetts  US,1098 Predovic Highlands Apt 79,Agawam,Massachusetts,Hampden County,25013,01030,42.03976618078902,-72.61985904163589,99724.55,9228.95,56164
2bbe306c-da20-8826-c2cf-3d07ba5c1708,1984-08-05,,999-86-2434,S99961776,X70645362X,Mrs.,Heidy529,Amal279,Hegmann834,,Kunde533,D,white,nonhispanic,F,Sudbury  Massachusetts  US,189 Hilpert Underpass Suite 45,Haverhill,Massachusetts,Essex County,25009,01832,42.74852010472435,-71.1273985496257,183175.07,793532.80,40273
40de9eed-b8c0-60ec-f4fd-0579b914e9e9,1978-03-09,,999-11-3309,S99945625,X20803630X,Mr.,Jake169,,Hills818,,,M,white,nonhispanic,M,Wakefield  Massachusetts  US,563 Volkman Boulevard,Worcester,Massachusetts,Worcester County,25027,01604,42.18805639368151,-71.83088073546791,19716.64,239772.46,7259
2b1004c5-be41-518a-cac9-a9e4d22df316,1960-11-28,,999-75-8033,S99933488,X51372017X,Mr.,Jeremy766,,Green467,,,M,white,hispanic,M,Burlington  Massachusetts  US,779 Nitzsche Walk Suite 94,Northborough,Massachusetts,Worcester County,25027,01532,42.37106460660686,-71.63076763402347,189403.79,131267.95,705197
9228303e-aab7-e873-1ea4-dba946047158,1946-02-28,2000-10-12,999-32-5197,S99947568,X43057011X,Mr.,Tomás404,Sancho742,Gaitán874,,,M,white,hispanic,M,Puebla  Puebla  MX,995 Conroy Viaduct,Gloucester,Massachusetts,Essex County,25009,01930,42.653463132201296,-70.70560640131386,484106.56,310842.56,82204
5dce019b-b91d-558a-1b61-c85ea493b3d9,1974-03-29,,999-33-3858,S99926829,X80167944X,Mrs.,Mike230,,Stamm704,,Conroy74,M,white,nonhispanic,F,Quincy  Massachusetts  US,274 Feeney Boulevard Unit 1,Boston,Massachusetts,Suffolk County,25025,02109,42.34957469046244,-71.04976272037551,198611.44,524563.50,628306
9b36585c-cab6-15a2-5366-b57f40c4f2ab,1966-12-09,,999-48-7990,S99921843,X47556357X,Mrs.,Loris321,Rosaria177,Hayes766,,Treutel973,D,white,nonhispanic,F,Hardwick  Massachusetts  US,1044 Crona Route,North Scituate,Massachusetts,Plymouth County,25023,02060,42.20204900927349,-70.7235372650243,223461.06,325299.36,457921
531d0221-da15-d3e9-58d8-8df49c678df1,1969-03-30,,999-95-7997,S99993789,X49184886X,Ms.,Kimberli643,Vinnie529,Pollich983,,,S,white,nonhispanic,F,Lawrence  Massachusetts  US,982 Runolfsdottir Frontage road,Wales,Massachusetts,Hampden County,,00000,42.07767364594935,-72.22899264484052,677595.97,475900.76,55210
28891ada-49eb-ab96-e0af-ea174eed588c,1963-12-11,2017-02-22,999-71-1778,S99983842,X07959989X,Mr.,Blake449,Charley358,Hirthe744,,,M,white,nonhispanic,M,Lowell  Massachusetts  US,547 Fisher Dam Apt 49,Saugus,Massachusetts,Essex County,25009,01906,42.516671927402065,-71.03314199048248,303675.54,2837734.79,87202
12736bcb-4645-6af5-10b7-9d3b53dc85d2,1972-12-03,2025-05-16,999-98-3047,S99917221,X17965103X,Mrs.,Na515,Raymond398,Wiegand701,,Prohaska837,M,black,nonhispanic,F,Boston  Massachusetts  US,1008 Harvey Throughway Suite 59,Millville,Massachusetts,Worcester County,,00000,41.98915542138924,-71.56084264272813,798830.18,420478.24,50430
c60dce4c-cf48-b8d4-c812-95c0498aa7c7,1943-09-28,,999-98-4708,S99919355,X55930891X,Mrs.,Steffanie515,Yulanda554,Conn188,,Ernser583,D,white,nonhispanic,F,Everett  Massachusetts  US,369 Huel Walk,West Boylston,Massachusetts,Worcester County,,00000,42.382513183501295,-71.76179579910594,1644826.44,1156009.79,62515
c9b9cac6-a686-042e-9eec-50969ac494d6,1957-04-02,2009-11-05,999-44-8932,S99919963,X09661192X,Ms.,Chastity705,Julia241,Breitenberg711,,,S,white,nonhispanic,F,Acushnet  Massachusetts  US,259 Haley Flat Unit 77,Dover,Massachusetts,Norfolk County,25021,02030,42.265127400952835,-71.28983994587536,216100.05,1504867.05,262600
04dbd363-6669-18f2-f258-f7a61e4c3531,1952-09-01,1999-10-28,999-84-8364,S99919580,X62007106X,Mrs.,Arvilla101,Coralie787,Reynolds644,,Wiza601,M,white,nonhispanic,F,Amherst Center  Massachusetts  US,525 Langworth Orchard Suite 41,Amherst Center,Massachusetts,Hampshire County,,00000,42.360073584553724,-72.53786488004634,16866.84,635128.80,5055
4fa2fad3-75cc-e8cf-be89-e45871defa59,1972-12-03,,999-94-6071,S99951337,X10235294X,Mrs.,Lavonda853,Leora789,Leuschke194,,Spinka232,M,black,nonhispanic,F,Foxborough  Massachusetts  US,1023 Blanda Promenade,Millville,Massachusetts,Worcester County,,00000,42.05047717565223,-71.57590362269559,955854.02,233400.47,50430
56e164a8-890f-16b6-7738-ca523067281d,1952-10-17,2016-10-07,999-78-4177,S99990846,X12797925X,Mr.,Emilio417,Clarence5,Runte676,,,M,white,nonhispanic,M,Tewksbury  Massachusetts  US,918 Russel Grove Suite 46,Tyringham,Massachusetts,Berkshire County,,00000,42.23422396224173,-73.14686833883412,189749.45,814749.67,25887
d250d25b-33f7-9eed-b413-aa4407ff9a0c,1957-04-02,,999-85-7666,S99917858,X42392452X,Mrs.,Brigida296,Malinda718,Gerhold939,,O'Conner199,D,white,nonhispanic,F,Agawam  Massachusetts  US,1043 Stracke Common Suite 93,Dover,Massachusetts,Norfolk County,25021,02030,42.24307618110267,-71.31476903583162,240969.50,443541.16,262600
03f7bdcb-d529-d0a2-656e-3398e7154c72,1963-12-11,,999-69-7227,S99930833,X29973698X,Mr.,Brett333,Arthur650,Reichert620,,,M,white,nonhispanic,M,Leominster  Massachusetts  US,333 Hessel Village,Saugus,Massachusetts,Essex County,25009,01906,42.4236460151519,-70.98792918530033,94969.26,43157.37,87202
a446c18c-354c-cd8f-8d6b-2b815402d0a2,1946-02-28,,999-85-6452,S99989985,X12417628X,Mr.,Rafael239,Miguel Ángel46,Quintero729,,,D,white,hispanic,M,Buenos Aires  Ciudad de Buenos Aires  AR,577 O'Reilly Stravenue,Gloucester,Massachusetts,Essex County,25009,01930,42.610690973827325,-70.67864291382489,105622.28,209840.20,82204
56bacbb6-1ca2-7970-c10b-6ff55ec4c28e,1963-02-11,,999-15-3608,S99946073,X01164966X,Mr.,Dwain139,Donovan745,Huels583,,,M,white,nonhispanic,M,Lynn  Massachusetts  US,273 Douglas Wynd Apt 46,Chicopee,Massachusetts,Hampden County,25013,01013,42.20883571365657,-72.55219186980723,280202.37,427576.03,28999
fda2036f-0cb3-b3dc-88b3-7917a7a4ba7a,1964-02-24,2020-06-01,999-77-5317,S99917581,X37898713X,Mr.,Michal596,Lynwood354,Feil794,,,S,white,nonhispanic,M,Easthampton  Massachusetts  US,847 Weissnat Ramp Suite 81,Waltham,Massachusetts,Middlesex County,25017,02451,42.338296592844756,-71.26601686280829,187993.07,3350719.98,52096
e58ad1a7-1ac8-c736-4e55-bd2539fba3cf,1952-10-17,,999-38-7424,S99952104,X57843194X,Mr.,Albert312,,Bergnaum523,,,M,white,nonhispanic,M,Goshen  Massachusetts  US,320 Hansen Highlands Suite 18,Tyringham,Massachusetts,Berkshire County,,00000,42.21454266862907,-73.20732694069609,116702.45,225957.63,25887
ef80148e-b343-a0a3-acf9-56f7a5fa7f06,1938-12-19,2012-07-27,999-21-9678,S99988912,X72896294X,Mr.,Devin82,Ahmed109,Wuckert783,,,S,white,nonhispanic,M,Belmont  Massachusetts  US,1024 Raynor Overpass,Natick,Massachusetts,Middlesex County,,00000,42.28886249643446,-71.38412692012264,298232.72,817133.84,31217
3b812729-cc64-2468-27b3-7901d3b5bccc,1964-02-24,,999-88-6023,S99925013,X92862841X,Mr.,Ken316,Herbert830,Heidenreich818,,,D,white,nonhispanic,M,Hull  Massachusetts  US,923 Schroeder Route,Waltham,Massachusetts,Middlesex County,25017,02452,42.34822434785671,-71.25389180604392,198939.68,111987.90,52096
272afcc9-5e8b-a4be-4a60-81926110ca1a,1965-08-20,2009-01-16,999-52-8636,S99960277,X97656264X,Mr.,Herb645,Rod343,Gleason633,,,S,white,nonhispanic,M,Fitchburg  Massachusetts  US,326 Ward Club Suite 28,Pittsfield,Massachusetts,Berkshire County,25003,01201,42.45650484510572,-73.22757641429806,60492.41,733840.29,18262
faacc85f-7900-b92d-8e83-5e1892249185,1938-12-19,,999-33-8022,S99931507,X21115038X,Mr.,Parker433,Fidel864,Murphy561,,,M,white,nonhispanic,M,Boston  Massachusetts  US,926 Marquardt Arcade Unit 14,Natick,Massachusetts,Middlesex County,,00000,42.28718201812247,-71.3706555501328,145938.52,233220.16,31217
ab177815-40b7-e74d-169d-3b07ac4f0938,1965-08-20,,999-29-6246,S99941536,X12988715X,Mr.,Hiram237,Demetrius568,Wolf938,,,S,white,nonhispanic,M,Beverly  Massachusetts  US,421 Armstrong Key,Pittsfield,Massachusetts,Berkshire County,25003,01201,42.45861889014149,-73.2962011860983,12838.95,188173.65,18262
96d1873e-c35b-a193-d188-250b03e47405,1952-09-01,2020-05-01,999-49-3501,S99916137,X70748438X,Mrs.,Wendolyn786,Sunni15,Wehner319,,Feest103,M,white,nonhispanic,F,Norton  Massachusetts  US,950 Schamberger Station Apt 3,Amherst Center,Massachusetts,Hampshire County,,00000,42.4118001376646,-72.55518925545039,228349.35,1604669.37,5055
677658c6-0daa-37bb-6786-6d9167c13bbe,1952-09-01,2011-11-02,999-48-8406,S99923692,X84137267X,Mrs.,Buffy238,Willie882,Blick895,,Ortiz186,W,white,nonhispanic,F,Somerville  Massachusetts  US,217 Abshire Rue,Amherst Center,Massachusetts,Hampshire County,,00000,42.35014352332421,-72.47759711084488,17879.22,992304.62,5055
04f797ff-cbe3-c89e-37bf-54f461755518,1952-09-01,,999-62-9001,S99945248,X06631947X,Mrs.,Trudy596,Sima34,Rau926,,Padberg411,D,white,nonhispanic,F,Danvers  Massachusetts  US,1074 Howe Viaduct Suite 54,Amherst Center,Massachusetts,Hampshire County,,00000,42.40883671574214,-72.52266028754434,19330.39,973320.63,5055
